Created by PLY version 3.11 (http://www.dabeaz.com/ply)

Unused terminals:

    BLACK_FLAG
    BLUE_FLAG
    ENDGRID
    GRID
    LAP_NOTE
    PADDOCK
    RED_FLAG
    SAFETY_IN
    SAFETY_OUT
    UNDERCUT_KW

Grammar

Rule 0     S' -> translation_unit
Rule 1     translation_unit -> main_program
Rule 2     translation_unit -> function_list main_program
Rule 3     translation_unit -> main_program function_list
Rule 4     translation_unit -> function_list main_program function_list
Rule 5     function_list -> function_definition
Rule 6     function_list -> function_list function_definition
Rule 7     main_program -> RACE_START GARAGE block_item_list READY
Rule 8     main_program -> RACE_START GARAGE READY
Rule 9     function_definition -> STRATEGY type_specifier ID CORNER parameter_list APEX compound_statement
Rule 10    function_definition -> STRATEGY type_specifier ID CORNER APEX compound_statement
Rule 11    function_definition -> STRATEGY NEUTRO ID CORNER parameter_list APEX compound_statement
Rule 12    function_definition -> STRATEGY NEUTRO ID CORNER APEX compound_statement
Rule 13    parameter_list -> parameter_declaration
Rule 14    parameter_list -> parameter_list ALSO parameter_declaration
Rule 15    parameter_declaration -> type_specifier ID
Rule 16    type_specifier -> LAP
Rule 17    type_specifier -> SPLIT
Rule 18    type_specifier -> PITBOARD
Rule 19    type_specifier -> YELLOW_FLAG
Rule 20    type_specifier -> RADIO
Rule 21    compound_statement -> GARAGE block_item_list READY
Rule 22    compound_statement -> GARAGE READY
Rule 23    block_item_list -> block_item
Rule 24    block_item_list -> block_item_list block_item
Rule 25    block_item -> declaration
Rule 26    block_item -> statement
Rule 27    declaration -> type_specifier ID SETUP expression STOP
Rule 28    declaration -> type_specifier ID STOP
Rule 29    declaration -> VSC type_specifier ID SETUP expression STOP
Rule 30    statement -> expression_statement
Rule 31    statement -> compound_statement
Rule 32    statement -> selection_statement
Rule 33    statement -> iteration_statement
Rule 34    statement -> jump_statement
Rule 35    statement -> io_statement
Rule 36    statement -> end_statement
Rule 37    expression_statement -> expression STOP
Rule 38    expression_statement -> STOP
Rule 39    selection_statement -> STRATEGY_CHECK CORNER expression APEX compound_statement
Rule 40    selection_statement -> STRATEGY_CHECK CORNER expression APEX compound_statement STAY_OUT compound_statement
Rule 41    selection_statement -> STRATEGY_CHECK CORNER expression APEX compound_statement STAY_OUT selection_statement
Rule 42    selection_statement -> GAP_CHECK CORNER expression APEX GARAGE case_list READY
Rule 43    selection_statement -> PITWALL CORNER expression APEX GARAGE case_list READY
Rule 44    case_list -> case_item
Rule 45    case_list -> case_list case_item
Rule 46    case_item -> SECTOR expression MARSHALL block_item_list
Rule 47    case_item -> NO_DATA MARSHALL block_item_list
Rule 48    iteration_statement -> PUSH CORNER expression APEX compound_statement
Rule 49    iteration_statement -> BOX compound_statement PUSH CORNER expression APEX STOP
Rule 50    iteration_statement -> FORMATION_LAP CORNER for_init expression for_semi expression APEX compound_statement
Rule 51    iteration_statement -> FORMATION_LAP CORNER for_init expression for_semi APEX compound_statement
Rule 52    iteration_statement -> FORMATION_LAP CORNER for_semi for_semi APEX compound_statement
Rule 53    for_semi -> STOP
Rule 54    for_init -> type_specifier ID SETUP expression for_semi
Rule 55    for_init -> expression for_semi
Rule 56    for_init -> for_semi
Rule 57    jump_statement -> PODIO expression STOP
Rule 58    jump_statement -> PODIO STOP
Rule 59    jump_statement -> BOX_BOX STOP
Rule 60    jump_statement -> DRS STOP
Rule 61    io_statement -> BROADCAST CORNER expression APEX STOP
Rule 62    io_statement -> TELEMETRY CORNER ID APEX STOP
Rule 63    end_statement -> CHECKERED_FLAG STOP
Rule 64    expression -> expression TOW expression
Rule 65    expression -> expression GAP expression
Rule 66    expression -> expression ERS expression
Rule 67    expression -> expression STINT expression
Rule 68    expression -> expression FUEL_DELTA expression
Rule 69    expression -> expression DEAD_HEAT expression
Rule 70    expression -> expression OUTLAP expression
Rule 71    expression -> expression UNDERCUT expression
Rule 72    expression -> expression OVERCUT expression
Rule 73    expression -> expression UNDEREQ expression
Rule 74    expression -> expression OVEREQ expression
Rule 75    expression -> expression BOTH_TYRES expression
Rule 76    expression -> expression EITHER_TYRE expression
Rule 77    expression -> expression SAFETY expression
Rule 78    expression -> expression OVERTAKE expression
Rule 79    expression -> GAP expression
Rule 80    expression -> REVERSE_GRID expression
Rule 81    expression -> REVERSE expression
Rule 82    expression -> CORNER expression APEX
Rule 83    expression -> ID SETUP expression
Rule 84    expression -> ID PITSTOW expression
Rule 85    expression -> ID PITGAP expression
Rule 86    expression -> ID PITERS expression
Rule 87    expression -> ID PITSTINT expression
Rule 88    expression -> ID FASTLAP
Rule 89    expression -> ID DEGRADATION
Rule 90    expression -> SLIPSTREAM expression
Rule 91    expression -> POSITION expression
Rule 92    expression -> ID CORNER argument_list APEX
Rule 93    expression -> ID CORNER APEX
Rule 94    argument_list -> expression
Rule 95    argument_list -> argument_list ALSO expression
Rule 96    expression -> ID
Rule 97    expression -> INT_LITERAL
Rule 98    expression -> FLOAT_LITERAL
Rule 99    expression -> STRING_LITERAL
Rule 100   expression -> CHAR_LITERAL
Rule 101   expression -> TRUE
Rule 102   expression -> FALSE
Rule 103   expression -> DNF

Terminals, with rules where they appear

ALSO                 : 14 95
APEX                 : 9 10 11 12 39 40 41 42 43 48 49 50 51 52 61 62 82 92 93
BLACK_FLAG           : 
BLUE_FLAG            : 
BOTH_TYRES           : 75
BOX                  : 49
BOX_BOX              : 59
BROADCAST            : 61
CHAR_LITERAL         : 100
CHECKERED_FLAG       : 63
CORNER               : 9 10 11 12 39 40 41 42 43 48 49 50 51 52 61 62 82 92 93
DEAD_HEAT            : 69
DEGRADATION          : 89
DNF                  : 103
DRS                  : 60
EITHER_TYRE          : 76
ENDGRID              : 
ERS                  : 66
FALSE                : 102
FASTLAP              : 88
FLOAT_LITERAL        : 98
FORMATION_LAP        : 50 51 52
FUEL_DELTA           : 68
GAP                  : 65 79
GAP_CHECK            : 42
GARAGE               : 7 8 21 22 42 43
GRID                 : 
ID                   : 9 10 11 12 15 27 28 29 54 62 83 84 85 86 87 88 89 92 93 96
INT_LITERAL          : 97
LAP                  : 16
LAP_NOTE             : 
MARSHALL             : 46 47
NEUTRO               : 11 12
NO_DATA              : 47
OUTLAP               : 70
OVERCUT              : 72
OVEREQ               : 74
OVERTAKE             : 78
PADDOCK              : 
PITBOARD             : 18
PITERS               : 86
PITGAP               : 85
PITSTINT             : 87
PITSTOW              : 84
PITWALL              : 43
PODIO                : 57 58
POSITION             : 91
PUSH                 : 48 49
RACE_START           : 7 8
RADIO                : 20
READY                : 7 8 21 22 42 43
RED_FLAG             : 
REVERSE              : 81
REVERSE_GRID         : 80
SAFETY               : 77
SAFETY_IN            : 
SAFETY_OUT           : 
SECTOR               : 46
SETUP                : 27 29 54 83
SLIPSTREAM           : 90
SPLIT                : 17
STAY_OUT             : 40 41
STINT                : 67
STOP                 : 27 28 29 37 38 49 53 57 58 59 60 61 62 63
STRATEGY             : 9 10 11 12
STRATEGY_CHECK       : 39 40 41
STRING_LITERAL       : 99
TELEMETRY            : 62
TOW                  : 64
TRUE                 : 101
UNDERCUT             : 71
UNDERCUT_KW          : 
UNDEREQ              : 73
VSC                  : 29
YELLOW_FLAG          : 19
error                : 

Nonterminals, with rules where they appear

argument_list        : 92 95
block_item           : 23 24
block_item_list      : 7 21 24 46 47
case_item            : 44 45
case_list            : 42 43 45
compound_statement   : 9 10 11 12 31 39 40 40 41 48 49 50 51 52
declaration          : 25
end_statement        : 36
expression           : 27 29 37 39 40 41 42 43 46 48 49 50 50 51 54 55 57 61 64 64 65 65 66 66 67 67 68 68 69 69 70 70 71 71 72 72 73 73 74 74 75 75 76 76 77 77 78 78 79 80 81 82 83 84 85 86 87 90 91 94 95
expression_statement : 30
for_init             : 50 51
for_semi             : 50 51 52 52 54 55 56
function_definition  : 5 6
function_list        : 2 3 4 4 6
io_statement         : 35
iteration_statement  : 33
jump_statement       : 34
main_program         : 1 2 3 4
parameter_declaration : 13 14
parameter_list       : 9 11 14
selection_statement  : 32 41
statement            : 26
translation_unit     : 0
type_specifier       : 9 10 15 27 28 29 54

Parsing method: LALR

state 0

    (0) S' -> . translation_unit
    (1) translation_unit -> . main_program
    (2) translation_unit -> . function_list main_program
    (3) translation_unit -> . main_program function_list
    (4) translation_unit -> . function_list main_program function_list
    (7) main_program -> . RACE_START GARAGE block_item_list READY
    (8) main_program -> . RACE_START GARAGE READY
    (5) function_list -> . function_definition
    (6) function_list -> . function_list function_definition
    (9) function_definition -> . STRATEGY type_specifier ID CORNER parameter_list APEX compound_statement
    (10) function_definition -> . STRATEGY type_specifier ID CORNER APEX compound_statement
    (11) function_definition -> . STRATEGY NEUTRO ID CORNER parameter_list APEX compound_statement
    (12) function_definition -> . STRATEGY NEUTRO ID CORNER APEX compound_statement

    RACE_START      shift and go to state 4
    STRATEGY        shift and go to state 6

    translation_unit               shift and go to state 1
    main_program                   shift and go to state 2
    function_list                  shift and go to state 3
    function_definition            shift and go to state 5

state 1

    (0) S' -> translation_unit .



state 2

    (1) translation_unit -> main_program .
    (3) translation_unit -> main_program . function_list
    (5) function_list -> . function_definition
    (6) function_list -> . function_list function_definition
    (9) function_definition -> . STRATEGY type_specifier ID CORNER parameter_list APEX compound_statement
    (10) function_definition -> . STRATEGY type_specifier ID CORNER APEX compound_statement
    (11) function_definition -> . STRATEGY NEUTRO ID CORNER parameter_list APEX compound_statement
    (12) function_definition -> . STRATEGY NEUTRO ID CORNER APEX compound_statement

    $end            reduce using rule 1 (translation_unit -> main_program .)
    STRATEGY        shift and go to state 6

    function_list                  shift and go to state 7
    function_definition            shift and go to state 5

state 3

    (2) translation_unit -> function_list . main_program
    (4) translation_unit -> function_list . main_program function_list
    (6) function_list -> function_list . function_definition
    (7) main_program -> . RACE_START GARAGE block_item_list READY
    (8) main_program -> . RACE_START GARAGE READY
    (9) function_definition -> . STRATEGY type_specifier ID CORNER parameter_list APEX compound_statement
    (10) function_definition -> . STRATEGY type_specifier ID CORNER APEX compound_statement
    (11) function_definition -> . STRATEGY NEUTRO ID CORNER parameter_list APEX compound_statement
    (12) function_definition -> . STRATEGY NEUTRO ID CORNER APEX compound_statement

    RACE_START      shift and go to state 4
    STRATEGY        shift and go to state 6

    main_program                   shift and go to state 8
    function_definition            shift and go to state 9

state 4

    (7) main_program -> RACE_START . GARAGE block_item_list READY
    (8) main_program -> RACE_START . GARAGE READY

    GARAGE          shift and go to state 10


state 5

    (5) function_list -> function_definition .

    RACE_START      reduce using rule 5 (function_list -> function_definition .)
    STRATEGY        reduce using rule 5 (function_list -> function_definition .)
    $end            reduce using rule 5 (function_list -> function_definition .)


state 6

    (9) function_definition -> STRATEGY . type_specifier ID CORNER parameter_list APEX compound_statement
    (10) function_definition -> STRATEGY . type_specifier ID CORNER APEX compound_statement
    (11) function_definition -> STRATEGY . NEUTRO ID CORNER parameter_list APEX compound_statement
    (12) function_definition -> STRATEGY . NEUTRO ID CORNER APEX compound_statement
    (16) type_specifier -> . LAP
    (17) type_specifier -> . SPLIT
    (18) type_specifier -> . PITBOARD
    (19) type_specifier -> . YELLOW_FLAG
    (20) type_specifier -> . RADIO

    NEUTRO          shift and go to state 12
    LAP             shift and go to state 13
    SPLIT           shift and go to state 14
    PITBOARD        shift and go to state 15
    YELLOW_FLAG     shift and go to state 16
    RADIO           shift and go to state 17

    type_specifier                 shift and go to state 11

state 7

    (3) translation_unit -> main_program function_list .
    (6) function_list -> function_list . function_definition
    (9) function_definition -> . STRATEGY type_specifier ID CORNER parameter_list APEX compound_statement
    (10) function_definition -> . STRATEGY type_specifier ID CORNER APEX compound_statement
    (11) function_definition -> . STRATEGY NEUTRO ID CORNER parameter_list APEX compound_statement
    (12) function_definition -> . STRATEGY NEUTRO ID CORNER APEX compound_statement

    $end            reduce using rule 3 (translation_unit -> main_program function_list .)
    STRATEGY        shift and go to state 6

    function_definition            shift and go to state 9

state 8

    (2) translation_unit -> function_list main_program .
    (4) translation_unit -> function_list main_program . function_list
    (5) function_list -> . function_definition
    (6) function_list -> . function_list function_definition
    (9) function_definition -> . STRATEGY type_specifier ID CORNER parameter_list APEX compound_statement
    (10) function_definition -> . STRATEGY type_specifier ID CORNER APEX compound_statement
    (11) function_definition -> . STRATEGY NEUTRO ID CORNER parameter_list APEX compound_statement
    (12) function_definition -> . STRATEGY NEUTRO ID CORNER APEX compound_statement

    $end            reduce using rule 2 (translation_unit -> function_list main_program .)
    STRATEGY        shift and go to state 6

    function_list                  shift and go to state 18
    function_definition            shift and go to state 5

state 9

    (6) function_list -> function_list function_definition .

    RACE_START      reduce using rule 6 (function_list -> function_list function_definition .)
    STRATEGY        reduce using rule 6 (function_list -> function_list function_definition .)
    $end            reduce using rule 6 (function_list -> function_list function_definition .)


state 10

    (7) main_program -> RACE_START GARAGE . block_item_list READY
    (8) main_program -> RACE_START GARAGE . READY
    (23) block_item_list -> . block_item
    (24) block_item_list -> . block_item_list block_item
    (25) block_item -> . declaration
    (26) block_item -> . statement
    (27) declaration -> . type_specifier ID SETUP expression STOP
    (28) declaration -> . type_specifier ID STOP
    (29) declaration -> . VSC type_specifier ID SETUP expression STOP
    (30) statement -> . expression_statement
    (31) statement -> . compound_statement
    (32) statement -> . selection_statement
    (33) statement -> . iteration_statement
    (34) statement -> . jump_statement
    (35) statement -> . io_statement
    (36) statement -> . end_statement
    (16) type_specifier -> . LAP
    (17) type_specifier -> . SPLIT
    (18) type_specifier -> . PITBOARD
    (19) type_specifier -> . YELLOW_FLAG
    (20) type_specifier -> . RADIO
    (37) expression_statement -> . expression STOP
    (38) expression_statement -> . STOP
    (21) compound_statement -> . GARAGE block_item_list READY
    (22) compound_statement -> . GARAGE READY
    (39) selection_statement -> . STRATEGY_CHECK CORNER expression APEX compound_statement
    (40) selection_statement -> . STRATEGY_CHECK CORNER expression APEX compound_statement STAY_OUT compound_statement
    (41) selection_statement -> . STRATEGY_CHECK CORNER expression APEX compound_statement STAY_OUT selection_statement
    (42) selection_statement -> . GAP_CHECK CORNER expression APEX GARAGE case_list READY
    (43) selection_statement -> . PITWALL CORNER expression APEX GARAGE case_list READY
    (48) iteration_statement -> . PUSH CORNER expression APEX compound_statement
    (49) iteration_statement -> . BOX compound_statement PUSH CORNER expression APEX STOP
    (50) iteration_statement -> . FORMATION_LAP CORNER for_init expression for_semi expression APEX compound_statement
    (51) iteration_statement -> . FORMATION_LAP CORNER for_init expression for_semi APEX compound_statement
    (52) iteration_statement -> . FORMATION_LAP CORNER for_semi for_semi APEX compound_statement
    (57) jump_statement -> . PODIO expression STOP
    (58) jump_statement -> . PODIO STOP
    (59) jump_statement -> . BOX_BOX STOP
    (60) jump_statement -> . DRS STOP
    (61) io_statement -> . BROADCAST CORNER expression APEX STOP
    (62) io_statement -> . TELEMETRY CORNER ID APEX STOP
    (63) end_statement -> . CHECKERED_FLAG STOP
    (64) expression -> . expression TOW expression
    (65) expression -> . expression GAP expression
    (66) expression -> . expression ERS expression
    (67) expression -> . expression STINT expression
    (68) expression -> . expression FUEL_DELTA expression
    (69) expression -> . expression DEAD_HEAT expression
    (70) expression -> . expression OUTLAP expression
    (71) expression -> . expression UNDERCUT expression
    (72) expression -> . expression OVERCUT expression
    (73) expression -> . expression UNDEREQ expression
    (74) expression -> . expression OVEREQ expression
    (75) expression -> . expression BOTH_TYRES expression
    (76) expression -> . expression EITHER_TYRE expression
    (77) expression -> . expression SAFETY expression
    (78) expression -> . expression OVERTAKE expression
    (79) expression -> . GAP expression
    (80) expression -> . REVERSE_GRID expression
    (81) expression -> . REVERSE expression
    (82) expression -> . CORNER expression APEX
    (83) expression -> . ID SETUP expression
    (84) expression -> . ID PITSTOW expression
    (85) expression -> . ID PITGAP expression
    (86) expression -> . ID PITERS expression
    (87) expression -> . ID PITSTINT expression
    (88) expression -> . ID FASTLAP
    (89) expression -> . ID DEGRADATION
    (90) expression -> . SLIPSTREAM expression
    (91) expression -> . POSITION expression
    (92) expression -> . ID CORNER argument_list APEX
    (93) expression -> . ID CORNER APEX
    (96) expression -> . ID
    (97) expression -> . INT_LITERAL
    (98) expression -> . FLOAT_LITERAL
    (99) expression -> . STRING_LITERAL
    (100) expression -> . CHAR_LITERAL
    (101) expression -> . TRUE
    (102) expression -> . FALSE
    (103) expression -> . DNF

    READY           shift and go to state 21
    VSC             shift and go to state 29
    LAP             shift and go to state 13
    SPLIT           shift and go to state 14
    PITBOARD        shift and go to state 15
    YELLOW_FLAG     shift and go to state 16
    RADIO           shift and go to state 17
    STOP            shift and go to state 28
    GARAGE          shift and go to state 19
    STRATEGY_CHECK  shift and go to state 37
    GAP_CHECK       shift and go to state 39
    PITWALL         shift and go to state 40
    PUSH            shift and go to state 41
    BOX             shift and go to state 42
    FORMATION_LAP   shift and go to state 43
    PODIO           shift and go to state 44
    BOX_BOX         shift and go to state 45
    DRS             shift and go to state 46
    BROADCAST       shift and go to state 47
    TELEMETRY       shift and go to state 48
    CHECKERED_FLAG  shift and go to state 49
    GAP             shift and go to state 50
    REVERSE_GRID    shift and go to state 51
    REVERSE         shift and go to state 52
    CORNER          shift and go to state 38
    ID              shift and go to state 26
    SLIPSTREAM      shift and go to state 53
    POSITION        shift and go to state 54
    INT_LITERAL     shift and go to state 55
    FLOAT_LITERAL   shift and go to state 56
    STRING_LITERAL  shift and go to state 57
    CHAR_LITERAL    shift and go to state 58
    TRUE            shift and go to state 59
    FALSE           shift and go to state 60
    DNF             shift and go to state 61

    block_item_list                shift and go to state 20
    block_item                     shift and go to state 22
    declaration                    shift and go to state 23
    statement                      shift and go to state 24
    type_specifier                 shift and go to state 25
    expression                     shift and go to state 27
    expression_statement           shift and go to state 30
    compound_statement             shift and go to state 31
    selection_statement            shift and go to state 32
    iteration_statement            shift and go to state 33
    jump_statement                 shift and go to state 34
    io_statement                   shift and go to state 35
    end_statement                  shift and go to state 36

state 11

    (9) function_definition -> STRATEGY type_specifier . ID CORNER parameter_list APEX compound_statement
    (10) function_definition -> STRATEGY type_specifier . ID CORNER APEX compound_statement

    ID              shift and go to state 62


state 12

    (11) function_definition -> STRATEGY NEUTRO . ID CORNER parameter_list APEX compound_statement
    (12) function_definition -> STRATEGY NEUTRO . ID CORNER APEX compound_statement

    ID              shift and go to state 63


state 13

    (16) type_specifier -> LAP .

    ID              reduce using rule 16 (type_specifier -> LAP .)


state 14

    (17) type_specifier -> SPLIT .

    ID              reduce using rule 17 (type_specifier -> SPLIT .)


state 15

    (18) type_specifier -> PITBOARD .

    ID              reduce using rule 18 (type_specifier -> PITBOARD .)


state 16

    (19) type_specifier -> YELLOW_FLAG .

    ID              reduce using rule 19 (type_specifier -> YELLOW_FLAG .)


state 17

    (20) type_specifier -> RADIO .

    ID              reduce using rule 20 (type_specifier -> RADIO .)


state 18

    (4) translation_unit -> function_list main_program function_list .
    (6) function_list -> function_list . function_definition
    (9) function_definition -> . STRATEGY type_specifier ID CORNER parameter_list APEX compound_statement
    (10) function_definition -> . STRATEGY type_specifier ID CORNER APEX compound_statement
    (11) function_definition -> . STRATEGY NEUTRO ID CORNER parameter_list APEX compound_statement
    (12) function_definition -> . STRATEGY NEUTRO ID CORNER APEX compound_statement

    $end            reduce using rule 4 (translation_unit -> function_list main_program function_list .)
    STRATEGY        shift and go to state 6

    function_definition            shift and go to state 9

state 19

    (21) compound_statement -> GARAGE . block_item_list READY
    (22) compound_statement -> GARAGE . READY
    (23) block_item_list -> . block_item
    (24) block_item_list -> . block_item_list block_item
    (25) block_item -> . declaration
    (26) block_item -> . statement
    (27) declaration -> . type_specifier ID SETUP expression STOP
    (28) declaration -> . type_specifier ID STOP
    (29) declaration -> . VSC type_specifier ID SETUP expression STOP
    (30) statement -> . expression_statement
    (31) statement -> . compound_statement
    (32) statement -> . selection_statement
    (33) statement -> . iteration_statement
    (34) statement -> . jump_statement
    (35) statement -> . io_statement
    (36) statement -> . end_statement
    (16) type_specifier -> . LAP
    (17) type_specifier -> . SPLIT
    (18) type_specifier -> . PITBOARD
    (19) type_specifier -> . YELLOW_FLAG
    (20) type_specifier -> . RADIO
    (37) expression_statement -> . expression STOP
    (38) expression_statement -> . STOP
    (21) compound_statement -> . GARAGE block_item_list READY
    (22) compound_statement -> . GARAGE READY
    (39) selection_statement -> . STRATEGY_CHECK CORNER expression APEX compound_statement
    (40) selection_statement -> . STRATEGY_CHECK CORNER expression APEX compound_statement STAY_OUT compound_statement
    (41) selection_statement -> . STRATEGY_CHECK CORNER expression APEX compound_statement STAY_OUT selection_statement
    (42) selection_statement -> . GAP_CHECK CORNER expression APEX GARAGE case_list READY
    (43) selection_statement -> . PITWALL CORNER expression APEX GARAGE case_list READY
    (48) iteration_statement -> . PUSH CORNER expression APEX compound_statement
    (49) iteration_statement -> . BOX compound_statement PUSH CORNER expression APEX STOP
    (50) iteration_statement -> . FORMATION_LAP CORNER for_init expression for_semi expression APEX compound_statement
    (51) iteration_statement -> . FORMATION_LAP CORNER for_init expression for_semi APEX compound_statement
    (52) iteration_statement -> . FORMATION_LAP CORNER for_semi for_semi APEX compound_statement
    (57) jump_statement -> . PODIO expression STOP
    (58) jump_statement -> . PODIO STOP
    (59) jump_statement -> . BOX_BOX STOP
    (60) jump_statement -> . DRS STOP
    (61) io_statement -> . BROADCAST CORNER expression APEX STOP
    (62) io_statement -> . TELEMETRY CORNER ID APEX STOP
    (63) end_statement -> . CHECKERED_FLAG STOP
    (64) expression -> . expression TOW expression
    (65) expression -> . expression GAP expression
    (66) expression -> . expression ERS expression
    (67) expression -> . expression STINT expression
    (68) expression -> . expression FUEL_DELTA expression
    (69) expression -> . expression DEAD_HEAT expression
    (70) expression -> . expression OUTLAP expression
    (71) expression -> . expression UNDERCUT expression
    (72) expression -> . expression OVERCUT expression
    (73) expression -> . expression UNDEREQ expression
    (74) expression -> . expression OVEREQ expression
    (75) expression -> . expression BOTH_TYRES expression
    (76) expression -> . expression EITHER_TYRE expression
    (77) expression -> . expression SAFETY expression
    (78) expression -> . expression OVERTAKE expression
    (79) expression -> . GAP expression
    (80) expression -> . REVERSE_GRID expression
    (81) expression -> . REVERSE expression
    (82) expression -> . CORNER expression APEX
    (83) expression -> . ID SETUP expression
    (84) expression -> . ID PITSTOW expression
    (85) expression -> . ID PITGAP expression
    (86) expression -> . ID PITERS expression
    (87) expression -> . ID PITSTINT expression
    (88) expression -> . ID FASTLAP
    (89) expression -> . ID DEGRADATION
    (90) expression -> . SLIPSTREAM expression
    (91) expression -> . POSITION expression
    (92) expression -> . ID CORNER argument_list APEX
    (93) expression -> . ID CORNER APEX
    (96) expression -> . ID
    (97) expression -> . INT_LITERAL
    (98) expression -> . FLOAT_LITERAL
    (99) expression -> . STRING_LITERAL
    (100) expression -> . CHAR_LITERAL
    (101) expression -> . TRUE
    (102) expression -> . FALSE
    (103) expression -> . DNF

    READY           shift and go to state 65
    VSC             shift and go to state 29
    LAP             shift and go to state 13
    SPLIT           shift and go to state 14
    PITBOARD        shift and go to state 15
    YELLOW_FLAG     shift and go to state 16
    RADIO           shift and go to state 17
    STOP            shift and go to state 28
    GARAGE          shift and go to state 19
    STRATEGY_CHECK  shift and go to state 37
    GAP_CHECK       shift and go to state 39
    PITWALL         shift and go to state 40
    PUSH            shift and go to state 41
    BOX             shift and go to state 42
    FORMATION_LAP   shift and go to state 43
    PODIO           shift and go to state 44
    BOX_BOX         shift and go to state 45
    DRS             shift and go to state 46
    BROADCAST       shift and go to state 47
    TELEMETRY       shift and go to state 48
    CHECKERED_FLAG  shift and go to state 49
    GAP             shift and go to state 50
    REVERSE_GRID    shift and go to state 51
    REVERSE         shift and go to state 52
    CORNER          shift and go to state 38
    ID              shift and go to state 26
    SLIPSTREAM      shift and go to state 53
    POSITION        shift and go to state 54
    INT_LITERAL     shift and go to state 55
    FLOAT_LITERAL   shift and go to state 56
    STRING_LITERAL  shift and go to state 57
    CHAR_LITERAL    shift and go to state 58
    TRUE            shift and go to state 59
    FALSE           shift and go to state 60
    DNF             shift and go to state 61

    block_item_list                shift and go to state 64
    block_item                     shift and go to state 22
    declaration                    shift and go to state 23
    statement                      shift and go to state 24
    type_specifier                 shift and go to state 25
    expression                     shift and go to state 27
    expression_statement           shift and go to state 30
    compound_statement             shift and go to state 31
    selection_statement            shift and go to state 32
    iteration_statement            shift and go to state 33
    jump_statement                 shift and go to state 34
    io_statement                   shift and go to state 35
    end_statement                  shift and go to state 36

state 20

    (7) main_program -> RACE_START GARAGE block_item_list . READY
    (24) block_item_list -> block_item_list . block_item
    (25) block_item -> . declaration
    (26) block_item -> . statement
    (27) declaration -> . type_specifier ID SETUP expression STOP
    (28) declaration -> . type_specifier ID STOP
    (29) declaration -> . VSC type_specifier ID SETUP expression STOP
    (30) statement -> . expression_statement
    (31) statement -> . compound_statement
    (32) statement -> . selection_statement
    (33) statement -> . iteration_statement
    (34) statement -> . jump_statement
    (35) statement -> . io_statement
    (36) statement -> . end_statement
    (16) type_specifier -> . LAP
    (17) type_specifier -> . SPLIT
    (18) type_specifier -> . PITBOARD
    (19) type_specifier -> . YELLOW_FLAG
    (20) type_specifier -> . RADIO
    (37) expression_statement -> . expression STOP
    (38) expression_statement -> . STOP
    (21) compound_statement -> . GARAGE block_item_list READY
    (22) compound_statement -> . GARAGE READY
    (39) selection_statement -> . STRATEGY_CHECK CORNER expression APEX compound_statement
    (40) selection_statement -> . STRATEGY_CHECK CORNER expression APEX compound_statement STAY_OUT compound_statement
    (41) selection_statement -> . STRATEGY_CHECK CORNER expression APEX compound_statement STAY_OUT selection_statement
    (42) selection_statement -> . GAP_CHECK CORNER expression APEX GARAGE case_list READY
    (43) selection_statement -> . PITWALL CORNER expression APEX GARAGE case_list READY
    (48) iteration_statement -> . PUSH CORNER expression APEX compound_statement
    (49) iteration_statement -> . BOX compound_statement PUSH CORNER expression APEX STOP
    (50) iteration_statement -> . FORMATION_LAP CORNER for_init expression for_semi expression APEX compound_statement
    (51) iteration_statement -> . FORMATION_LAP CORNER for_init expression for_semi APEX compound_statement
    (52) iteration_statement -> . FORMATION_LAP CORNER for_semi for_semi APEX compound_statement
    (57) jump_statement -> . PODIO expression STOP
    (58) jump_statement -> . PODIO STOP
    (59) jump_statement -> . BOX_BOX STOP
    (60) jump_statement -> . DRS STOP
    (61) io_statement -> . BROADCAST CORNER expression APEX STOP
    (62) io_statement -> . TELEMETRY CORNER ID APEX STOP
    (63) end_statement -> . CHECKERED_FLAG STOP
    (64) expression -> . expression TOW expression
    (65) expression -> . expression GAP expression
    (66) expression -> . expression ERS expression
    (67) expression -> . expression STINT expression
    (68) expression -> . expression FUEL_DELTA expression
    (69) expression -> . expression DEAD_HEAT expression
    (70) expression -> . expression OUTLAP expression
    (71) expression -> . expression UNDERCUT expression
    (72) expression -> . expression OVERCUT expression
    (73) expression -> . expression UNDEREQ expression
    (74) expression -> . expression OVEREQ expression
    (75) expression -> . expression BOTH_TYRES expression
    (76) expression -> . expression EITHER_TYRE expression
    (77) expression -> . expression SAFETY expression
    (78) expression -> . expression OVERTAKE expression
    (79) expression -> . GAP expression
    (80) expression -> . REVERSE_GRID expression
    (81) expression -> . REVERSE expression
    (82) expression -> . CORNER expression APEX
    (83) expression -> . ID SETUP expression
    (84) expression -> . ID PITSTOW expression
    (85) expression -> . ID PITGAP expression
    (86) expression -> . ID PITERS expression
    (87) expression -> . ID PITSTINT expression
    (88) expression -> . ID FASTLAP
    (89) expression -> . ID DEGRADATION
    (90) expression -> . SLIPSTREAM expression
    (91) expression -> . POSITION expression
    (92) expression -> . ID CORNER argument_list APEX
    (93) expression -> . ID CORNER APEX
    (96) expression -> . ID
    (97) expression -> . INT_LITERAL
    (98) expression -> . FLOAT_LITERAL
    (99) expression -> . STRING_LITERAL
    (100) expression -> . CHAR_LITERAL
    (101) expression -> . TRUE
    (102) expression -> . FALSE
    (103) expression -> . DNF

    READY           shift and go to state 66
    VSC             shift and go to state 29
    LAP             shift and go to state 13
    SPLIT           shift and go to state 14
    PITBOARD        shift and go to state 15
    YELLOW_FLAG     shift and go to state 16
    RADIO           shift and go to state 17
    STOP            shift and go to state 28
    GARAGE          shift and go to state 19
    STRATEGY_CHECK  shift and go to state 37
    GAP_CHECK       shift and go to state 39
    PITWALL         shift and go to state 40
    PUSH            shift and go to state 41
    BOX             shift and go to state 42
    FORMATION_LAP   shift and go to state 43
    PODIO           shift and go to state 44
    BOX_BOX         shift and go to state 45
    DRS             shift and go to state 46
    BROADCAST       shift and go to state 47
    TELEMETRY       shift and go to state 48
    CHECKERED_FLAG  shift and go to state 49
    GAP             shift and go to state 50
    REVERSE_GRID    shift and go to state 51
    REVERSE         shift and go to state 52
    CORNER          shift and go to state 38
    ID              shift and go to state 26
    SLIPSTREAM      shift and go to state 53
    POSITION        shift and go to state 54
    INT_LITERAL     shift and go to state 55
    FLOAT_LITERAL   shift and go to state 56
    STRING_LITERAL  shift and go to state 57
    CHAR_LITERAL    shift and go to state 58
    TRUE            shift and go to state 59
    FALSE           shift and go to state 60
    DNF             shift and go to state 61

    block_item                     shift and go to state 67
    declaration                    shift and go to state 23
    statement                      shift and go to state 24
    type_specifier                 shift and go to state 25
    expression                     shift and go to state 27
    expression_statement           shift and go to state 30
    compound_statement             shift and go to state 31
    selection_statement            shift and go to state 32
    iteration_statement            shift and go to state 33
    jump_statement                 shift and go to state 34
    io_statement                   shift and go to state 35
    end_statement                  shift and go to state 36

state 21

    (8) main_program -> RACE_START GARAGE READY .

    STRATEGY        reduce using rule 8 (main_program -> RACE_START GARAGE READY .)
    $end            reduce using rule 8 (main_program -> RACE_START GARAGE READY .)


state 22

    (23) block_item_list -> block_item .

    READY           reduce using rule 23 (block_item_list -> block_item .)
    VSC             reduce using rule 23 (block_item_list -> block_item .)
    LAP             reduce using rule 23 (block_item_list -> block_item .)
    SPLIT           reduce using rule 23 (block_item_list -> block_item .)
    PITBOARD        reduce using rule 23 (block_item_list -> block_item .)
    YELLOW_FLAG     reduce using rule 23 (block_item_list -> block_item .)
    RADIO           reduce using rule 23 (block_item_list -> block_item .)
    STOP            reduce using rule 23 (block_item_list -> block_item .)
    GARAGE          reduce using rule 23 (block_item_list -> block_item .)
    STRATEGY_CHECK  reduce using rule 23 (block_item_list -> block_item .)
    GAP_CHECK       reduce using rule 23 (block_item_list -> block_item .)
    PITWALL         reduce using rule 23 (block_item_list -> block_item .)
    PUSH            reduce using rule 23 (block_item_list -> block_item .)
    BOX             reduce using rule 23 (block_item_list -> block_item .)
    FORMATION_LAP   reduce using rule 23 (block_item_list -> block_item .)
    PODIO           reduce using rule 23 (block_item_list -> block_item .)
    BOX_BOX         reduce using rule 23 (block_item_list -> block_item .)
    DRS             reduce using rule 23 (block_item_list -> block_item .)
    BROADCAST       reduce using rule 23 (block_item_list -> block_item .)
    TELEMETRY       reduce using rule 23 (block_item_list -> block_item .)
    CHECKERED_FLAG  reduce using rule 23 (block_item_list -> block_item .)
    GAP             reduce using rule 23 (block_item_list -> block_item .)
    REVERSE_GRID    reduce using rule 23 (block_item_list -> block_item .)
    REVERSE         reduce using rule 23 (block_item_list -> block_item .)
    CORNER          reduce using rule 23 (block_item_list -> block_item .)
    ID              reduce using rule 23 (block_item_list -> block_item .)
    SLIPSTREAM      reduce using rule 23 (block_item_list -> block_item .)
    POSITION        reduce using rule 23 (block_item_list -> block_item .)
    INT_LITERAL     reduce using rule 23 (block_item_list -> block_item .)
    FLOAT_LITERAL   reduce using rule 23 (block_item_list -> block_item .)
    STRING_LITERAL  reduce using rule 23 (block_item_list -> block_item .)
    CHAR_LITERAL    reduce using rule 23 (block_item_list -> block_item .)
    TRUE            reduce using rule 23 (block_item_list -> block_item .)
    FALSE           reduce using rule 23 (block_item_list -> block_item .)
    DNF             reduce using rule 23 (block_item_list -> block_item .)
    SECTOR          reduce using rule 23 (block_item_list -> block_item .)
    NO_DATA         reduce using rule 23 (block_item_list -> block_item .)


state 23

    (25) block_item -> declaration .

    READY           reduce using rule 25 (block_item -> declaration .)
    VSC             reduce using rule 25 (block_item -> declaration .)
    LAP             reduce using rule 25 (block_item -> declaration .)
    SPLIT           reduce using rule 25 (block_item -> declaration .)
    PITBOARD        reduce using rule 25 (block_item -> declaration .)
    YELLOW_FLAG     reduce using rule 25 (block_item -> declaration .)
    RADIO           reduce using rule 25 (block_item -> declaration .)
    STOP            reduce using rule 25 (block_item -> declaration .)
    GARAGE          reduce using rule 25 (block_item -> declaration .)
    STRATEGY_CHECK  reduce using rule 25 (block_item -> declaration .)
    GAP_CHECK       reduce using rule 25 (block_item -> declaration .)
    PITWALL         reduce using rule 25 (block_item -> declaration .)
    PUSH            reduce using rule 25 (block_item -> declaration .)
    BOX             reduce using rule 25 (block_item -> declaration .)
    FORMATION_LAP   reduce using rule 25 (block_item -> declaration .)
    PODIO           reduce using rule 25 (block_item -> declaration .)
    BOX_BOX         reduce using rule 25 (block_item -> declaration .)
    DRS             reduce using rule 25 (block_item -> declaration .)
    BROADCAST       reduce using rule 25 (block_item -> declaration .)
    TELEMETRY       reduce using rule 25 (block_item -> declaration .)
    CHECKERED_FLAG  reduce using rule 25 (block_item -> declaration .)
    GAP             reduce using rule 25 (block_item -> declaration .)
    REVERSE_GRID    reduce using rule 25 (block_item -> declaration .)
    REVERSE         reduce using rule 25 (block_item -> declaration .)
    CORNER          reduce using rule 25 (block_item -> declaration .)
    ID              reduce using rule 25 (block_item -> declaration .)
    SLIPSTREAM      reduce using rule 25 (block_item -> declaration .)
    POSITION        reduce using rule 25 (block_item -> declaration .)
    INT_LITERAL     reduce using rule 25 (block_item -> declaration .)
    FLOAT_LITERAL   reduce using rule 25 (block_item -> declaration .)
    STRING_LITERAL  reduce using rule 25 (block_item -> declaration .)
    CHAR_LITERAL    reduce using rule 25 (block_item -> declaration .)
    TRUE            reduce using rule 25 (block_item -> declaration .)
    FALSE           reduce using rule 25 (block_item -> declaration .)
    DNF             reduce using rule 25 (block_item -> declaration .)
    SECTOR          reduce using rule 25 (block_item -> declaration .)
    NO_DATA         reduce using rule 25 (block_item -> declaration .)


state 24

    (26) block_item -> statement .

    READY           reduce using rule 26 (block_item -> statement .)
    VSC             reduce using rule 26 (block_item -> statement .)
    LAP             reduce using rule 26 (block_item -> statement .)
    SPLIT           reduce using rule 26 (block_item -> statement .)
    PITBOARD        reduce using rule 26 (block_item -> statement .)
    YELLOW_FLAG     reduce using rule 26 (block_item -> statement .)
    RADIO           reduce using rule 26 (block_item -> statement .)
    STOP            reduce using rule 26 (block_item -> statement .)
    GARAGE          reduce using rule 26 (block_item -> statement .)
    STRATEGY_CHECK  reduce using rule 26 (block_item -> statement .)
    GAP_CHECK       reduce using rule 26 (block_item -> statement .)
    PITWALL         reduce using rule 26 (block_item -> statement .)
    PUSH            reduce using rule 26 (block_item -> statement .)
    BOX             reduce using rule 26 (block_item -> statement .)
    FORMATION_LAP   reduce using rule 26 (block_item -> statement .)
    PODIO           reduce using rule 26 (block_item -> statement .)
    BOX_BOX         reduce using rule 26 (block_item -> statement .)
    DRS             reduce using rule 26 (block_item -> statement .)
    BROADCAST       reduce using rule 26 (block_item -> statement .)
    TELEMETRY       reduce using rule 26 (block_item -> statement .)
    CHECKERED_FLAG  reduce using rule 26 (block_item -> statement .)
    GAP             reduce using rule 26 (block_item -> statement .)
    REVERSE_GRID    reduce using rule 26 (block_item -> statement .)
    REVERSE         reduce using rule 26 (block_item -> statement .)
    CORNER          reduce using rule 26 (block_item -> statement .)
    ID              reduce using rule 26 (block_item -> statement .)
    SLIPSTREAM      reduce using rule 26 (block_item -> statement .)
    POSITION        reduce using rule 26 (block_item -> statement .)
    INT_LITERAL     reduce using rule 26 (block_item -> statement .)
    FLOAT_LITERAL   reduce using rule 26 (block_item -> statement .)
    STRING_LITERAL  reduce using rule 26 (block_item -> statement .)
    CHAR_LITERAL    reduce using rule 26 (block_item -> statement .)
    TRUE            reduce using rule 26 (block_item -> statement .)
    FALSE           reduce using rule 26 (block_item -> statement .)
    DNF             reduce using rule 26 (block_item -> statement .)
    SECTOR          reduce using rule 26 (block_item -> statement .)
    NO_DATA         reduce using rule 26 (block_item -> statement .)


state 25

    (27) declaration -> type_specifier . ID SETUP expression STOP
    (28) declaration -> type_specifier . ID STOP

    ID              shift and go to state 68


state 26

    (83) expression -> ID . SETUP expression
    (84) expression -> ID . PITSTOW expression
    (85) expression -> ID . PITGAP expression
    (86) expression -> ID . PITERS expression
    (87) expression -> ID . PITSTINT expression
    (88) expression -> ID . FASTLAP
    (89) expression -> ID . DEGRADATION
    (92) expression -> ID . CORNER argument_list APEX
    (93) expression -> ID . CORNER APEX
    (96) expression -> ID .

    SETUP           shift and go to state 69
    PITSTOW         shift and go to state 70
    PITGAP          shift and go to state 71
    PITERS          shift and go to state 72
    PITSTINT        shift and go to state 73
    FASTLAP         shift and go to state 74
    DEGRADATION     shift and go to state 75
    CORNER          shift and go to state 76
    STOP            reduce using rule 96 (expression -> ID .)
    TOW             reduce using rule 96 (expression -> ID .)
    GAP             reduce using rule 96 (expression -> ID .)
    ERS             reduce using rule 96 (expression -> ID .)
    STINT           reduce using rule 96 (expression -> ID .)
    FUEL_DELTA      reduce using rule 96 (expression -> ID .)
    DEAD_HEAT       reduce using rule 96 (expression -> ID .)
    OUTLAP          reduce using rule 96 (expression -> ID .)
    UNDERCUT        reduce using rule 96 (expression -> ID .)
    OVERCUT         reduce using rule 96 (expression -> ID .)
    UNDEREQ         reduce using rule 96 (expression -> ID .)
    OVEREQ          reduce using rule 96 (expression -> ID .)
    BOTH_TYRES      reduce using rule 96 (expression -> ID .)
    EITHER_TYRE     reduce using rule 96 (expression -> ID .)
    SAFETY          reduce using rule 96 (expression -> ID .)
    OVERTAKE        reduce using rule 96 (expression -> ID .)
    APEX            reduce using rule 96 (expression -> ID .)
    ALSO            reduce using rule 96 (expression -> ID .)
    MARSHALL        reduce using rule 96 (expression -> ID .)


state 27

    (37) expression_statement -> expression . STOP
    (64) expression -> expression . TOW expression
    (65) expression -> expression . GAP expression
    (66) expression -> expression . ERS expression
    (67) expression -> expression . STINT expression
    (68) expression -> expression . FUEL_DELTA expression
    (69) expression -> expression . DEAD_HEAT expression
    (70) expression -> expression . OUTLAP expression
    (71) expression -> expression . UNDERCUT expression
    (72) expression -> expression . OVERCUT expression
    (73) expression -> expression . UNDEREQ expression
    (74) expression -> expression . OVEREQ expression
    (75) expression -> expression . BOTH_TYRES expression
    (76) expression -> expression . EITHER_TYRE expression
    (77) expression -> expression . SAFETY expression
    (78) expression -> expression . OVERTAKE expression

    STOP            shift and go to state 77
    TOW             shift and go to state 78
    GAP             shift and go to state 79
    ERS             shift and go to state 80
    STINT           shift and go to state 81
    FUEL_DELTA      shift and go to state 82
    DEAD_HEAT       shift and go to state 83
    OUTLAP          shift and go to state 84
    UNDERCUT        shift and go to state 85
    OVERCUT         shift and go to state 86
    UNDEREQ         shift and go to state 87
    OVEREQ          shift and go to state 88
    BOTH_TYRES      shift and go to state 89
    EITHER_TYRE     shift and go to state 90
    SAFETY          shift and go to state 91
    OVERTAKE        shift and go to state 92


state 28

    (38) expression_statement -> STOP .

    READY           reduce using rule 38 (expression_statement -> STOP .)
    VSC             reduce using rule 38 (expression_statement -> STOP .)
    LAP             reduce using rule 38 (expression_statement -> STOP .)
    SPLIT           reduce using rule 38 (expression_statement -> STOP .)
    PITBOARD        reduce using rule 38 (expression_statement -> STOP .)
    YELLOW_FLAG     reduce using rule 38 (expression_statement -> STOP .)
    RADIO           reduce using rule 38 (expression_statement -> STOP .)
    STOP            reduce using rule 38 (expression_statement -> STOP .)
    GARAGE          reduce using rule 38 (expression_statement -> STOP .)
    STRATEGY_CHECK  reduce using rule 38 (expression_statement -> STOP .)
    GAP_CHECK       reduce using rule 38 (expression_statement -> STOP .)
    PITWALL         reduce using rule 38 (expression_statement -> STOP .)
    PUSH            reduce using rule 38 (expression_statement -> STOP .)
    BOX             reduce using rule 38 (expression_statement -> STOP .)
    FORMATION_LAP   reduce using rule 38 (expression_statement -> STOP .)
    PODIO           reduce using rule 38 (expression_statement -> STOP .)
    BOX_BOX         reduce using rule 38 (expression_statement -> STOP .)
    DRS             reduce using rule 38 (expression_statement -> STOP .)
    BROADCAST       reduce using rule 38 (expression_statement -> STOP .)
    TELEMETRY       reduce using rule 38 (expression_statement -> STOP .)
    CHECKERED_FLAG  reduce using rule 38 (expression_statement -> STOP .)
    GAP             reduce using rule 38 (expression_statement -> STOP .)
    REVERSE_GRID    reduce using rule 38 (expression_statement -> STOP .)
    REVERSE         reduce using rule 38 (expression_statement -> STOP .)
    CORNER          reduce using rule 38 (expression_statement -> STOP .)
    ID              reduce using rule 38 (expression_statement -> STOP .)
    SLIPSTREAM      reduce using rule 38 (expression_statement -> STOP .)
    POSITION        reduce using rule 38 (expression_statement -> STOP .)
    INT_LITERAL     reduce using rule 38 (expression_statement -> STOP .)
    FLOAT_LITERAL   reduce using rule 38 (expression_statement -> STOP .)
    STRING_LITERAL  reduce using rule 38 (expression_statement -> STOP .)
    CHAR_LITERAL    reduce using rule 38 (expression_statement -> STOP .)
    TRUE            reduce using rule 38 (expression_statement -> STOP .)
    FALSE           reduce using rule 38 (expression_statement -> STOP .)
    DNF             reduce using rule 38 (expression_statement -> STOP .)
    SECTOR          reduce using rule 38 (expression_statement -> STOP .)
    NO_DATA         reduce using rule 38 (expression_statement -> STOP .)


state 29

    (29) declaration -> VSC . type_specifier ID SETUP expression STOP
    (16) type_specifier -> . LAP
    (17) type_specifier -> . SPLIT
    (18) type_specifier -> . PITBOARD
    (19) type_specifier -> . YELLOW_FLAG
    (20) type_specifier -> . RADIO

    LAP             shift and go to state 13
    SPLIT           shift and go to state 14
    PITBOARD        shift and go to state 15
    YELLOW_FLAG     shift and go to state 16
    RADIO           shift and go to state 17

    type_specifier                 shift and go to state 93

state 30

    (30) statement -> expression_statement .

    READY           reduce using rule 30 (statement -> expression_statement .)
    VSC             reduce using rule 30 (statement -> expression_statement .)
    LAP             reduce using rule 30 (statement -> expression_statement .)
    SPLIT           reduce using rule 30 (statement -> expression_statement .)
    PITBOARD        reduce using rule 30 (statement -> expression_statement .)
    YELLOW_FLAG     reduce using rule 30 (statement -> expression_statement .)
    RADIO           reduce using rule 30 (statement -> expression_statement .)
    STOP            reduce using rule 30 (statement -> expression_statement .)
    GARAGE          reduce using rule 30 (statement -> expression_statement .)
    STRATEGY_CHECK  reduce using rule 30 (statement -> expression_statement .)
    GAP_CHECK       reduce using rule 30 (statement -> expression_statement .)
    PITWALL         reduce using rule 30 (statement -> expression_statement .)
    PUSH            reduce using rule 30 (statement -> expression_statement .)
    BOX             reduce using rule 30 (statement -> expression_statement .)
    FORMATION_LAP   reduce using rule 30 (statement -> expression_statement .)
    PODIO           reduce using rule 30 (statement -> expression_statement .)
    BOX_BOX         reduce using rule 30 (statement -> expression_statement .)
    DRS             reduce using rule 30 (statement -> expression_statement .)
    BROADCAST       reduce using rule 30 (statement -> expression_statement .)
    TELEMETRY       reduce using rule 30 (statement -> expression_statement .)
    CHECKERED_FLAG  reduce using rule 30 (statement -> expression_statement .)
    GAP             reduce using rule 30 (statement -> expression_statement .)
    REVERSE_GRID    reduce using rule 30 (statement -> expression_statement .)
    REVERSE         reduce using rule 30 (statement -> expression_statement .)
    CORNER          reduce using rule 30 (statement -> expression_statement .)
    ID              reduce using rule 30 (statement -> expression_statement .)
    SLIPSTREAM      reduce using rule 30 (statement -> expression_statement .)
    POSITION        reduce using rule 30 (statement -> expression_statement .)
    INT_LITERAL     reduce using rule 30 (statement -> expression_statement .)
    FLOAT_LITERAL   reduce using rule 30 (statement -> expression_statement .)
    STRING_LITERAL  reduce using rule 30 (statement -> expression_statement .)
    CHAR_LITERAL    reduce using rule 30 (statement -> expression_statement .)
    TRUE            reduce using rule 30 (statement -> expression_statement .)
    FALSE           reduce using rule 30 (statement -> expression_statement .)
    DNF             reduce using rule 30 (statement -> expression_statement .)
    SECTOR          reduce using rule 30 (statement -> expression_statement .)
    NO_DATA         reduce using rule 30 (statement -> expression_statement .)


state 31

    (31) statement -> compound_statement .

    READY           reduce using rule 31 (statement -> compound_statement .)
    VSC             reduce using rule 31 (statement -> compound_statement .)
    LAP             reduce using rule 31 (statement -> compound_statement .)
    SPLIT           reduce using rule 31 (statement -> compound_statement .)
    PITBOARD        reduce using rule 31 (statement -> compound_statement .)
    YELLOW_FLAG     reduce using rule 31 (statement -> compound_statement .)
    RADIO           reduce using rule 31 (statement -> compound_statement .)
    STOP            reduce using rule 31 (statement -> compound_statement .)
    GARAGE          reduce using rule 31 (statement -> compound_statement .)
    STRATEGY_CHECK  reduce using rule 31 (statement -> compound_statement .)
    GAP_CHECK       reduce using rule 31 (statement -> compound_statement .)
    PITWALL         reduce using rule 31 (statement -> compound_statement .)
    PUSH            reduce using rule 31 (statement -> compound_statement .)
    BOX             reduce using rule 31 (statement -> compound_statement .)
    FORMATION_LAP   reduce using rule 31 (statement -> compound_statement .)
    PODIO           reduce using rule 31 (statement -> compound_statement .)
    BOX_BOX         reduce using rule 31 (statement -> compound_statement .)
    DRS             reduce using rule 31 (statement -> compound_statement .)
    BROADCAST       reduce using rule 31 (statement -> compound_statement .)
    TELEMETRY       reduce using rule 31 (statement -> compound_statement .)
    CHECKERED_FLAG  reduce using rule 31 (statement -> compound_statement .)
    GAP             reduce using rule 31 (statement -> compound_statement .)
    REVERSE_GRID    reduce using rule 31 (statement -> compound_statement .)
    REVERSE         reduce using rule 31 (statement -> compound_statement .)
    CORNER          reduce using rule 31 (statement -> compound_statement .)
    ID              reduce using rule 31 (statement -> compound_statement .)
    SLIPSTREAM      reduce using rule 31 (statement -> compound_statement .)
    POSITION        reduce using rule 31 (statement -> compound_statement .)
    INT_LITERAL     reduce using rule 31 (statement -> compound_statement .)
    FLOAT_LITERAL   reduce using rule 31 (statement -> compound_statement .)
    STRING_LITERAL  reduce using rule 31 (statement -> compound_statement .)
    CHAR_LITERAL    reduce using rule 31 (statement -> compound_statement .)
    TRUE            reduce using rule 31 (statement -> compound_statement .)
    FALSE           reduce using rule 31 (statement -> compound_statement .)
    DNF             reduce using rule 31 (statement -> compound_statement .)
    SECTOR          reduce using rule 31 (statement -> compound_statement .)
    NO_DATA         reduce using rule 31 (statement -> compound_statement .)


state 32

    (32) statement -> selection_statement .

    READY           reduce using rule 32 (statement -> selection_statement .)
    VSC             reduce using rule 32 (statement -> selection_statement .)
    LAP             reduce using rule 32 (statement -> selection_statement .)
    SPLIT           reduce using rule 32 (statement -> selection_statement .)
    PITBOARD        reduce using rule 32 (statement -> selection_statement .)
    YELLOW_FLAG     reduce using rule 32 (statement -> selection_statement .)
    RADIO           reduce using rule 32 (statement -> selection_statement .)
    STOP            reduce using rule 32 (statement -> selection_statement .)
    GARAGE          reduce using rule 32 (statement -> selection_statement .)
    STRATEGY_CHECK  reduce using rule 32 (statement -> selection_statement .)
    GAP_CHECK       reduce using rule 32 (statement -> selection_statement .)
    PITWALL         reduce using rule 32 (statement -> selection_statement .)
    PUSH            reduce using rule 32 (statement -> selection_statement .)
    BOX             reduce using rule 32 (statement -> selection_statement .)
    FORMATION_LAP   reduce using rule 32 (statement -> selection_statement .)
    PODIO           reduce using rule 32 (statement -> selection_statement .)
    BOX_BOX         reduce using rule 32 (statement -> selection_statement .)
    DRS             reduce using rule 32 (statement -> selection_statement .)
    BROADCAST       reduce using rule 32 (statement -> selection_statement .)
    TELEMETRY       reduce using rule 32 (statement -> selection_statement .)
    CHECKERED_FLAG  reduce using rule 32 (statement -> selection_statement .)
    GAP             reduce using rule 32 (statement -> selection_statement .)
    REVERSE_GRID    reduce using rule 32 (statement -> selection_statement .)
    REVERSE         reduce using rule 32 (statement -> selection_statement .)
    CORNER          reduce using rule 32 (statement -> selection_statement .)
    ID              reduce using rule 32 (statement -> selection_statement .)
    SLIPSTREAM      reduce using rule 32 (statement -> selection_statement .)
    POSITION        reduce using rule 32 (statement -> selection_statement .)
    INT_LITERAL     reduce using rule 32 (statement -> selection_statement .)
    FLOAT_LITERAL   reduce using rule 32 (statement -> selection_statement .)
    STRING_LITERAL  reduce using rule 32 (statement -> selection_statement .)
    CHAR_LITERAL    reduce using rule 32 (statement -> selection_statement .)
    TRUE            reduce using rule 32 (statement -> selection_statement .)
    FALSE           reduce using rule 32 (statement -> selection_statement .)
    DNF             reduce using rule 32 (statement -> selection_statement .)
    SECTOR          reduce using rule 32 (statement -> selection_statement .)
    NO_DATA         reduce using rule 32 (statement -> selection_statement .)


state 33

    (33) statement -> iteration_statement .

    READY           reduce using rule 33 (statement -> iteration_statement .)
    VSC             reduce using rule 33 (statement -> iteration_statement .)
    LAP             reduce using rule 33 (statement -> iteration_statement .)
    SPLIT           reduce using rule 33 (statement -> iteration_statement .)
    PITBOARD        reduce using rule 33 (statement -> iteration_statement .)
    YELLOW_FLAG     reduce using rule 33 (statement -> iteration_statement .)
    RADIO           reduce using rule 33 (statement -> iteration_statement .)
    STOP            reduce using rule 33 (statement -> iteration_statement .)
    GARAGE          reduce using rule 33 (statement -> iteration_statement .)
    STRATEGY_CHECK  reduce using rule 33 (statement -> iteration_statement .)
    GAP_CHECK       reduce using rule 33 (statement -> iteration_statement .)
    PITWALL         reduce using rule 33 (statement -> iteration_statement .)
    PUSH            reduce using rule 33 (statement -> iteration_statement .)
    BOX             reduce using rule 33 (statement -> iteration_statement .)
    FORMATION_LAP   reduce using rule 33 (statement -> iteration_statement .)
    PODIO           reduce using rule 33 (statement -> iteration_statement .)
    BOX_BOX         reduce using rule 33 (statement -> iteration_statement .)
    DRS             reduce using rule 33 (statement -> iteration_statement .)
    BROADCAST       reduce using rule 33 (statement -> iteration_statement .)
    TELEMETRY       reduce using rule 33 (statement -> iteration_statement .)
    CHECKERED_FLAG  reduce using rule 33 (statement -> iteration_statement .)
    GAP             reduce using rule 33 (statement -> iteration_statement .)
    REVERSE_GRID    reduce using rule 33 (statement -> iteration_statement .)
    REVERSE         reduce using rule 33 (statement -> iteration_statement .)
    CORNER          reduce using rule 33 (statement -> iteration_statement .)
    ID              reduce using rule 33 (statement -> iteration_statement .)
    SLIPSTREAM      reduce using rule 33 (statement -> iteration_statement .)
    POSITION        reduce using rule 33 (statement -> iteration_statement .)
    INT_LITERAL     reduce using rule 33 (statement -> iteration_statement .)
    FLOAT_LITERAL   reduce using rule 33 (statement -> iteration_statement .)
    STRING_LITERAL  reduce using rule 33 (statement -> iteration_statement .)
    CHAR_LITERAL    reduce using rule 33 (statement -> iteration_statement .)
    TRUE            reduce using rule 33 (statement -> iteration_statement .)
    FALSE           reduce using rule 33 (statement -> iteration_statement .)
    DNF             reduce using rule 33 (statement -> iteration_statement .)
    SECTOR          reduce using rule 33 (statement -> iteration_statement .)
    NO_DATA         reduce using rule 33 (statement -> iteration_statement .)


state 34

    (34) statement -> jump_statement .

    READY           reduce using rule 34 (statement -> jump_statement .)
    VSC             reduce using rule 34 (statement -> jump_statement .)
    LAP             reduce using rule 34 (statement -> jump_statement .)
    SPLIT           reduce using rule 34 (statement -> jump_statement .)
    PITBOARD        reduce using rule 34 (statement -> jump_statement .)
    YELLOW_FLAG     reduce using rule 34 (statement -> jump_statement .)
    RADIO           reduce using rule 34 (statement -> jump_statement .)
    STOP            reduce using rule 34 (statement -> jump_statement .)
    GARAGE          reduce using rule 34 (statement -> jump_statement .)
    STRATEGY_CHECK  reduce using rule 34 (statement -> jump_statement .)
    GAP_CHECK       reduce using rule 34 (statement -> jump_statement .)
    PITWALL         reduce using rule 34 (statement -> jump_statement .)
    PUSH            reduce using rule 34 (statement -> jump_statement .)
    BOX             reduce using rule 34 (statement -> jump_statement .)
    FORMATION_LAP   reduce using rule 34 (statement -> jump_statement .)
    PODIO           reduce using rule 34 (statement -> jump_statement .)
    BOX_BOX         reduce using rule 34 (statement -> jump_statement .)
    DRS             reduce using rule 34 (statement -> jump_statement .)
    BROADCAST       reduce using rule 34 (statement -> jump_statement .)
    TELEMETRY       reduce using rule 34 (statement -> jump_statement .)
    CHECKERED_FLAG  reduce using rule 34 (statement -> jump_statement .)
    GAP             reduce using rule 34 (statement -> jump_statement .)
    REVERSE_GRID    reduce using rule 34 (statement -> jump_statement .)
    REVERSE         reduce using rule 34 (statement -> jump_statement .)
    CORNER          reduce using rule 34 (statement -> jump_statement .)
    ID              reduce using rule 34 (statement -> jump_statement .)
    SLIPSTREAM      reduce using rule 34 (statement -> jump_statement .)
    POSITION        reduce using rule 34 (statement -> jump_statement .)
    INT_LITERAL     reduce using rule 34 (statement -> jump_statement .)
    FLOAT_LITERAL   reduce using rule 34 (statement -> jump_statement .)
    STRING_LITERAL  reduce using rule 34 (statement -> jump_statement .)
    CHAR_LITERAL    reduce using rule 34 (statement -> jump_statement .)
    TRUE            reduce using rule 34 (statement -> jump_statement .)
    FALSE           reduce using rule 34 (statement -> jump_statement .)
    DNF             reduce using rule 34 (statement -> jump_statement .)
    SECTOR          reduce using rule 34 (statement -> jump_statement .)
    NO_DATA         reduce using rule 34 (statement -> jump_statement .)


state 35

    (35) statement -> io_statement .

    READY           reduce using rule 35 (statement -> io_statement .)
    VSC             reduce using rule 35 (statement -> io_statement .)
    LAP             reduce using rule 35 (statement -> io_statement .)
    SPLIT           reduce using rule 35 (statement -> io_statement .)
    PITBOARD        reduce using rule 35 (statement -> io_statement .)
    YELLOW_FLAG     reduce using rule 35 (statement -> io_statement .)
    RADIO           reduce using rule 35 (statement -> io_statement .)
    STOP            reduce using rule 35 (statement -> io_statement .)
    GARAGE          reduce using rule 35 (statement -> io_statement .)
    STRATEGY_CHECK  reduce using rule 35 (statement -> io_statement .)
    GAP_CHECK       reduce using rule 35 (statement -> io_statement .)
    PITWALL         reduce using rule 35 (statement -> io_statement .)
    PUSH            reduce using rule 35 (statement -> io_statement .)
    BOX             reduce using rule 35 (statement -> io_statement .)
    FORMATION_LAP   reduce using rule 35 (statement -> io_statement .)
    PODIO           reduce using rule 35 (statement -> io_statement .)
    BOX_BOX         reduce using rule 35 (statement -> io_statement .)
    DRS             reduce using rule 35 (statement -> io_statement .)
    BROADCAST       reduce using rule 35 (statement -> io_statement .)
    TELEMETRY       reduce using rule 35 (statement -> io_statement .)
    CHECKERED_FLAG  reduce using rule 35 (statement -> io_statement .)
    GAP             reduce using rule 35 (statement -> io_statement .)
    REVERSE_GRID    reduce using rule 35 (statement -> io_statement .)
    REVERSE         reduce using rule 35 (statement -> io_statement .)
    CORNER          reduce using rule 35 (statement -> io_statement .)
    ID              reduce using rule 35 (statement -> io_statement .)
    SLIPSTREAM      reduce using rule 35 (statement -> io_statement .)
    POSITION        reduce using rule 35 (statement -> io_statement .)
    INT_LITERAL     reduce using rule 35 (statement -> io_statement .)
    FLOAT_LITERAL   reduce using rule 35 (statement -> io_statement .)
    STRING_LITERAL  reduce using rule 35 (statement -> io_statement .)
    CHAR_LITERAL    reduce using rule 35 (statement -> io_statement .)
    TRUE            reduce using rule 35 (statement -> io_statement .)
    FALSE           reduce using rule 35 (statement -> io_statement .)
    DNF             reduce using rule 35 (statement -> io_statement .)
    SECTOR          reduce using rule 35 (statement -> io_statement .)
    NO_DATA         reduce using rule 35 (statement -> io_statement .)


state 36

    (36) statement -> end_statement .

    READY           reduce using rule 36 (statement -> end_statement .)
    VSC             reduce using rule 36 (statement -> end_statement .)
    LAP             reduce using rule 36 (statement -> end_statement .)
    SPLIT           reduce using rule 36 (statement -> end_statement .)
    PITBOARD        reduce using rule 36 (statement -> end_statement .)
    YELLOW_FLAG     reduce using rule 36 (statement -> end_statement .)
    RADIO           reduce using rule 36 (statement -> end_statement .)
    STOP            reduce using rule 36 (statement -> end_statement .)
    GARAGE          reduce using rule 36 (statement -> end_statement .)
    STRATEGY_CHECK  reduce using rule 36 (statement -> end_statement .)
    GAP_CHECK       reduce using rule 36 (statement -> end_statement .)
    PITWALL         reduce using rule 36 (statement -> end_statement .)
    PUSH            reduce using rule 36 (statement -> end_statement .)
    BOX             reduce using rule 36 (statement -> end_statement .)
    FORMATION_LAP   reduce using rule 36 (statement -> end_statement .)
    PODIO           reduce using rule 36 (statement -> end_statement .)
    BOX_BOX         reduce using rule 36 (statement -> end_statement .)
    DRS             reduce using rule 36 (statement -> end_statement .)
    BROADCAST       reduce using rule 36 (statement -> end_statement .)
    TELEMETRY       reduce using rule 36 (statement -> end_statement .)
    CHECKERED_FLAG  reduce using rule 36 (statement -> end_statement .)
    GAP             reduce using rule 36 (statement -> end_statement .)
    REVERSE_GRID    reduce using rule 36 (statement -> end_statement .)
    REVERSE         reduce using rule 36 (statement -> end_statement .)
    CORNER          reduce using rule 36 (statement -> end_statement .)
    ID              reduce using rule 36 (statement -> end_statement .)
    SLIPSTREAM      reduce using rule 36 (statement -> end_statement .)
    POSITION        reduce using rule 36 (statement -> end_statement .)
    INT_LITERAL     reduce using rule 36 (statement -> end_statement .)
    FLOAT_LITERAL   reduce using rule 36 (statement -> end_statement .)
    STRING_LITERAL  reduce using rule 36 (statement -> end_statement .)
    CHAR_LITERAL    reduce using rule 36 (statement -> end_statement .)
    TRUE            reduce using rule 36 (statement -> end_statement .)
    FALSE           reduce using rule 36 (statement -> end_statement .)
    DNF             reduce using rule 36 (statement -> end_statement .)
    SECTOR          reduce using rule 36 (statement -> end_statement .)
    NO_DATA         reduce using rule 36 (statement -> end_statement .)


state 37

    (39) selection_statement -> STRATEGY_CHECK . CORNER expression APEX compound_statement
    (40) selection_statement -> STRATEGY_CHECK . CORNER expression APEX compound_statement STAY_OUT compound_statement
    (41) selection_statement -> STRATEGY_CHECK . CORNER expression APEX compound_statement STAY_OUT selection_statement

    CORNER          shift and go to state 94


state 38

    (82) expression -> CORNER . expression APEX
    (64) expression -> . expression TOW expression
    (65) expression -> . expression GAP expression
    (66) expression -> . expression ERS expression
    (67) expression -> . expression STINT expression
    (68) expression -> . expression FUEL_DELTA expression
    (69) expression -> . expression DEAD_HEAT expression
    (70) expression -> . expression OUTLAP expression
    (71) expression -> . expression UNDERCUT expression
    (72) expression -> . expression OVERCUT expression
    (73) expression -> . expression UNDEREQ expression
    (74) expression -> . expression OVEREQ expression
    (75) expression -> . expression BOTH_TYRES expression
    (76) expression -> . expression EITHER_TYRE expression
    (77) expression -> . expression SAFETY expression
    (78) expression -> . expression OVERTAKE expression
    (79) expression -> . GAP expression
    (80) expression -> . REVERSE_GRID expression
    (81) expression -> . REVERSE expression
    (82) expression -> . CORNER expression APEX
    (83) expression -> . ID SETUP expression
    (84) expression -> . ID PITSTOW expression
    (85) expression -> . ID PITGAP expression
    (86) expression -> . ID PITERS expression
    (87) expression -> . ID PITSTINT expression
    (88) expression -> . ID FASTLAP
    (89) expression -> . ID DEGRADATION
    (90) expression -> . SLIPSTREAM expression
    (91) expression -> . POSITION expression
    (92) expression -> . ID CORNER argument_list APEX
    (93) expression -> . ID CORNER APEX
    (96) expression -> . ID
    (97) expression -> . INT_LITERAL
    (98) expression -> . FLOAT_LITERAL
    (99) expression -> . STRING_LITERAL
    (100) expression -> . CHAR_LITERAL
    (101) expression -> . TRUE
    (102) expression -> . FALSE
    (103) expression -> . DNF

    GAP             shift and go to state 50
    REVERSE_GRID    shift and go to state 51
    REVERSE         shift and go to state 52
    CORNER          shift and go to state 38
    ID              shift and go to state 26
    SLIPSTREAM      shift and go to state 53
    POSITION        shift and go to state 54
    INT_LITERAL     shift and go to state 55
    FLOAT_LITERAL   shift and go to state 56
    STRING_LITERAL  shift and go to state 57
    CHAR_LITERAL    shift and go to state 58
    TRUE            shift and go to state 59
    FALSE           shift and go to state 60
    DNF             shift and go to state 61

    expression                     shift and go to state 95

state 39

    (42) selection_statement -> GAP_CHECK . CORNER expression APEX GARAGE case_list READY

    CORNER          shift and go to state 96


state 40

    (43) selection_statement -> PITWALL . CORNER expression APEX GARAGE case_list READY

    CORNER          shift and go to state 97


state 41

    (48) iteration_statement -> PUSH . CORNER expression APEX compound_statement

    CORNER          shift and go to state 98


state 42

    (49) iteration_statement -> BOX . compound_statement PUSH CORNER expression APEX STOP
    (21) compound_statement -> . GARAGE block_item_list READY
    (22) compound_statement -> . GARAGE READY

    GARAGE          shift and go to state 19

    compound_statement             shift and go to state 99

state 43

    (50) iteration_statement -> FORMATION_LAP . CORNER for_init expression for_semi expression APEX compound_statement
    (51) iteration_statement -> FORMATION_LAP . CORNER for_init expression for_semi APEX compound_statement
    (52) iteration_statement -> FORMATION_LAP . CORNER for_semi for_semi APEX compound_statement

    CORNER          shift and go to state 100


state 44

    (57) jump_statement -> PODIO . expression STOP
    (58) jump_statement -> PODIO . STOP
    (64) expression -> . expression TOW expression
    (65) expression -> . expression GAP expression
    (66) expression -> . expression ERS expression
    (67) expression -> . expression STINT expression
    (68) expression -> . expression FUEL_DELTA expression
    (69) expression -> . expression DEAD_HEAT expression
    (70) expression -> . expression OUTLAP expression
    (71) expression -> . expression UNDERCUT expression
    (72) expression -> . expression OVERCUT expression
    (73) expression -> . expression UNDEREQ expression
    (74) expression -> . expression OVEREQ expression
    (75) expression -> . expression BOTH_TYRES expression
    (76) expression -> . expression EITHER_TYRE expression
    (77) expression -> . expression SAFETY expression
    (78) expression -> . expression OVERTAKE expression
    (79) expression -> . GAP expression
    (80) expression -> . REVERSE_GRID expression
    (81) expression -> . REVERSE expression
    (82) expression -> . CORNER expression APEX
    (83) expression -> . ID SETUP expression
    (84) expression -> . ID PITSTOW expression
    (85) expression -> . ID PITGAP expression
    (86) expression -> . ID PITERS expression
    (87) expression -> . ID PITSTINT expression
    (88) expression -> . ID FASTLAP
    (89) expression -> . ID DEGRADATION
    (90) expression -> . SLIPSTREAM expression
    (91) expression -> . POSITION expression
    (92) expression -> . ID CORNER argument_list APEX
    (93) expression -> . ID CORNER APEX
    (96) expression -> . ID
    (97) expression -> . INT_LITERAL
    (98) expression -> . FLOAT_LITERAL
    (99) expression -> . STRING_LITERAL
    (100) expression -> . CHAR_LITERAL
    (101) expression -> . TRUE
    (102) expression -> . FALSE
    (103) expression -> . DNF

    STOP            shift and go to state 102
    GAP             shift and go to state 50
    REVERSE_GRID    shift and go to state 51
    REVERSE         shift and go to state 52
    CORNER          shift and go to state 38
    ID              shift and go to state 26
    SLIPSTREAM      shift and go to state 53
    POSITION        shift and go to state 54
    INT_LITERAL     shift and go to state 55
    FLOAT_LITERAL   shift and go to state 56
    STRING_LITERAL  shift and go to state 57
    CHAR_LITERAL    shift and go to state 58
    TRUE            shift and go to state 59
    FALSE           shift and go to state 60
    DNF             shift and go to state 61

    expression                     shift and go to state 101

state 45

    (59) jump_statement -> BOX_BOX . STOP

    STOP            shift and go to state 103


state 46

    (60) jump_statement -> DRS . STOP

    STOP            shift and go to state 104


state 47

    (61) io_statement -> BROADCAST . CORNER expression APEX STOP

    CORNER          shift and go to state 105


state 48

    (62) io_statement -> TELEMETRY . CORNER ID APEX STOP

    CORNER          shift and go to state 106


state 49

    (63) end_statement -> CHECKERED_FLAG . STOP

    STOP            shift and go to state 107


state 50

    (79) expression -> GAP . expression
    (64) expression -> . expression TOW expression
    (65) expression -> . expression GAP expression
    (66) expression -> . expression ERS expression
    (67) expression -> . expression STINT expression
    (68) expression -> . expression FUEL_DELTA expression
    (69) expression -> . expression DEAD_HEAT expression
    (70) expression -> . expression OUTLAP expression
    (71) expression -> . expression UNDERCUT expression
    (72) expression -> . expression OVERCUT expression
    (73) expression -> . expression UNDEREQ expression
    (74) expression -> . expression OVEREQ expression
    (75) expression -> . expression BOTH_TYRES expression
    (76) expression -> . expression EITHER_TYRE expression
    (77) expression -> . expression SAFETY expression
    (78) expression -> . expression OVERTAKE expression
    (79) expression -> . GAP expression
    (80) expression -> . REVERSE_GRID expression
    (81) expression -> . REVERSE expression
    (82) expression -> . CORNER expression APEX
    (83) expression -> . ID SETUP expression
    (84) expression -> . ID PITSTOW expression
    (85) expression -> . ID PITGAP expression
    (86) expression -> . ID PITERS expression
    (87) expression -> . ID PITSTINT expression
    (88) expression -> . ID FASTLAP
    (89) expression -> . ID DEGRADATION
    (90) expression -> . SLIPSTREAM expression
    (91) expression -> . POSITION expression
    (92) expression -> . ID CORNER argument_list APEX
    (93) expression -> . ID CORNER APEX
    (96) expression -> . ID
    (97) expression -> . INT_LITERAL
    (98) expression -> . FLOAT_LITERAL
    (99) expression -> . STRING_LITERAL
    (100) expression -> . CHAR_LITERAL
    (101) expression -> . TRUE
    (102) expression -> . FALSE
    (103) expression -> . DNF

    GAP             shift and go to state 50
    REVERSE_GRID    shift and go to state 51
    REVERSE         shift and go to state 52
    CORNER          shift and go to state 38
    ID              shift and go to state 26
    SLIPSTREAM      shift and go to state 53
    POSITION        shift and go to state 54
    INT_LITERAL     shift and go to state 55
    FLOAT_LITERAL   shift and go to state 56
    STRING_LITERAL  shift and go to state 57
    CHAR_LITERAL    shift and go to state 58
    TRUE            shift and go to state 59
    FALSE           shift and go to state 60
    DNF             shift and go to state 61

    expression                     shift and go to state 108

state 51

    (80) expression -> REVERSE_GRID . expression
    (64) expression -> . expression TOW expression
    (65) expression -> . expression GAP expression
    (66) expression -> . expression ERS expression
    (67) expression -> . expression STINT expression
    (68) expression -> . expression FUEL_DELTA expression
    (69) expression -> . expression DEAD_HEAT expression
    (70) expression -> . expression OUTLAP expression
    (71) expression -> . expression UNDERCUT expression
    (72) expression -> . expression OVERCUT expression
    (73) expression -> . expression UNDEREQ expression
    (74) expression -> . expression OVEREQ expression
    (75) expression -> . expression BOTH_TYRES expression
    (76) expression -> . expression EITHER_TYRE expression
    (77) expression -> . expression SAFETY expression
    (78) expression -> . expression OVERTAKE expression
    (79) expression -> . GAP expression
    (80) expression -> . REVERSE_GRID expression
    (81) expression -> . REVERSE expression
    (82) expression -> . CORNER expression APEX
    (83) expression -> . ID SETUP expression
    (84) expression -> . ID PITSTOW expression
    (85) expression -> . ID PITGAP expression
    (86) expression -> . ID PITERS expression
    (87) expression -> . ID PITSTINT expression
    (88) expression -> . ID FASTLAP
    (89) expression -> . ID DEGRADATION
    (90) expression -> . SLIPSTREAM expression
    (91) expression -> . POSITION expression
    (92) expression -> . ID CORNER argument_list APEX
    (93) expression -> . ID CORNER APEX
    (96) expression -> . ID
    (97) expression -> . INT_LITERAL
    (98) expression -> . FLOAT_LITERAL
    (99) expression -> . STRING_LITERAL
    (100) expression -> . CHAR_LITERAL
    (101) expression -> . TRUE
    (102) expression -> . FALSE
    (103) expression -> . DNF

    GAP             shift and go to state 50
    REVERSE_GRID    shift and go to state 51
    REVERSE         shift and go to state 52
    CORNER          shift and go to state 38
    ID              shift and go to state 26
    SLIPSTREAM      shift and go to state 53
    POSITION        shift and go to state 54
    INT_LITERAL     shift and go to state 55
    FLOAT_LITERAL   shift and go to state 56
    STRING_LITERAL  shift and go to state 57
    CHAR_LITERAL    shift and go to state 58
    TRUE            shift and go to state 59
    FALSE           shift and go to state 60
    DNF             shift and go to state 61

    expression                     shift and go to state 109

state 52

    (81) expression -> REVERSE . expression
    (64) expression -> . expression TOW expression
    (65) expression -> . expression GAP expression
    (66) expression -> . expression ERS expression
    (67) expression -> . expression STINT expression
    (68) expression -> . expression FUEL_DELTA expression
    (69) expression -> . expression DEAD_HEAT expression
    (70) expression -> . expression OUTLAP expression
    (71) expression -> . expression UNDERCUT expression
    (72) expression -> . expression OVERCUT expression
    (73) expression -> . expression UNDEREQ expression
    (74) expression -> . expression OVEREQ expression
    (75) expression -> . expression BOTH_TYRES expression
    (76) expression -> . expression EITHER_TYRE expression
    (77) expression -> . expression SAFETY expression
    (78) expression -> . expression OVERTAKE expression
    (79) expression -> . GAP expression
    (80) expression -> . REVERSE_GRID expression
    (81) expression -> . REVERSE expression
    (82) expression -> . CORNER expression APEX
    (83) expression -> . ID SETUP expression
    (84) expression -> . ID PITSTOW expression
    (85) expression -> . ID PITGAP expression
    (86) expression -> . ID PITERS expression
    (87) expression -> . ID PITSTINT expression
    (88) expression -> . ID FASTLAP
    (89) expression -> . ID DEGRADATION
    (90) expression -> . SLIPSTREAM expression
    (91) expression -> . POSITION expression
    (92) expression -> . ID CORNER argument_list APEX
    (93) expression -> . ID CORNER APEX
    (96) expression -> . ID
    (97) expression -> . INT_LITERAL
    (98) expression -> . FLOAT_LITERAL
    (99) expression -> . STRING_LITERAL
    (100) expression -> . CHAR_LITERAL
    (101) expression -> . TRUE
    (102) expression -> . FALSE
    (103) expression -> . DNF

    GAP             shift and go to state 50
    REVERSE_GRID    shift and go to state 51
    REVERSE         shift and go to state 52
    CORNER          shift and go to state 38
    ID              shift and go to state 26
    SLIPSTREAM      shift and go to state 53
    POSITION        shift and go to state 54
    INT_LITERAL     shift and go to state 55
    FLOAT_LITERAL   shift and go to state 56
    STRING_LITERAL  shift and go to state 57
    CHAR_LITERAL    shift and go to state 58
    TRUE            shift and go to state 59
    FALSE           shift and go to state 60
    DNF             shift and go to state 61

    expression                     shift and go to state 110

state 53

    (90) expression -> SLIPSTREAM . expression
    (64) expression -> . expression TOW expression
    (65) expression -> . expression GAP expression
    (66) expression -> . expression ERS expression
    (67) expression -> . expression STINT expression
    (68) expression -> . expression FUEL_DELTA expression
    (69) expression -> . expression DEAD_HEAT expression
    (70) expression -> . expression OUTLAP expression
    (71) expression -> . expression UNDERCUT expression
    (72) expression -> . expression OVERCUT expression
    (73) expression -> . expression UNDEREQ expression
    (74) expression -> . expression OVEREQ expression
    (75) expression -> . expression BOTH_TYRES expression
    (76) expression -> . expression EITHER_TYRE expression
    (77) expression -> . expression SAFETY expression
    (78) expression -> . expression OVERTAKE expression
    (79) expression -> . GAP expression
    (80) expression -> . REVERSE_GRID expression
    (81) expression -> . REVERSE expression
    (82) expression -> . CORNER expression APEX
    (83) expression -> . ID SETUP expression
    (84) expression -> . ID PITSTOW expression
    (85) expression -> . ID PITGAP expression
    (86) expression -> . ID PITERS expression
    (87) expression -> . ID PITSTINT expression
    (88) expression -> . ID FASTLAP
    (89) expression -> . ID DEGRADATION
    (90) expression -> . SLIPSTREAM expression
    (91) expression -> . POSITION expression
    (92) expression -> . ID CORNER argument_list APEX
    (93) expression -> . ID CORNER APEX
    (96) expression -> . ID
    (97) expression -> . INT_LITERAL
    (98) expression -> . FLOAT_LITERAL
    (99) expression -> . STRING_LITERAL
    (100) expression -> . CHAR_LITERAL
    (101) expression -> . TRUE
    (102) expression -> . FALSE
    (103) expression -> . DNF

    GAP             shift and go to state 50
    REVERSE_GRID    shift and go to state 51
    REVERSE         shift and go to state 52
    CORNER          shift and go to state 38
    ID              shift and go to state 26
    SLIPSTREAM      shift and go to state 53
    POSITION        shift and go to state 54
    INT_LITERAL     shift and go to state 55
    FLOAT_LITERAL   shift and go to state 56
    STRING_LITERAL  shift and go to state 57
    CHAR_LITERAL    shift and go to state 58
    TRUE            shift and go to state 59
    FALSE           shift and go to state 60
    DNF             shift and go to state 61

    expression                     shift and go to state 111

state 54

    (91) expression -> POSITION . expression
    (64) expression -> . expression TOW expression
    (65) expression -> . expression GAP expression
    (66) expression -> . expression ERS expression
    (67) expression -> . expression STINT expression
    (68) expression -> . expression FUEL_DELTA expression
    (69) expression -> . expression DEAD_HEAT expression
    (70) expression -> . expression OUTLAP expression
    (71) expression -> . expression UNDERCUT expression
    (72) expression -> . expression OVERCUT expression
    (73) expression -> . expression UNDEREQ expression
    (74) expression -> . expression OVEREQ expression
    (75) expression -> . expression BOTH_TYRES expression
    (76) expression -> . expression EITHER_TYRE expression
    (77) expression -> . expression SAFETY expression
    (78) expression -> . expression OVERTAKE expression
    (79) expression -> . GAP expression
    (80) expression -> . REVERSE_GRID expression
    (81) expression -> . REVERSE expression
    (82) expression -> . CORNER expression APEX
    (83) expression -> . ID SETUP expression
    (84) expression -> . ID PITSTOW expression
    (85) expression -> . ID PITGAP expression
    (86) expression -> . ID PITERS expression
    (87) expression -> . ID PITSTINT expression
    (88) expression -> . ID FASTLAP
    (89) expression -> . ID DEGRADATION
    (90) expression -> . SLIPSTREAM expression
    (91) expression -> . POSITION expression
    (92) expression -> . ID CORNER argument_list APEX
    (93) expression -> . ID CORNER APEX
    (96) expression -> . ID
    (97) expression -> . INT_LITERAL
    (98) expression -> . FLOAT_LITERAL
    (99) expression -> . STRING_LITERAL
    (100) expression -> . CHAR_LITERAL
    (101) expression -> . TRUE
    (102) expression -> . FALSE
    (103) expression -> . DNF

    GAP             shift and go to state 50
    REVERSE_GRID    shift and go to state 51
    REVERSE         shift and go to state 52
    CORNER          shift and go to state 38
    ID              shift and go to state 26
    SLIPSTREAM      shift and go to state 53
    POSITION        shift and go to state 54
    INT_LITERAL     shift and go to state 55
    FLOAT_LITERAL   shift and go to state 56
    STRING_LITERAL  shift and go to state 57
    CHAR_LITERAL    shift and go to state 58
    TRUE            shift and go to state 59
    FALSE           shift and go to state 60
    DNF             shift and go to state 61

    expression                     shift and go to state 112

state 55

    (97) expression -> INT_LITERAL .

    STOP            reduce using rule 97 (expression -> INT_LITERAL .)
    TOW             reduce using rule 97 (expression -> INT_LITERAL .)
    GAP             reduce using rule 97 (expression -> INT_LITERAL .)
    ERS             reduce using rule 97 (expression -> INT_LITERAL .)
    STINT           reduce using rule 97 (expression -> INT_LITERAL .)
    FUEL_DELTA      reduce using rule 97 (expression -> INT_LITERAL .)
    DEAD_HEAT       reduce using rule 97 (expression -> INT_LITERAL .)
    OUTLAP          reduce using rule 97 (expression -> INT_LITERAL .)
    UNDERCUT        reduce using rule 97 (expression -> INT_LITERAL .)
    OVERCUT         reduce using rule 97 (expression -> INT_LITERAL .)
    UNDEREQ         reduce using rule 97 (expression -> INT_LITERAL .)
    OVEREQ          reduce using rule 97 (expression -> INT_LITERAL .)
    BOTH_TYRES      reduce using rule 97 (expression -> INT_LITERAL .)
    EITHER_TYRE     reduce using rule 97 (expression -> INT_LITERAL .)
    SAFETY          reduce using rule 97 (expression -> INT_LITERAL .)
    OVERTAKE        reduce using rule 97 (expression -> INT_LITERAL .)
    APEX            reduce using rule 97 (expression -> INT_LITERAL .)
    ALSO            reduce using rule 97 (expression -> INT_LITERAL .)
    MARSHALL        reduce using rule 97 (expression -> INT_LITERAL .)


state 56

    (98) expression -> FLOAT_LITERAL .

    STOP            reduce using rule 98 (expression -> FLOAT_LITERAL .)
    TOW             reduce using rule 98 (expression -> FLOAT_LITERAL .)
    GAP             reduce using rule 98 (expression -> FLOAT_LITERAL .)
    ERS             reduce using rule 98 (expression -> FLOAT_LITERAL .)
    STINT           reduce using rule 98 (expression -> FLOAT_LITERAL .)
    FUEL_DELTA      reduce using rule 98 (expression -> FLOAT_LITERAL .)
    DEAD_HEAT       reduce using rule 98 (expression -> FLOAT_LITERAL .)
    OUTLAP          reduce using rule 98 (expression -> FLOAT_LITERAL .)
    UNDERCUT        reduce using rule 98 (expression -> FLOAT_LITERAL .)
    OVERCUT         reduce using rule 98 (expression -> FLOAT_LITERAL .)
    UNDEREQ         reduce using rule 98 (expression -> FLOAT_LITERAL .)
    OVEREQ          reduce using rule 98 (expression -> FLOAT_LITERAL .)
    BOTH_TYRES      reduce using rule 98 (expression -> FLOAT_LITERAL .)
    EITHER_TYRE     reduce using rule 98 (expression -> FLOAT_LITERAL .)
    SAFETY          reduce using rule 98 (expression -> FLOAT_LITERAL .)
    OVERTAKE        reduce using rule 98 (expression -> FLOAT_LITERAL .)
    APEX            reduce using rule 98 (expression -> FLOAT_LITERAL .)
    ALSO            reduce using rule 98 (expression -> FLOAT_LITERAL .)
    MARSHALL        reduce using rule 98 (expression -> FLOAT_LITERAL .)


state 57

    (99) expression -> STRING_LITERAL .

    STOP            reduce using rule 99 (expression -> STRING_LITERAL .)
    TOW             reduce using rule 99 (expression -> STRING_LITERAL .)
    GAP             reduce using rule 99 (expression -> STRING_LITERAL .)
    ERS             reduce using rule 99 (expression -> STRING_LITERAL .)
    STINT           reduce using rule 99 (expression -> STRING_LITERAL .)
    FUEL_DELTA      reduce using rule 99 (expression -> STRING_LITERAL .)
    DEAD_HEAT       reduce using rule 99 (expression -> STRING_LITERAL .)
    OUTLAP          reduce using rule 99 (expression -> STRING_LITERAL .)
    UNDERCUT        reduce using rule 99 (expression -> STRING_LITERAL .)
    OVERCUT         reduce using rule 99 (expression -> STRING_LITERAL .)
    UNDEREQ         reduce using rule 99 (expression -> STRING_LITERAL .)
    OVEREQ          reduce using rule 99 (expression -> STRING_LITERAL .)
    BOTH_TYRES      reduce using rule 99 (expression -> STRING_LITERAL .)
    EITHER_TYRE     reduce using rule 99 (expression -> STRING_LITERAL .)
    SAFETY          reduce using rule 99 (expression -> STRING_LITERAL .)
    OVERTAKE        reduce using rule 99 (expression -> STRING_LITERAL .)
    APEX            reduce using rule 99 (expression -> STRING_LITERAL .)
    ALSO            reduce using rule 99 (expression -> STRING_LITERAL .)
    MARSHALL        reduce using rule 99 (expression -> STRING_LITERAL .)


state 58

    (100) expression -> CHAR_LITERAL .

    STOP            reduce using rule 100 (expression -> CHAR_LITERAL .)
    TOW             reduce using rule 100 (expression -> CHAR_LITERAL .)
    GAP             reduce using rule 100 (expression -> CHAR_LITERAL .)
    ERS             reduce using rule 100 (expression -> CHAR_LITERAL .)
    STINT           reduce using rule 100 (expression -> CHAR_LITERAL .)
    FUEL_DELTA      reduce using rule 100 (expression -> CHAR_LITERAL .)
    DEAD_HEAT       reduce using rule 100 (expression -> CHAR_LITERAL .)
    OUTLAP          reduce using rule 100 (expression -> CHAR_LITERAL .)
    UNDERCUT        reduce using rule 100 (expression -> CHAR_LITERAL .)
    OVERCUT         reduce using rule 100 (expression -> CHAR_LITERAL .)
    UNDEREQ         reduce using rule 100 (expression -> CHAR_LITERAL .)
    OVEREQ          reduce using rule 100 (expression -> CHAR_LITERAL .)
    BOTH_TYRES      reduce using rule 100 (expression -> CHAR_LITERAL .)
    EITHER_TYRE     reduce using rule 100 (expression -> CHAR_LITERAL .)
    SAFETY          reduce using rule 100 (expression -> CHAR_LITERAL .)
    OVERTAKE        reduce using rule 100 (expression -> CHAR_LITERAL .)
    APEX            reduce using rule 100 (expression -> CHAR_LITERAL .)
    ALSO            reduce using rule 100 (expression -> CHAR_LITERAL .)
    MARSHALL        reduce using rule 100 (expression -> CHAR_LITERAL .)


state 59

    (101) expression -> TRUE .

    STOP            reduce using rule 101 (expression -> TRUE .)
    TOW             reduce using rule 101 (expression -> TRUE .)
    GAP             reduce using rule 101 (expression -> TRUE .)
    ERS             reduce using rule 101 (expression -> TRUE .)
    STINT           reduce using rule 101 (expression -> TRUE .)
    FUEL_DELTA      reduce using rule 101 (expression -> TRUE .)
    DEAD_HEAT       reduce using rule 101 (expression -> TRUE .)
    OUTLAP          reduce using rule 101 (expression -> TRUE .)
    UNDERCUT        reduce using rule 101 (expression -> TRUE .)
    OVERCUT         reduce using rule 101 (expression -> TRUE .)
    UNDEREQ         reduce using rule 101 (expression -> TRUE .)
    OVEREQ          reduce using rule 101 (expression -> TRUE .)
    BOTH_TYRES      reduce using rule 101 (expression -> TRUE .)
    EITHER_TYRE     reduce using rule 101 (expression -> TRUE .)
    SAFETY          reduce using rule 101 (expression -> TRUE .)
    OVERTAKE        reduce using rule 101 (expression -> TRUE .)
    APEX            reduce using rule 101 (expression -> TRUE .)
    ALSO            reduce using rule 101 (expression -> TRUE .)
    MARSHALL        reduce using rule 101 (expression -> TRUE .)


state 60

    (102) expression -> FALSE .

    STOP            reduce using rule 102 (expression -> FALSE .)
    TOW             reduce using rule 102 (expression -> FALSE .)
    GAP             reduce using rule 102 (expression -> FALSE .)
    ERS             reduce using rule 102 (expression -> FALSE .)
    STINT           reduce using rule 102 (expression -> FALSE .)
    FUEL_DELTA      reduce using rule 102 (expression -> FALSE .)
    DEAD_HEAT       reduce using rule 102 (expression -> FALSE .)
    OUTLAP          reduce using rule 102 (expression -> FALSE .)
    UNDERCUT        reduce using rule 102 (expression -> FALSE .)
    OVERCUT         reduce using rule 102 (expression -> FALSE .)
    UNDEREQ         reduce using rule 102 (expression -> FALSE .)
    OVEREQ          reduce using rule 102 (expression -> FALSE .)
    BOTH_TYRES      reduce using rule 102 (expression -> FALSE .)
    EITHER_TYRE     reduce using rule 102 (expression -> FALSE .)
    SAFETY          reduce using rule 102 (expression -> FALSE .)
    OVERTAKE        reduce using rule 102 (expression -> FALSE .)
    APEX            reduce using rule 102 (expression -> FALSE .)
    ALSO            reduce using rule 102 (expression -> FALSE .)
    MARSHALL        reduce using rule 102 (expression -> FALSE .)


state 61

    (103) expression -> DNF .

    STOP            reduce using rule 103 (expression -> DNF .)
    TOW             reduce using rule 103 (expression -> DNF .)
    GAP             reduce using rule 103 (expression -> DNF .)
    ERS             reduce using rule 103 (expression -> DNF .)
    STINT           reduce using rule 103 (expression -> DNF .)
    FUEL_DELTA      reduce using rule 103 (expression -> DNF .)
    DEAD_HEAT       reduce using rule 103 (expression -> DNF .)
    OUTLAP          reduce using rule 103 (expression -> DNF .)
    UNDERCUT        reduce using rule 103 (expression -> DNF .)
    OVERCUT         reduce using rule 103 (expression -> DNF .)
    UNDEREQ         reduce using rule 103 (expression -> DNF .)
    OVEREQ          reduce using rule 103 (expression -> DNF .)
    BOTH_TYRES      reduce using rule 103 (expression -> DNF .)
    EITHER_TYRE     reduce using rule 103 (expression -> DNF .)
    SAFETY          reduce using rule 103 (expression -> DNF .)
    OVERTAKE        reduce using rule 103 (expression -> DNF .)
    APEX            reduce using rule 103 (expression -> DNF .)
    ALSO            reduce using rule 103 (expression -> DNF .)
    MARSHALL        reduce using rule 103 (expression -> DNF .)


state 62

    (9) function_definition -> STRATEGY type_specifier ID . CORNER parameter_list APEX compound_statement
    (10) function_definition -> STRATEGY type_specifier ID . CORNER APEX compound_statement

    CORNER          shift and go to state 113


state 63

    (11) function_definition -> STRATEGY NEUTRO ID . CORNER parameter_list APEX compound_statement
    (12) function_definition -> STRATEGY NEUTRO ID . CORNER APEX compound_statement

    CORNER          shift and go to state 114


state 64

    (21) compound_statement -> GARAGE block_item_list . READY
    (24) block_item_list -> block_item_list . block_item
    (25) block_item -> . declaration
    (26) block_item -> . statement
    (27) declaration -> . type_specifier ID SETUP expression STOP
    (28) declaration -> . type_specifier ID STOP
    (29) declaration -> . VSC type_specifier ID SETUP expression STOP
    (30) statement -> . expression_statement
    (31) statement -> . compound_statement
    (32) statement -> . selection_statement
    (33) statement -> . iteration_statement
    (34) statement -> . jump_statement
    (35) statement -> . io_statement
    (36) statement -> . end_statement
    (16) type_specifier -> . LAP
    (17) type_specifier -> . SPLIT
    (18) type_specifier -> . PITBOARD
    (19) type_specifier -> . YELLOW_FLAG
    (20) type_specifier -> . RADIO
    (37) expression_statement -> . expression STOP
    (38) expression_statement -> . STOP
    (21) compound_statement -> . GARAGE block_item_list READY
    (22) compound_statement -> . GARAGE READY
    (39) selection_statement -> . STRATEGY_CHECK CORNER expression APEX compound_statement
    (40) selection_statement -> . STRATEGY_CHECK CORNER expression APEX compound_statement STAY_OUT compound_statement
    (41) selection_statement -> . STRATEGY_CHECK CORNER expression APEX compound_statement STAY_OUT selection_statement
    (42) selection_statement -> . GAP_CHECK CORNER expression APEX GARAGE case_list READY
    (43) selection_statement -> . PITWALL CORNER expression APEX GARAGE case_list READY
    (48) iteration_statement -> . PUSH CORNER expression APEX compound_statement
    (49) iteration_statement -> . BOX compound_statement PUSH CORNER expression APEX STOP
    (50) iteration_statement -> . FORMATION_LAP CORNER for_init expression for_semi expression APEX compound_statement
    (51) iteration_statement -> . FORMATION_LAP CORNER for_init expression for_semi APEX compound_statement
    (52) iteration_statement -> . FORMATION_LAP CORNER for_semi for_semi APEX compound_statement
    (57) jump_statement -> . PODIO expression STOP
    (58) jump_statement -> . PODIO STOP
    (59) jump_statement -> . BOX_BOX STOP
    (60) jump_statement -> . DRS STOP
    (61) io_statement -> . BROADCAST CORNER expression APEX STOP
    (62) io_statement -> . TELEMETRY CORNER ID APEX STOP
    (63) end_statement -> . CHECKERED_FLAG STOP
    (64) expression -> . expression TOW expression
    (65) expression -> . expression GAP expression
    (66) expression -> . expression ERS expression
    (67) expression -> . expression STINT expression
    (68) expression -> . expression FUEL_DELTA expression
    (69) expression -> . expression DEAD_HEAT expression
    (70) expression -> . expression OUTLAP expression
    (71) expression -> . expression UNDERCUT expression
    (72) expression -> . expression OVERCUT expression
    (73) expression -> . expression UNDEREQ expression
    (74) expression -> . expression OVEREQ expression
    (75) expression -> . expression BOTH_TYRES expression
    (76) expression -> . expression EITHER_TYRE expression
    (77) expression -> . expression SAFETY expression
    (78) expression -> . expression OVERTAKE expression
    (79) expression -> . GAP expression
    (80) expression -> . REVERSE_GRID expression
    (81) expression -> . REVERSE expression
    (82) expression -> . CORNER expression APEX
    (83) expression -> . ID SETUP expression
    (84) expression -> . ID PITSTOW expression
    (85) expression -> . ID PITGAP expression
    (86) expression -> . ID PITERS expression
    (87) expression -> . ID PITSTINT expression
    (88) expression -> . ID FASTLAP
    (89) expression -> . ID DEGRADATION
    (90) expression -> . SLIPSTREAM expression
    (91) expression -> . POSITION expression
    (92) expression -> . ID CORNER argument_list APEX
    (93) expression -> . ID CORNER APEX
    (96) expression -> . ID
    (97) expression -> . INT_LITERAL
    (98) expression -> . FLOAT_LITERAL
    (99) expression -> . STRING_LITERAL
    (100) expression -> . CHAR_LITERAL
    (101) expression -> . TRUE
    (102) expression -> . FALSE
    (103) expression -> . DNF

    READY           shift and go to state 115
    VSC             shift and go to state 29
    LAP             shift and go to state 13
    SPLIT           shift and go to state 14
    PITBOARD        shift and go to state 15
    YELLOW_FLAG     shift and go to state 16
    RADIO           shift and go to state 17
    STOP            shift and go to state 28
    GARAGE          shift and go to state 19
    STRATEGY_CHECK  shift and go to state 37
    GAP_CHECK       shift and go to state 39
    PITWALL         shift and go to state 40
    PUSH            shift and go to state 41
    BOX             shift and go to state 42
    FORMATION_LAP   shift and go to state 43
    PODIO           shift and go to state 44
    BOX_BOX         shift and go to state 45
    DRS             shift and go to state 46
    BROADCAST       shift and go to state 47
    TELEMETRY       shift and go to state 48
    CHECKERED_FLAG  shift and go to state 49
    GAP             shift and go to state 50
    REVERSE_GRID    shift and go to state 51
    REVERSE         shift and go to state 52
    CORNER          shift and go to state 38
    ID              shift and go to state 26
    SLIPSTREAM      shift and go to state 53
    POSITION        shift and go to state 54
    INT_LITERAL     shift and go to state 55
    FLOAT_LITERAL   shift and go to state 56
    STRING_LITERAL  shift and go to state 57
    CHAR_LITERAL    shift and go to state 58
    TRUE            shift and go to state 59
    FALSE           shift and go to state 60
    DNF             shift and go to state 61

    block_item                     shift and go to state 67
    declaration                    shift and go to state 23
    statement                      shift and go to state 24
    type_specifier                 shift and go to state 25
    expression                     shift and go to state 27
    expression_statement           shift and go to state 30
    compound_statement             shift and go to state 31
    selection_statement            shift and go to state 32
    iteration_statement            shift and go to state 33
    jump_statement                 shift and go to state 34
    io_statement                   shift and go to state 35
    end_statement                  shift and go to state 36

state 65

    (22) compound_statement -> GARAGE READY .

    READY           reduce using rule 22 (compound_statement -> GARAGE READY .)
    VSC             reduce using rule 22 (compound_statement -> GARAGE READY .)
    LAP             reduce using rule 22 (compound_statement -> GARAGE READY .)
    SPLIT           reduce using rule 22 (compound_statement -> GARAGE READY .)
    PITBOARD        reduce using rule 22 (compound_statement -> GARAGE READY .)
    YELLOW_FLAG     reduce using rule 22 (compound_statement -> GARAGE READY .)
    RADIO           reduce using rule 22 (compound_statement -> GARAGE READY .)
    STOP            reduce using rule 22 (compound_statement -> GARAGE READY .)
    GARAGE          reduce using rule 22 (compound_statement -> GARAGE READY .)
    STRATEGY_CHECK  reduce using rule 22 (compound_statement -> GARAGE READY .)
    GAP_CHECK       reduce using rule 22 (compound_statement -> GARAGE READY .)
    PITWALL         reduce using rule 22 (compound_statement -> GARAGE READY .)
    PUSH            reduce using rule 22 (compound_statement -> GARAGE READY .)
    BOX             reduce using rule 22 (compound_statement -> GARAGE READY .)
    FORMATION_LAP   reduce using rule 22 (compound_statement -> GARAGE READY .)
    PODIO           reduce using rule 22 (compound_statement -> GARAGE READY .)
    BOX_BOX         reduce using rule 22 (compound_statement -> GARAGE READY .)
    DRS             reduce using rule 22 (compound_statement -> GARAGE READY .)
    BROADCAST       reduce using rule 22 (compound_statement -> GARAGE READY .)
    TELEMETRY       reduce using rule 22 (compound_statement -> GARAGE READY .)
    CHECKERED_FLAG  reduce using rule 22 (compound_statement -> GARAGE READY .)
    GAP             reduce using rule 22 (compound_statement -> GARAGE READY .)
    REVERSE_GRID    reduce using rule 22 (compound_statement -> GARAGE READY .)
    REVERSE         reduce using rule 22 (compound_statement -> GARAGE READY .)
    CORNER          reduce using rule 22 (compound_statement -> GARAGE READY .)
    ID              reduce using rule 22 (compound_statement -> GARAGE READY .)
    SLIPSTREAM      reduce using rule 22 (compound_statement -> GARAGE READY .)
    POSITION        reduce using rule 22 (compound_statement -> GARAGE READY .)
    INT_LITERAL     reduce using rule 22 (compound_statement -> GARAGE READY .)
    FLOAT_LITERAL   reduce using rule 22 (compound_statement -> GARAGE READY .)
    STRING_LITERAL  reduce using rule 22 (compound_statement -> GARAGE READY .)
    CHAR_LITERAL    reduce using rule 22 (compound_statement -> GARAGE READY .)
    TRUE            reduce using rule 22 (compound_statement -> GARAGE READY .)
    FALSE           reduce using rule 22 (compound_statement -> GARAGE READY .)
    DNF             reduce using rule 22 (compound_statement -> GARAGE READY .)
    RACE_START      reduce using rule 22 (compound_statement -> GARAGE READY .)
    STRATEGY        reduce using rule 22 (compound_statement -> GARAGE READY .)
    $end            reduce using rule 22 (compound_statement -> GARAGE READY .)
    STAY_OUT        reduce using rule 22 (compound_statement -> GARAGE READY .)
    SECTOR          reduce using rule 22 (compound_statement -> GARAGE READY .)
    NO_DATA         reduce using rule 22 (compound_statement -> GARAGE READY .)


state 66

    (7) main_program -> RACE_START GARAGE block_item_list READY .

    STRATEGY        reduce using rule 7 (main_program -> RACE_START GARAGE block_item_list READY .)
    $end            reduce using rule 7 (main_program -> RACE_START GARAGE block_item_list READY .)


state 67

    (24) block_item_list -> block_item_list block_item .

    READY           reduce using rule 24 (block_item_list -> block_item_list block_item .)
    VSC             reduce using rule 24 (block_item_list -> block_item_list block_item .)
    LAP             reduce using rule 24 (block_item_list -> block_item_list block_item .)
    SPLIT           reduce using rule 24 (block_item_list -> block_item_list block_item .)
    PITBOARD        reduce using rule 24 (block_item_list -> block_item_list block_item .)
    YELLOW_FLAG     reduce using rule 24 (block_item_list -> block_item_list block_item .)
    RADIO           reduce using rule 24 (block_item_list -> block_item_list block_item .)
    STOP            reduce using rule 24 (block_item_list -> block_item_list block_item .)
    GARAGE          reduce using rule 24 (block_item_list -> block_item_list block_item .)
    STRATEGY_CHECK  reduce using rule 24 (block_item_list -> block_item_list block_item .)
    GAP_CHECK       reduce using rule 24 (block_item_list -> block_item_list block_item .)
    PITWALL         reduce using rule 24 (block_item_list -> block_item_list block_item .)
    PUSH            reduce using rule 24 (block_item_list -> block_item_list block_item .)
    BOX             reduce using rule 24 (block_item_list -> block_item_list block_item .)
    FORMATION_LAP   reduce using rule 24 (block_item_list -> block_item_list block_item .)
    PODIO           reduce using rule 24 (block_item_list -> block_item_list block_item .)
    BOX_BOX         reduce using rule 24 (block_item_list -> block_item_list block_item .)
    DRS             reduce using rule 24 (block_item_list -> block_item_list block_item .)
    BROADCAST       reduce using rule 24 (block_item_list -> block_item_list block_item .)
    TELEMETRY       reduce using rule 24 (block_item_list -> block_item_list block_item .)
    CHECKERED_FLAG  reduce using rule 24 (block_item_list -> block_item_list block_item .)
    GAP             reduce using rule 24 (block_item_list -> block_item_list block_item .)
    REVERSE_GRID    reduce using rule 24 (block_item_list -> block_item_list block_item .)
    REVERSE         reduce using rule 24 (block_item_list -> block_item_list block_item .)
    CORNER          reduce using rule 24 (block_item_list -> block_item_list block_item .)
    ID              reduce using rule 24 (block_item_list -> block_item_list block_item .)
    SLIPSTREAM      reduce using rule 24 (block_item_list -> block_item_list block_item .)
    POSITION        reduce using rule 24 (block_item_list -> block_item_list block_item .)
    INT_LITERAL     reduce using rule 24 (block_item_list -> block_item_list block_item .)
    FLOAT_LITERAL   reduce using rule 24 (block_item_list -> block_item_list block_item .)
    STRING_LITERAL  reduce using rule 24 (block_item_list -> block_item_list block_item .)
    CHAR_LITERAL    reduce using rule 24 (block_item_list -> block_item_list block_item .)
    TRUE            reduce using rule 24 (block_item_list -> block_item_list block_item .)
    FALSE           reduce using rule 24 (block_item_list -> block_item_list block_item .)
    DNF             reduce using rule 24 (block_item_list -> block_item_list block_item .)
    SECTOR          reduce using rule 24 (block_item_list -> block_item_list block_item .)
    NO_DATA         reduce using rule 24 (block_item_list -> block_item_list block_item .)


state 68

    (27) declaration -> type_specifier ID . SETUP expression STOP
    (28) declaration -> type_specifier ID . STOP

    SETUP           shift and go to state 116
    STOP            shift and go to state 117


state 69

    (83) expression -> ID SETUP . expression
    (64) expression -> . expression TOW expression
    (65) expression -> . expression GAP expression
    (66) expression -> . expression ERS expression
    (67) expression -> . expression STINT expression
    (68) expression -> . expression FUEL_DELTA expression
    (69) expression -> . expression DEAD_HEAT expression
    (70) expression -> . expression OUTLAP expression
    (71) expression -> . expression UNDERCUT expression
    (72) expression -> . expression OVERCUT expression
    (73) expression -> . expression UNDEREQ expression
    (74) expression -> . expression OVEREQ expression
    (75) expression -> . expression BOTH_TYRES expression
    (76) expression -> . expression EITHER_TYRE expression
    (77) expression -> . expression SAFETY expression
    (78) expression -> . expression OVERTAKE expression
    (79) expression -> . GAP expression
    (80) expression -> . REVERSE_GRID expression
    (81) expression -> . REVERSE expression
    (82) expression -> . CORNER expression APEX
    (83) expression -> . ID SETUP expression
    (84) expression -> . ID PITSTOW expression
    (85) expression -> . ID PITGAP expression
    (86) expression -> . ID PITERS expression
    (87) expression -> . ID PITSTINT expression
    (88) expression -> . ID FASTLAP
    (89) expression -> . ID DEGRADATION
    (90) expression -> . SLIPSTREAM expression
    (91) expression -> . POSITION expression
    (92) expression -> . ID CORNER argument_list APEX
    (93) expression -> . ID CORNER APEX
    (96) expression -> . ID
    (97) expression -> . INT_LITERAL
    (98) expression -> . FLOAT_LITERAL
    (99) expression -> . STRING_LITERAL
    (100) expression -> . CHAR_LITERAL
    (101) expression -> . TRUE
    (102) expression -> . FALSE
    (103) expression -> . DNF

    GAP             shift and go to state 50
    REVERSE_GRID    shift and go to state 51
    REVERSE         shift and go to state 52
    CORNER          shift and go to state 38
    ID              shift and go to state 26
    SLIPSTREAM      shift and go to state 53
    POSITION        shift and go to state 54
    INT_LITERAL     shift and go to state 55
    FLOAT_LITERAL   shift and go to state 56
    STRING_LITERAL  shift and go to state 57
    CHAR_LITERAL    shift and go to state 58
    TRUE            shift and go to state 59
    FALSE           shift and go to state 60
    DNF             shift and go to state 61

    expression                     shift and go to state 118

state 70

    (84) expression -> ID PITSTOW . expression
    (64) expression -> . expression TOW expression
    (65) expression -> . expression GAP expression
    (66) expression -> . expression ERS expression
    (67) expression -> . expression STINT expression
    (68) expression -> . expression FUEL_DELTA expression
    (69) expression -> . expression DEAD_HEAT expression
    (70) expression -> . expression OUTLAP expression
    (71) expression -> . expression UNDERCUT expression
    (72) expression -> . expression OVERCUT expression
    (73) expression -> . expression UNDEREQ expression
    (74) expression -> . expression OVEREQ expression
    (75) expression -> . expression BOTH_TYRES expression
    (76) expression -> . expression EITHER_TYRE expression
    (77) expression -> . expression SAFETY expression
    (78) expression -> . expression OVERTAKE expression
    (79) expression -> . GAP expression
    (80) expression -> . REVERSE_GRID expression
    (81) expression -> . REVERSE expression
    (82) expression -> . CORNER expression APEX
    (83) expression -> . ID SETUP expression
    (84) expression -> . ID PITSTOW expression
    (85) expression -> . ID PITGAP expression
    (86) expression -> . ID PITERS expression
    (87) expression -> . ID PITSTINT expression
    (88) expression -> . ID FASTLAP
    (89) expression -> . ID DEGRADATION
    (90) expression -> . SLIPSTREAM expression
    (91) expression -> . POSITION expression
    (92) expression -> . ID CORNER argument_list APEX
    (93) expression -> . ID CORNER APEX
    (96) expression -> . ID
    (97) expression -> . INT_LITERAL
    (98) expression -> . FLOAT_LITERAL
    (99) expression -> . STRING_LITERAL
    (100) expression -> . CHAR_LITERAL
    (101) expression -> . TRUE
    (102) expression -> . FALSE
    (103) expression -> . DNF

    GAP             shift and go to state 50
    REVERSE_GRID    shift and go to state 51
    REVERSE         shift and go to state 52
    CORNER          shift and go to state 38
    ID              shift and go to state 26
    SLIPSTREAM      shift and go to state 53
    POSITION        shift and go to state 54
    INT_LITERAL     shift and go to state 55
    FLOAT_LITERAL   shift and go to state 56
    STRING_LITERAL  shift and go to state 57
    CHAR_LITERAL    shift and go to state 58
    TRUE            shift and go to state 59
    FALSE           shift and go to state 60
    DNF             shift and go to state 61

    expression                     shift and go to state 119

state 71

    (85) expression -> ID PITGAP . expression
    (64) expression -> . expression TOW expression
    (65) expression -> . expression GAP expression
    (66) expression -> . expression ERS expression
    (67) expression -> . expression STINT expression
    (68) expression -> . expression FUEL_DELTA expression
    (69) expression -> . expression DEAD_HEAT expression
    (70) expression -> . expression OUTLAP expression
    (71) expression -> . expression UNDERCUT expression
    (72) expression -> . expression OVERCUT expression
    (73) expression -> . expression UNDEREQ expression
    (74) expression -> . expression OVEREQ expression
    (75) expression -> . expression BOTH_TYRES expression
    (76) expression -> . expression EITHER_TYRE expression
    (77) expression -> . expression SAFETY expression
    (78) expression -> . expression OVERTAKE expression
    (79) expression -> . GAP expression
    (80) expression -> . REVERSE_GRID expression
    (81) expression -> . REVERSE expression
    (82) expression -> . CORNER expression APEX
    (83) expression -> . ID SETUP expression
    (84) expression -> . ID PITSTOW expression
    (85) expression -> . ID PITGAP expression
    (86) expression -> . ID PITERS expression
    (87) expression -> . ID PITSTINT expression
    (88) expression -> . ID FASTLAP
    (89) expression -> . ID DEGRADATION
    (90) expression -> . SLIPSTREAM expression
    (91) expression -> . POSITION expression
    (92) expression -> . ID CORNER argument_list APEX
    (93) expression -> . ID CORNER APEX
    (96) expression -> . ID
    (97) expression -> . INT_LITERAL
    (98) expression -> . FLOAT_LITERAL
    (99) expression -> . STRING_LITERAL
    (100) expression -> . CHAR_LITERAL
    (101) expression -> . TRUE
    (102) expression -> . FALSE
    (103) expression -> . DNF

    GAP             shift and go to state 50
    REVERSE_GRID    shift and go to state 51
    REVERSE         shift and go to state 52
    CORNER          shift and go to state 38
    ID              shift and go to state 26
    SLIPSTREAM      shift and go to state 53
    POSITION        shift and go to state 54
    INT_LITERAL     shift and go to state 55
    FLOAT_LITERAL   shift and go to state 56
    STRING_LITERAL  shift and go to state 57
    CHAR_LITERAL    shift and go to state 58
    TRUE            shift and go to state 59
    FALSE           shift and go to state 60
    DNF             shift and go to state 61

    expression                     shift and go to state 120

state 72

    (86) expression -> ID PITERS . expression
    (64) expression -> . expression TOW expression
    (65) expression -> . expression GAP expression
    (66) expression -> . expression ERS expression
    (67) expression -> . expression STINT expression
    (68) expression -> . expression FUEL_DELTA expression
    (69) expression -> . expression DEAD_HEAT expression
    (70) expression -> . expression OUTLAP expression
    (71) expression -> . expression UNDERCUT expression
    (72) expression -> . expression OVERCUT expression
    (73) expression -> . expression UNDEREQ expression
    (74) expression -> . expression OVEREQ expression
    (75) expression -> . expression BOTH_TYRES expression
    (76) expression -> . expression EITHER_TYRE expression
    (77) expression -> . expression SAFETY expression
    (78) expression -> . expression OVERTAKE expression
    (79) expression -> . GAP expression
    (80) expression -> . REVERSE_GRID expression
    (81) expression -> . REVERSE expression
    (82) expression -> . CORNER expression APEX
    (83) expression -> . ID SETUP expression
    (84) expression -> . ID PITSTOW expression
    (85) expression -> . ID PITGAP expression
    (86) expression -> . ID PITERS expression
    (87) expression -> . ID PITSTINT expression
    (88) expression -> . ID FASTLAP
    (89) expression -> . ID DEGRADATION
    (90) expression -> . SLIPSTREAM expression
    (91) expression -> . POSITION expression
    (92) expression -> . ID CORNER argument_list APEX
    (93) expression -> . ID CORNER APEX
    (96) expression -> . ID
    (97) expression -> . INT_LITERAL
    (98) expression -> . FLOAT_LITERAL
    (99) expression -> . STRING_LITERAL
    (100) expression -> . CHAR_LITERAL
    (101) expression -> . TRUE
    (102) expression -> . FALSE
    (103) expression -> . DNF

    GAP             shift and go to state 50
    REVERSE_GRID    shift and go to state 51
    REVERSE         shift and go to state 52
    CORNER          shift and go to state 38
    ID              shift and go to state 26
    SLIPSTREAM      shift and go to state 53
    POSITION        shift and go to state 54
    INT_LITERAL     shift and go to state 55
    FLOAT_LITERAL   shift and go to state 56
    STRING_LITERAL  shift and go to state 57
    CHAR_LITERAL    shift and go to state 58
    TRUE            shift and go to state 59
    FALSE           shift and go to state 60
    DNF             shift and go to state 61

    expression                     shift and go to state 121

state 73

    (87) expression -> ID PITSTINT . expression
    (64) expression -> . expression TOW expression
    (65) expression -> . expression GAP expression
    (66) expression -> . expression ERS expression
    (67) expression -> . expression STINT expression
    (68) expression -> . expression FUEL_DELTA expression
    (69) expression -> . expression DEAD_HEAT expression
    (70) expression -> . expression OUTLAP expression
    (71) expression -> . expression UNDERCUT expression
    (72) expression -> . expression OVERCUT expression
    (73) expression -> . expression UNDEREQ expression
    (74) expression -> . expression OVEREQ expression
    (75) expression -> . expression BOTH_TYRES expression
    (76) expression -> . expression EITHER_TYRE expression
    (77) expression -> . expression SAFETY expression
    (78) expression -> . expression OVERTAKE expression
    (79) expression -> . GAP expression
    (80) expression -> . REVERSE_GRID expression
    (81) expression -> . REVERSE expression
    (82) expression -> . CORNER expression APEX
    (83) expression -> . ID SETUP expression
    (84) expression -> . ID PITSTOW expression
    (85) expression -> . ID PITGAP expression
    (86) expression -> . ID PITERS expression
    (87) expression -> . ID PITSTINT expression
    (88) expression -> . ID FASTLAP
    (89) expression -> . ID DEGRADATION
    (90) expression -> . SLIPSTREAM expression
    (91) expression -> . POSITION expression
    (92) expression -> . ID CORNER argument_list APEX
    (93) expression -> . ID CORNER APEX
    (96) expression -> . ID
    (97) expression -> . INT_LITERAL
    (98) expression -> . FLOAT_LITERAL
    (99) expression -> . STRING_LITERAL
    (100) expression -> . CHAR_LITERAL
    (101) expression -> . TRUE
    (102) expression -> . FALSE
    (103) expression -> . DNF

    GAP             shift and go to state 50
    REVERSE_GRID    shift and go to state 51
    REVERSE         shift and go to state 52
    CORNER          shift and go to state 38
    ID              shift and go to state 26
    SLIPSTREAM      shift and go to state 53
    POSITION        shift and go to state 54
    INT_LITERAL     shift and go to state 55
    FLOAT_LITERAL   shift and go to state 56
    STRING_LITERAL  shift and go to state 57
    CHAR_LITERAL    shift and go to state 58
    TRUE            shift and go to state 59
    FALSE           shift and go to state 60
    DNF             shift and go to state 61

    expression                     shift and go to state 122

state 74

    (88) expression -> ID FASTLAP .

    STOP            reduce using rule 88 (expression -> ID FASTLAP .)
    TOW             reduce using rule 88 (expression -> ID FASTLAP .)
    GAP             reduce using rule 88 (expression -> ID FASTLAP .)
    ERS             reduce using rule 88 (expression -> ID FASTLAP .)
    STINT           reduce using rule 88 (expression -> ID FASTLAP .)
    FUEL_DELTA      reduce using rule 88 (expression -> ID FASTLAP .)
    DEAD_HEAT       reduce using rule 88 (expression -> ID FASTLAP .)
    OUTLAP          reduce using rule 88 (expression -> ID FASTLAP .)
    UNDERCUT        reduce using rule 88 (expression -> ID FASTLAP .)
    OVERCUT         reduce using rule 88 (expression -> ID FASTLAP .)
    UNDEREQ         reduce using rule 88 (expression -> ID FASTLAP .)
    OVEREQ          reduce using rule 88 (expression -> ID FASTLAP .)
    BOTH_TYRES      reduce using rule 88 (expression -> ID FASTLAP .)
    EITHER_TYRE     reduce using rule 88 (expression -> ID FASTLAP .)
    SAFETY          reduce using rule 88 (expression -> ID FASTLAP .)
    OVERTAKE        reduce using rule 88 (expression -> ID FASTLAP .)
    APEX            reduce using rule 88 (expression -> ID FASTLAP .)
    ALSO            reduce using rule 88 (expression -> ID FASTLAP .)
    MARSHALL        reduce using rule 88 (expression -> ID FASTLAP .)


state 75

    (89) expression -> ID DEGRADATION .

    STOP            reduce using rule 89 (expression -> ID DEGRADATION .)
    TOW             reduce using rule 89 (expression -> ID DEGRADATION .)
    GAP             reduce using rule 89 (expression -> ID DEGRADATION .)
    ERS             reduce using rule 89 (expression -> ID DEGRADATION .)
    STINT           reduce using rule 89 (expression -> ID DEGRADATION .)
    FUEL_DELTA      reduce using rule 89 (expression -> ID DEGRADATION .)
    DEAD_HEAT       reduce using rule 89 (expression -> ID DEGRADATION .)
    OUTLAP          reduce using rule 89 (expression -> ID DEGRADATION .)
    UNDERCUT        reduce using rule 89 (expression -> ID DEGRADATION .)
    OVERCUT         reduce using rule 89 (expression -> ID DEGRADATION .)
    UNDEREQ         reduce using rule 89 (expression -> ID DEGRADATION .)
    OVEREQ          reduce using rule 89 (expression -> ID DEGRADATION .)
    BOTH_TYRES      reduce using rule 89 (expression -> ID DEGRADATION .)
    EITHER_TYRE     reduce using rule 89 (expression -> ID DEGRADATION .)
    SAFETY          reduce using rule 89 (expression -> ID DEGRADATION .)
    OVERTAKE        reduce using rule 89 (expression -> ID DEGRADATION .)
    APEX            reduce using rule 89 (expression -> ID DEGRADATION .)
    ALSO            reduce using rule 89 (expression -> ID DEGRADATION .)
    MARSHALL        reduce using rule 89 (expression -> ID DEGRADATION .)


state 76

    (92) expression -> ID CORNER . argument_list APEX
    (93) expression -> ID CORNER . APEX
    (94) argument_list -> . expression
    (95) argument_list -> . argument_list ALSO expression
    (64) expression -> . expression TOW expression
    (65) expression -> . expression GAP expression
    (66) expression -> . expression ERS expression
    (67) expression -> . expression STINT expression
    (68) expression -> . expression FUEL_DELTA expression
    (69) expression -> . expression DEAD_HEAT expression
    (70) expression -> . expression OUTLAP expression
    (71) expression -> . expression UNDERCUT expression
    (72) expression -> . expression OVERCUT expression
    (73) expression -> . expression UNDEREQ expression
    (74) expression -> . expression OVEREQ expression
    (75) expression -> . expression BOTH_TYRES expression
    (76) expression -> . expression EITHER_TYRE expression
    (77) expression -> . expression SAFETY expression
    (78) expression -> . expression OVERTAKE expression
    (79) expression -> . GAP expression
    (80) expression -> . REVERSE_GRID expression
    (81) expression -> . REVERSE expression
    (82) expression -> . CORNER expression APEX
    (83) expression -> . ID SETUP expression
    (84) expression -> . ID PITSTOW expression
    (85) expression -> . ID PITGAP expression
    (86) expression -> . ID PITERS expression
    (87) expression -> . ID PITSTINT expression
    (88) expression -> . ID FASTLAP
    (89) expression -> . ID DEGRADATION
    (90) expression -> . SLIPSTREAM expression
    (91) expression -> . POSITION expression
    (92) expression -> . ID CORNER argument_list APEX
    (93) expression -> . ID CORNER APEX
    (96) expression -> . ID
    (97) expression -> . INT_LITERAL
    (98) expression -> . FLOAT_LITERAL
    (99) expression -> . STRING_LITERAL
    (100) expression -> . CHAR_LITERAL
    (101) expression -> . TRUE
    (102) expression -> . FALSE
    (103) expression -> . DNF

    APEX            shift and go to state 124
    GAP             shift and go to state 50
    REVERSE_GRID    shift and go to state 51
    REVERSE         shift and go to state 52
    CORNER          shift and go to state 38
    ID              shift and go to state 26
    SLIPSTREAM      shift and go to state 53
    POSITION        shift and go to state 54
    INT_LITERAL     shift and go to state 55
    FLOAT_LITERAL   shift and go to state 56
    STRING_LITERAL  shift and go to state 57
    CHAR_LITERAL    shift and go to state 58
    TRUE            shift and go to state 59
    FALSE           shift and go to state 60
    DNF             shift and go to state 61

    argument_list                  shift and go to state 123
    expression                     shift and go to state 125

state 77

    (37) expression_statement -> expression STOP .

    READY           reduce using rule 37 (expression_statement -> expression STOP .)
    VSC             reduce using rule 37 (expression_statement -> expression STOP .)
    LAP             reduce using rule 37 (expression_statement -> expression STOP .)
    SPLIT           reduce using rule 37 (expression_statement -> expression STOP .)
    PITBOARD        reduce using rule 37 (expression_statement -> expression STOP .)
    YELLOW_FLAG     reduce using rule 37 (expression_statement -> expression STOP .)
    RADIO           reduce using rule 37 (expression_statement -> expression STOP .)
    STOP            reduce using rule 37 (expression_statement -> expression STOP .)
    GARAGE          reduce using rule 37 (expression_statement -> expression STOP .)
    STRATEGY_CHECK  reduce using rule 37 (expression_statement -> expression STOP .)
    GAP_CHECK       reduce using rule 37 (expression_statement -> expression STOP .)
    PITWALL         reduce using rule 37 (expression_statement -> expression STOP .)
    PUSH            reduce using rule 37 (expression_statement -> expression STOP .)
    BOX             reduce using rule 37 (expression_statement -> expression STOP .)
    FORMATION_LAP   reduce using rule 37 (expression_statement -> expression STOP .)
    PODIO           reduce using rule 37 (expression_statement -> expression STOP .)
    BOX_BOX         reduce using rule 37 (expression_statement -> expression STOP .)
    DRS             reduce using rule 37 (expression_statement -> expression STOP .)
    BROADCAST       reduce using rule 37 (expression_statement -> expression STOP .)
    TELEMETRY       reduce using rule 37 (expression_statement -> expression STOP .)
    CHECKERED_FLAG  reduce using rule 37 (expression_statement -> expression STOP .)
    GAP             reduce using rule 37 (expression_statement -> expression STOP .)
    REVERSE_GRID    reduce using rule 37 (expression_statement -> expression STOP .)
    REVERSE         reduce using rule 37 (expression_statement -> expression STOP .)
    CORNER          reduce using rule 37 (expression_statement -> expression STOP .)
    ID              reduce using rule 37 (expression_statement -> expression STOP .)
    SLIPSTREAM      reduce using rule 37 (expression_statement -> expression STOP .)
    POSITION        reduce using rule 37 (expression_statement -> expression STOP .)
    INT_LITERAL     reduce using rule 37 (expression_statement -> expression STOP .)
    FLOAT_LITERAL   reduce using rule 37 (expression_statement -> expression STOP .)
    STRING_LITERAL  reduce using rule 37 (expression_statement -> expression STOP .)
    CHAR_LITERAL    reduce using rule 37 (expression_statement -> expression STOP .)
    TRUE            reduce using rule 37 (expression_statement -> expression STOP .)
    FALSE           reduce using rule 37 (expression_statement -> expression STOP .)
    DNF             reduce using rule 37 (expression_statement -> expression STOP .)
    SECTOR          reduce using rule 37 (expression_statement -> expression STOP .)
    NO_DATA         reduce using rule 37 (expression_statement -> expression STOP .)


state 78

    (64) expression -> expression TOW . expression
    (64) expression -> . expression TOW expression
    (65) expression -> . expression GAP expression
    (66) expression -> . expression ERS expression
    (67) expression -> . expression STINT expression
    (68) expression -> . expression FUEL_DELTA expression
    (69) expression -> . expression DEAD_HEAT expression
    (70) expression -> . expression OUTLAP expression
    (71) expression -> . expression UNDERCUT expression
    (72) expression -> . expression OVERCUT expression
    (73) expression -> . expression UNDEREQ expression
    (74) expression -> . expression OVEREQ expression
    (75) expression -> . expression BOTH_TYRES expression
    (76) expression -> . expression EITHER_TYRE expression
    (77) expression -> . expression SAFETY expression
    (78) expression -> . expression OVERTAKE expression
    (79) expression -> . GAP expression
    (80) expression -> . REVERSE_GRID expression
    (81) expression -> . REVERSE expression
    (82) expression -> . CORNER expression APEX
    (83) expression -> . ID SETUP expression
    (84) expression -> . ID PITSTOW expression
    (85) expression -> . ID PITGAP expression
    (86) expression -> . ID PITERS expression
    (87) expression -> . ID PITSTINT expression
    (88) expression -> . ID FASTLAP
    (89) expression -> . ID DEGRADATION
    (90) expression -> . SLIPSTREAM expression
    (91) expression -> . POSITION expression
    (92) expression -> . ID CORNER argument_list APEX
    (93) expression -> . ID CORNER APEX
    (96) expression -> . ID
    (97) expression -> . INT_LITERAL
    (98) expression -> . FLOAT_LITERAL
    (99) expression -> . STRING_LITERAL
    (100) expression -> . CHAR_LITERAL
    (101) expression -> . TRUE
    (102) expression -> . FALSE
    (103) expression -> . DNF

    GAP             shift and go to state 50
    REVERSE_GRID    shift and go to state 51
    REVERSE         shift and go to state 52
    CORNER          shift and go to state 38
    ID              shift and go to state 26
    SLIPSTREAM      shift and go to state 53
    POSITION        shift and go to state 54
    INT_LITERAL     shift and go to state 55
    FLOAT_LITERAL   shift and go to state 56
    STRING_LITERAL  shift and go to state 57
    CHAR_LITERAL    shift and go to state 58
    TRUE            shift and go to state 59
    FALSE           shift and go to state 60
    DNF             shift and go to state 61

    expression                     shift and go to state 126

state 79

    (65) expression -> expression GAP . expression
    (64) expression -> . expression TOW expression
    (65) expression -> . expression GAP expression
    (66) expression -> . expression ERS expression
    (67) expression -> . expression STINT expression
    (68) expression -> . expression FUEL_DELTA expression
    (69) expression -> . expression DEAD_HEAT expression
    (70) expression -> . expression OUTLAP expression
    (71) expression -> . expression UNDERCUT expression
    (72) expression -> . expression OVERCUT expression
    (73) expression -> . expression UNDEREQ expression
    (74) expression -> . expression OVEREQ expression
    (75) expression -> . expression BOTH_TYRES expression
    (76) expression -> . expression EITHER_TYRE expression
    (77) expression -> . expression SAFETY expression
    (78) expression -> . expression OVERTAKE expression
    (79) expression -> . GAP expression
    (80) expression -> . REVERSE_GRID expression
    (81) expression -> . REVERSE expression
    (82) expression -> . CORNER expression APEX
    (83) expression -> . ID SETUP expression
    (84) expression -> . ID PITSTOW expression
    (85) expression -> . ID PITGAP expression
    (86) expression -> . ID PITERS expression
    (87) expression -> . ID PITSTINT expression
    (88) expression -> . ID FASTLAP
    (89) expression -> . ID DEGRADATION
    (90) expression -> . SLIPSTREAM expression
    (91) expression -> . POSITION expression
    (92) expression -> . ID CORNER argument_list APEX
    (93) expression -> . ID CORNER APEX
    (96) expression -> . ID
    (97) expression -> . INT_LITERAL
    (98) expression -> . FLOAT_LITERAL
    (99) expression -> . STRING_LITERAL
    (100) expression -> . CHAR_LITERAL
    (101) expression -> . TRUE
    (102) expression -> . FALSE
    (103) expression -> . DNF

    GAP             shift and go to state 50
    REVERSE_GRID    shift and go to state 51
    REVERSE         shift and go to state 52
    CORNER          shift and go to state 38
    ID              shift and go to state 26
    SLIPSTREAM      shift and go to state 53
    POSITION        shift and go to state 54
    INT_LITERAL     shift and go to state 55
    FLOAT_LITERAL   shift and go to state 56
    STRING_LITERAL  shift and go to state 57
    CHAR_LITERAL    shift and go to state 58
    TRUE            shift and go to state 59
    FALSE           shift and go to state 60
    DNF             shift and go to state 61

    expression                     shift and go to state 127

state 80

    (66) expression -> expression ERS . expression
    (64) expression -> . expression TOW expression
    (65) expression -> . expression GAP expression
    (66) expression -> . expression ERS expression
    (67) expression -> . expression STINT expression
    (68) expression -> . expression FUEL_DELTA expression
    (69) expression -> . expression DEAD_HEAT expression
    (70) expression -> . expression OUTLAP expression
    (71) expression -> . expression UNDERCUT expression
    (72) expression -> . expression OVERCUT expression
    (73) expression -> . expression UNDEREQ expression
    (74) expression -> . expression OVEREQ expression
    (75) expression -> . expression BOTH_TYRES expression
    (76) expression -> . expression EITHER_TYRE expression
    (77) expression -> . expression SAFETY expression
    (78) expression -> . expression OVERTAKE expression
    (79) expression -> . GAP expression
    (80) expression -> . REVERSE_GRID expression
    (81) expression -> . REVERSE expression
    (82) expression -> . CORNER expression APEX
    (83) expression -> . ID SETUP expression
    (84) expression -> . ID PITSTOW expression
    (85) expression -> . ID PITGAP expression
    (86) expression -> . ID PITERS expression
    (87) expression -> . ID PITSTINT expression
    (88) expression -> . ID FASTLAP
    (89) expression -> . ID DEGRADATION
    (90) expression -> . SLIPSTREAM expression
    (91) expression -> . POSITION expression
    (92) expression -> . ID CORNER argument_list APEX
    (93) expression -> . ID CORNER APEX
    (96) expression -> . ID
    (97) expression -> . INT_LITERAL
    (98) expression -> . FLOAT_LITERAL
    (99) expression -> . STRING_LITERAL
    (100) expression -> . CHAR_LITERAL
    (101) expression -> . TRUE
    (102) expression -> . FALSE
    (103) expression -> . DNF

    GAP             shift and go to state 50
    REVERSE_GRID    shift and go to state 51
    REVERSE         shift and go to state 52
    CORNER          shift and go to state 38
    ID              shift and go to state 26
    SLIPSTREAM      shift and go to state 53
    POSITION        shift and go to state 54
    INT_LITERAL     shift and go to state 55
    FLOAT_LITERAL   shift and go to state 56
    STRING_LITERAL  shift and go to state 57
    CHAR_LITERAL    shift and go to state 58
    TRUE            shift and go to state 59
    FALSE           shift and go to state 60
    DNF             shift and go to state 61

    expression                     shift and go to state 128

state 81

    (67) expression -> expression STINT . expression
    (64) expression -> . expression TOW expression
    (65) expression -> . expression GAP expression
    (66) expression -> . expression ERS expression
    (67) expression -> . expression STINT expression
    (68) expression -> . expression FUEL_DELTA expression
    (69) expression -> . expression DEAD_HEAT expression
    (70) expression -> . expression OUTLAP expression
    (71) expression -> . expression UNDERCUT expression
    (72) expression -> . expression OVERCUT expression
    (73) expression -> . expression UNDEREQ expression
    (74) expression -> . expression OVEREQ expression
    (75) expression -> . expression BOTH_TYRES expression
    (76) expression -> . expression EITHER_TYRE expression
    (77) expression -> . expression SAFETY expression
    (78) expression -> . expression OVERTAKE expression
    (79) expression -> . GAP expression
    (80) expression -> . REVERSE_GRID expression
    (81) expression -> . REVERSE expression
    (82) expression -> . CORNER expression APEX
    (83) expression -> . ID SETUP expression
    (84) expression -> . ID PITSTOW expression
    (85) expression -> . ID PITGAP expression
    (86) expression -> . ID PITERS expression
    (87) expression -> . ID PITSTINT expression
    (88) expression -> . ID FASTLAP
    (89) expression -> . ID DEGRADATION
    (90) expression -> . SLIPSTREAM expression
    (91) expression -> . POSITION expression
    (92) expression -> . ID CORNER argument_list APEX
    (93) expression -> . ID CORNER APEX
    (96) expression -> . ID
    (97) expression -> . INT_LITERAL
    (98) expression -> . FLOAT_LITERAL
    (99) expression -> . STRING_LITERAL
    (100) expression -> . CHAR_LITERAL
    (101) expression -> . TRUE
    (102) expression -> . FALSE
    (103) expression -> . DNF

    GAP             shift and go to state 50
    REVERSE_GRID    shift and go to state 51
    REVERSE         shift and go to state 52
    CORNER          shift and go to state 38
    ID              shift and go to state 26
    SLIPSTREAM      shift and go to state 53
    POSITION        shift and go to state 54
    INT_LITERAL     shift and go to state 55
    FLOAT_LITERAL   shift and go to state 56
    STRING_LITERAL  shift and go to state 57
    CHAR_LITERAL    shift and go to state 58
    TRUE            shift and go to state 59
    FALSE           shift and go to state 60
    DNF             shift and go to state 61

    expression                     shift and go to state 129

state 82

    (68) expression -> expression FUEL_DELTA . expression
    (64) expression -> . expression TOW expression
    (65) expression -> . expression GAP expression
    (66) expression -> . expression ERS expression
    (67) expression -> . expression STINT expression
    (68) expression -> . expression FUEL_DELTA expression
    (69) expression -> . expression DEAD_HEAT expression
    (70) expression -> . expression OUTLAP expression
    (71) expression -> . expression UNDERCUT expression
    (72) expression -> . expression OVERCUT expression
    (73) expression -> . expression UNDEREQ expression
    (74) expression -> . expression OVEREQ expression
    (75) expression -> . expression BOTH_TYRES expression
    (76) expression -> . expression EITHER_TYRE expression
    (77) expression -> . expression SAFETY expression
    (78) expression -> . expression OVERTAKE expression
    (79) expression -> . GAP expression
    (80) expression -> . REVERSE_GRID expression
    (81) expression -> . REVERSE expression
    (82) expression -> . CORNER expression APEX
    (83) expression -> . ID SETUP expression
    (84) expression -> . ID PITSTOW expression
    (85) expression -> . ID PITGAP expression
    (86) expression -> . ID PITERS expression
    (87) expression -> . ID PITSTINT expression
    (88) expression -> . ID FASTLAP
    (89) expression -> . ID DEGRADATION
    (90) expression -> . SLIPSTREAM expression
    (91) expression -> . POSITION expression
    (92) expression -> . ID CORNER argument_list APEX
    (93) expression -> . ID CORNER APEX
    (96) expression -> . ID
    (97) expression -> . INT_LITERAL
    (98) expression -> . FLOAT_LITERAL
    (99) expression -> . STRING_LITERAL
    (100) expression -> . CHAR_LITERAL
    (101) expression -> . TRUE
    (102) expression -> . FALSE
    (103) expression -> . DNF

    GAP             shift and go to state 50
    REVERSE_GRID    shift and go to state 51
    REVERSE         shift and go to state 52
    CORNER          shift and go to state 38
    ID              shift and go to state 26
    SLIPSTREAM      shift and go to state 53
    POSITION        shift and go to state 54
    INT_LITERAL     shift and go to state 55
    FLOAT_LITERAL   shift and go to state 56
    STRING_LITERAL  shift and go to state 57
    CHAR_LITERAL    shift and go to state 58
    TRUE            shift and go to state 59
    FALSE           shift and go to state 60
    DNF             shift and go to state 61

    expression                     shift and go to state 130

state 83

    (69) expression -> expression DEAD_HEAT . expression
    (64) expression -> . expression TOW expression
    (65) expression -> . expression GAP expression
    (66) expression -> . expression ERS expression
    (67) expression -> . expression STINT expression
    (68) expression -> . expression FUEL_DELTA expression
    (69) expression -> . expression DEAD_HEAT expression
    (70) expression -> . expression OUTLAP expression
    (71) expression -> . expression UNDERCUT expression
    (72) expression -> . expression OVERCUT expression
    (73) expression -> . expression UNDEREQ expression
    (74) expression -> . expression OVEREQ expression
    (75) expression -> . expression BOTH_TYRES expression
    (76) expression -> . expression EITHER_TYRE expression
    (77) expression -> . expression SAFETY expression
    (78) expression -> . expression OVERTAKE expression
    (79) expression -> . GAP expression
    (80) expression -> . REVERSE_GRID expression
    (81) expression -> . REVERSE expression
    (82) expression -> . CORNER expression APEX
    (83) expression -> . ID SETUP expression
    (84) expression -> . ID PITSTOW expression
    (85) expression -> . ID PITGAP expression
    (86) expression -> . ID PITERS expression
    (87) expression -> . ID PITSTINT expression
    (88) expression -> . ID FASTLAP
    (89) expression -> . ID DEGRADATION
    (90) expression -> . SLIPSTREAM expression
    (91) expression -> . POSITION expression
    (92) expression -> . ID CORNER argument_list APEX
    (93) expression -> . ID CORNER APEX
    (96) expression -> . ID
    (97) expression -> . INT_LITERAL
    (98) expression -> . FLOAT_LITERAL
    (99) expression -> . STRING_LITERAL
    (100) expression -> . CHAR_LITERAL
    (101) expression -> . TRUE
    (102) expression -> . FALSE
    (103) expression -> . DNF

    GAP             shift and go to state 50
    REVERSE_GRID    shift and go to state 51
    REVERSE         shift and go to state 52
    CORNER          shift and go to state 38
    ID              shift and go to state 26
    SLIPSTREAM      shift and go to state 53
    POSITION        shift and go to state 54
    INT_LITERAL     shift and go to state 55
    FLOAT_LITERAL   shift and go to state 56
    STRING_LITERAL  shift and go to state 57
    CHAR_LITERAL    shift and go to state 58
    TRUE            shift and go to state 59
    FALSE           shift and go to state 60
    DNF             shift and go to state 61

    expression                     shift and go to state 131

state 84

    (70) expression -> expression OUTLAP . expression
    (64) expression -> . expression TOW expression
    (65) expression -> . expression GAP expression
    (66) expression -> . expression ERS expression
    (67) expression -> . expression STINT expression
    (68) expression -> . expression FUEL_DELTA expression
    (69) expression -> . expression DEAD_HEAT expression
    (70) expression -> . expression OUTLAP expression
    (71) expression -> . expression UNDERCUT expression
    (72) expression -> . expression OVERCUT expression
    (73) expression -> . expression UNDEREQ expression
    (74) expression -> . expression OVEREQ expression
    (75) expression -> . expression BOTH_TYRES expression
    (76) expression -> . expression EITHER_TYRE expression
    (77) expression -> . expression SAFETY expression
    (78) expression -> . expression OVERTAKE expression
    (79) expression -> . GAP expression
    (80) expression -> . REVERSE_GRID expression
    (81) expression -> . REVERSE expression
    (82) expression -> . CORNER expression APEX
    (83) expression -> . ID SETUP expression
    (84) expression -> . ID PITSTOW expression
    (85) expression -> . ID PITGAP expression
    (86) expression -> . ID PITERS expression
    (87) expression -> . ID PITSTINT expression
    (88) expression -> . ID FASTLAP
    (89) expression -> . ID DEGRADATION
    (90) expression -> . SLIPSTREAM expression
    (91) expression -> . POSITION expression
    (92) expression -> . ID CORNER argument_list APEX
    (93) expression -> . ID CORNER APEX
    (96) expression -> . ID
    (97) expression -> . INT_LITERAL
    (98) expression -> . FLOAT_LITERAL
    (99) expression -> . STRING_LITERAL
    (100) expression -> . CHAR_LITERAL
    (101) expression -> . TRUE
    (102) expression -> . FALSE
    (103) expression -> . DNF

    GAP             shift and go to state 50
    REVERSE_GRID    shift and go to state 51
    REVERSE         shift and go to state 52
    CORNER          shift and go to state 38
    ID              shift and go to state 26
    SLIPSTREAM      shift and go to state 53
    POSITION        shift and go to state 54
    INT_LITERAL     shift and go to state 55
    FLOAT_LITERAL   shift and go to state 56
    STRING_LITERAL  shift and go to state 57
    CHAR_LITERAL    shift and go to state 58
    TRUE            shift and go to state 59
    FALSE           shift and go to state 60
    DNF             shift and go to state 61

    expression                     shift and go to state 132

state 85

    (71) expression -> expression UNDERCUT . expression
    (64) expression -> . expression TOW expression
    (65) expression -> . expression GAP expression
    (66) expression -> . expression ERS expression
    (67) expression -> . expression STINT expression
    (68) expression -> . expression FUEL_DELTA expression
    (69) expression -> . expression DEAD_HEAT expression
    (70) expression -> . expression OUTLAP expression
    (71) expression -> . expression UNDERCUT expression
    (72) expression -> . expression OVERCUT expression
    (73) expression -> . expression UNDEREQ expression
    (74) expression -> . expression OVEREQ expression
    (75) expression -> . expression BOTH_TYRES expression
    (76) expression -> . expression EITHER_TYRE expression
    (77) expression -> . expression SAFETY expression
    (78) expression -> . expression OVERTAKE expression
    (79) expression -> . GAP expression
    (80) expression -> . REVERSE_GRID expression
    (81) expression -> . REVERSE expression
    (82) expression -> . CORNER expression APEX
    (83) expression -> . ID SETUP expression
    (84) expression -> . ID PITSTOW expression
    (85) expression -> . ID PITGAP expression
    (86) expression -> . ID PITERS expression
    (87) expression -> . ID PITSTINT expression
    (88) expression -> . ID FASTLAP
    (89) expression -> . ID DEGRADATION
    (90) expression -> . SLIPSTREAM expression
    (91) expression -> . POSITION expression
    (92) expression -> . ID CORNER argument_list APEX
    (93) expression -> . ID CORNER APEX
    (96) expression -> . ID
    (97) expression -> . INT_LITERAL
    (98) expression -> . FLOAT_LITERAL
    (99) expression -> . STRING_LITERAL
    (100) expression -> . CHAR_LITERAL
    (101) expression -> . TRUE
    (102) expression -> . FALSE
    (103) expression -> . DNF

    GAP             shift and go to state 50
    REVERSE_GRID    shift and go to state 51
    REVERSE         shift and go to state 52
    CORNER          shift and go to state 38
    ID              shift and go to state 26
    SLIPSTREAM      shift and go to state 53
    POSITION        shift and go to state 54
    INT_LITERAL     shift and go to state 55
    FLOAT_LITERAL   shift and go to state 56
    STRING_LITERAL  shift and go to state 57
    CHAR_LITERAL    shift and go to state 58
    TRUE            shift and go to state 59
    FALSE           shift and go to state 60
    DNF             shift and go to state 61

    expression                     shift and go to state 133

state 86

    (72) expression -> expression OVERCUT . expression
    (64) expression -> . expression TOW expression
    (65) expression -> . expression GAP expression
    (66) expression -> . expression ERS expression
    (67) expression -> . expression STINT expression
    (68) expression -> . expression FUEL_DELTA expression
    (69) expression -> . expression DEAD_HEAT expression
    (70) expression -> . expression OUTLAP expression
    (71) expression -> . expression UNDERCUT expression
    (72) expression -> . expression OVERCUT expression
    (73) expression -> . expression UNDEREQ expression
    (74) expression -> . expression OVEREQ expression
    (75) expression -> . expression BOTH_TYRES expression
    (76) expression -> . expression EITHER_TYRE expression
    (77) expression -> . expression SAFETY expression
    (78) expression -> . expression OVERTAKE expression
    (79) expression -> . GAP expression
    (80) expression -> . REVERSE_GRID expression
    (81) expression -> . REVERSE expression
    (82) expression -> . CORNER expression APEX
    (83) expression -> . ID SETUP expression
    (84) expression -> . ID PITSTOW expression
    (85) expression -> . ID PITGAP expression
    (86) expression -> . ID PITERS expression
    (87) expression -> . ID PITSTINT expression
    (88) expression -> . ID FASTLAP
    (89) expression -> . ID DEGRADATION
    (90) expression -> . SLIPSTREAM expression
    (91) expression -> . POSITION expression
    (92) expression -> . ID CORNER argument_list APEX
    (93) expression -> . ID CORNER APEX
    (96) expression -> . ID
    (97) expression -> . INT_LITERAL
    (98) expression -> . FLOAT_LITERAL
    (99) expression -> . STRING_LITERAL
    (100) expression -> . CHAR_LITERAL
    (101) expression -> . TRUE
    (102) expression -> . FALSE
    (103) expression -> . DNF

    GAP             shift and go to state 50
    REVERSE_GRID    shift and go to state 51
    REVERSE         shift and go to state 52
    CORNER          shift and go to state 38
    ID              shift and go to state 26
    SLIPSTREAM      shift and go to state 53
    POSITION        shift and go to state 54
    INT_LITERAL     shift and go to state 55
    FLOAT_LITERAL   shift and go to state 56
    STRING_LITERAL  shift and go to state 57
    CHAR_LITERAL    shift and go to state 58
    TRUE            shift and go to state 59
    FALSE           shift and go to state 60
    DNF             shift and go to state 61

    expression                     shift and go to state 134

state 87

    (73) expression -> expression UNDEREQ . expression
    (64) expression -> . expression TOW expression
    (65) expression -> . expression GAP expression
    (66) expression -> . expression ERS expression
    (67) expression -> . expression STINT expression
    (68) expression -> . expression FUEL_DELTA expression
    (69) expression -> . expression DEAD_HEAT expression
    (70) expression -> . expression OUTLAP expression
    (71) expression -> . expression UNDERCUT expression
    (72) expression -> . expression OVERCUT expression
    (73) expression -> . expression UNDEREQ expression
    (74) expression -> . expression OVEREQ expression
    (75) expression -> . expression BOTH_TYRES expression
    (76) expression -> . expression EITHER_TYRE expression
    (77) expression -> . expression SAFETY expression
    (78) expression -> . expression OVERTAKE expression
    (79) expression -> . GAP expression
    (80) expression -> . REVERSE_GRID expression
    (81) expression -> . REVERSE expression
    (82) expression -> . CORNER expression APEX
    (83) expression -> . ID SETUP expression
    (84) expression -> . ID PITSTOW expression
    (85) expression -> . ID PITGAP expression
    (86) expression -> . ID PITERS expression
    (87) expression -> . ID PITSTINT expression
    (88) expression -> . ID FASTLAP
    (89) expression -> . ID DEGRADATION
    (90) expression -> . SLIPSTREAM expression
    (91) expression -> . POSITION expression
    (92) expression -> . ID CORNER argument_list APEX
    (93) expression -> . ID CORNER APEX
    (96) expression -> . ID
    (97) expression -> . INT_LITERAL
    (98) expression -> . FLOAT_LITERAL
    (99) expression -> . STRING_LITERAL
    (100) expression -> . CHAR_LITERAL
    (101) expression -> . TRUE
    (102) expression -> . FALSE
    (103) expression -> . DNF

    GAP             shift and go to state 50
    REVERSE_GRID    shift and go to state 51
    REVERSE         shift and go to state 52
    CORNER          shift and go to state 38
    ID              shift and go to state 26
    SLIPSTREAM      shift and go to state 53
    POSITION        shift and go to state 54
    INT_LITERAL     shift and go to state 55
    FLOAT_LITERAL   shift and go to state 56
    STRING_LITERAL  shift and go to state 57
    CHAR_LITERAL    shift and go to state 58
    TRUE            shift and go to state 59
    FALSE           shift and go to state 60
    DNF             shift and go to state 61

    expression                     shift and go to state 135

state 88

    (74) expression -> expression OVEREQ . expression
    (64) expression -> . expression TOW expression
    (65) expression -> . expression GAP expression
    (66) expression -> . expression ERS expression
    (67) expression -> . expression STINT expression
    (68) expression -> . expression FUEL_DELTA expression
    (69) expression -> . expression DEAD_HEAT expression
    (70) expression -> . expression OUTLAP expression
    (71) expression -> . expression UNDERCUT expression
    (72) expression -> . expression OVERCUT expression
    (73) expression -> . expression UNDEREQ expression
    (74) expression -> . expression OVEREQ expression
    (75) expression -> . expression BOTH_TYRES expression
    (76) expression -> . expression EITHER_TYRE expression
    (77) expression -> . expression SAFETY expression
    (78) expression -> . expression OVERTAKE expression
    (79) expression -> . GAP expression
    (80) expression -> . REVERSE_GRID expression
    (81) expression -> . REVERSE expression
    (82) expression -> . CORNER expression APEX
    (83) expression -> . ID SETUP expression
    (84) expression -> . ID PITSTOW expression
    (85) expression -> . ID PITGAP expression
    (86) expression -> . ID PITERS expression
    (87) expression -> . ID PITSTINT expression
    (88) expression -> . ID FASTLAP
    (89) expression -> . ID DEGRADATION
    (90) expression -> . SLIPSTREAM expression
    (91) expression -> . POSITION expression
    (92) expression -> . ID CORNER argument_list APEX
    (93) expression -> . ID CORNER APEX
    (96) expression -> . ID
    (97) expression -> . INT_LITERAL
    (98) expression -> . FLOAT_LITERAL
    (99) expression -> . STRING_LITERAL
    (100) expression -> . CHAR_LITERAL
    (101) expression -> . TRUE
    (102) expression -> . FALSE
    (103) expression -> . DNF

    GAP             shift and go to state 50
    REVERSE_GRID    shift and go to state 51
    REVERSE         shift and go to state 52
    CORNER          shift and go to state 38
    ID              shift and go to state 26
    SLIPSTREAM      shift and go to state 53
    POSITION        shift and go to state 54
    INT_LITERAL     shift and go to state 55
    FLOAT_LITERAL   shift and go to state 56
    STRING_LITERAL  shift and go to state 57
    CHAR_LITERAL    shift and go to state 58
    TRUE            shift and go to state 59
    FALSE           shift and go to state 60
    DNF             shift and go to state 61

    expression                     shift and go to state 136

state 89

    (75) expression -> expression BOTH_TYRES . expression
    (64) expression -> . expression TOW expression
    (65) expression -> . expression GAP expression
    (66) expression -> . expression ERS expression
    (67) expression -> . expression STINT expression
    (68) expression -> . expression FUEL_DELTA expression
    (69) expression -> . expression DEAD_HEAT expression
    (70) expression -> . expression OUTLAP expression
    (71) expression -> . expression UNDERCUT expression
    (72) expression -> . expression OVERCUT expression
    (73) expression -> . expression UNDEREQ expression
    (74) expression -> . expression OVEREQ expression
    (75) expression -> . expression BOTH_TYRES expression
    (76) expression -> . expression EITHER_TYRE expression
    (77) expression -> . expression SAFETY expression
    (78) expression -> . expression OVERTAKE expression
    (79) expression -> . GAP expression
    (80) expression -> . REVERSE_GRID expression
    (81) expression -> . REVERSE expression
    (82) expression -> . CORNER expression APEX
    (83) expression -> . ID SETUP expression
    (84) expression -> . ID PITSTOW expression
    (85) expression -> . ID PITGAP expression
    (86) expression -> . ID PITERS expression
    (87) expression -> . ID PITSTINT expression
    (88) expression -> . ID FASTLAP
    (89) expression -> . ID DEGRADATION
    (90) expression -> . SLIPSTREAM expression
    (91) expression -> . POSITION expression
    (92) expression -> . ID CORNER argument_list APEX
    (93) expression -> . ID CORNER APEX
    (96) expression -> . ID
    (97) expression -> . INT_LITERAL
    (98) expression -> . FLOAT_LITERAL
    (99) expression -> . STRING_LITERAL
    (100) expression -> . CHAR_LITERAL
    (101) expression -> . TRUE
    (102) expression -> . FALSE
    (103) expression -> . DNF

    GAP             shift and go to state 50
    REVERSE_GRID    shift and go to state 51
    REVERSE         shift and go to state 52
    CORNER          shift and go to state 38
    ID              shift and go to state 26
    SLIPSTREAM      shift and go to state 53
    POSITION        shift and go to state 54
    INT_LITERAL     shift and go to state 55
    FLOAT_LITERAL   shift and go to state 56
    STRING_LITERAL  shift and go to state 57
    CHAR_LITERAL    shift and go to state 58
    TRUE            shift and go to state 59
    FALSE           shift and go to state 60
    DNF             shift and go to state 61

    expression                     shift and go to state 137

state 90

    (76) expression -> expression EITHER_TYRE . expression
    (64) expression -> . expression TOW expression
    (65) expression -> . expression GAP expression
    (66) expression -> . expression ERS expression
    (67) expression -> . expression STINT expression
    (68) expression -> . expression FUEL_DELTA expression
    (69) expression -> . expression DEAD_HEAT expression
    (70) expression -> . expression OUTLAP expression
    (71) expression -> . expression UNDERCUT expression
    (72) expression -> . expression OVERCUT expression
    (73) expression -> . expression UNDEREQ expression
    (74) expression -> . expression OVEREQ expression
    (75) expression -> . expression BOTH_TYRES expression
    (76) expression -> . expression EITHER_TYRE expression
    (77) expression -> . expression SAFETY expression
    (78) expression -> . expression OVERTAKE expression
    (79) expression -> . GAP expression
    (80) expression -> . REVERSE_GRID expression
    (81) expression -> . REVERSE expression
    (82) expression -> . CORNER expression APEX
    (83) expression -> . ID SETUP expression
    (84) expression -> . ID PITSTOW expression
    (85) expression -> . ID PITGAP expression
    (86) expression -> . ID PITERS expression
    (87) expression -> . ID PITSTINT expression
    (88) expression -> . ID FASTLAP
    (89) expression -> . ID DEGRADATION
    (90) expression -> . SLIPSTREAM expression
    (91) expression -> . POSITION expression
    (92) expression -> . ID CORNER argument_list APEX
    (93) expression -> . ID CORNER APEX
    (96) expression -> . ID
    (97) expression -> . INT_LITERAL
    (98) expression -> . FLOAT_LITERAL
    (99) expression -> . STRING_LITERAL
    (100) expression -> . CHAR_LITERAL
    (101) expression -> . TRUE
    (102) expression -> . FALSE
    (103) expression -> . DNF

    GAP             shift and go to state 50
    REVERSE_GRID    shift and go to state 51
    REVERSE         shift and go to state 52
    CORNER          shift and go to state 38
    ID              shift and go to state 26
    SLIPSTREAM      shift and go to state 53
    POSITION        shift and go to state 54
    INT_LITERAL     shift and go to state 55
    FLOAT_LITERAL   shift and go to state 56
    STRING_LITERAL  shift and go to state 57
    CHAR_LITERAL    shift and go to state 58
    TRUE            shift and go to state 59
    FALSE           shift and go to state 60
    DNF             shift and go to state 61

    expression                     shift and go to state 138

state 91

    (77) expression -> expression SAFETY . expression
    (64) expression -> . expression TOW expression
    (65) expression -> . expression GAP expression
    (66) expression -> . expression ERS expression
    (67) expression -> . expression STINT expression
    (68) expression -> . expression FUEL_DELTA expression
    (69) expression -> . expression DEAD_HEAT expression
    (70) expression -> . expression OUTLAP expression
    (71) expression -> . expression UNDERCUT expression
    (72) expression -> . expression OVERCUT expression
    (73) expression -> . expression UNDEREQ expression
    (74) expression -> . expression OVEREQ expression
    (75) expression -> . expression BOTH_TYRES expression
    (76) expression -> . expression EITHER_TYRE expression
    (77) expression -> . expression SAFETY expression
    (78) expression -> . expression OVERTAKE expression
    (79) expression -> . GAP expression
    (80) expression -> . REVERSE_GRID expression
    (81) expression -> . REVERSE expression
    (82) expression -> . CORNER expression APEX
    (83) expression -> . ID SETUP expression
    (84) expression -> . ID PITSTOW expression
    (85) expression -> . ID PITGAP expression
    (86) expression -> . ID PITERS expression
    (87) expression -> . ID PITSTINT expression
    (88) expression -> . ID FASTLAP
    (89) expression -> . ID DEGRADATION
    (90) expression -> . SLIPSTREAM expression
    (91) expression -> . POSITION expression
    (92) expression -> . ID CORNER argument_list APEX
    (93) expression -> . ID CORNER APEX
    (96) expression -> . ID
    (97) expression -> . INT_LITERAL
    (98) expression -> . FLOAT_LITERAL
    (99) expression -> . STRING_LITERAL
    (100) expression -> . CHAR_LITERAL
    (101) expression -> . TRUE
    (102) expression -> . FALSE
    (103) expression -> . DNF

    GAP             shift and go to state 50
    REVERSE_GRID    shift and go to state 51
    REVERSE         shift and go to state 52
    CORNER          shift and go to state 38
    ID              shift and go to state 26
    SLIPSTREAM      shift and go to state 53
    POSITION        shift and go to state 54
    INT_LITERAL     shift and go to state 55
    FLOAT_LITERAL   shift and go to state 56
    STRING_LITERAL  shift and go to state 57
    CHAR_LITERAL    shift and go to state 58
    TRUE            shift and go to state 59
    FALSE           shift and go to state 60
    DNF             shift and go to state 61

    expression                     shift and go to state 139

state 92

    (78) expression -> expression OVERTAKE . expression
    (64) expression -> . expression TOW expression
    (65) expression -> . expression GAP expression
    (66) expression -> . expression ERS expression
    (67) expression -> . expression STINT expression
    (68) expression -> . expression FUEL_DELTA expression
    (69) expression -> . expression DEAD_HEAT expression
    (70) expression -> . expression OUTLAP expression
    (71) expression -> . expression UNDERCUT expression
    (72) expression -> . expression OVERCUT expression
    (73) expression -> . expression UNDEREQ expression
    (74) expression -> . expression OVEREQ expression
    (75) expression -> . expression BOTH_TYRES expression
    (76) expression -> . expression EITHER_TYRE expression
    (77) expression -> . expression SAFETY expression
    (78) expression -> . expression OVERTAKE expression
    (79) expression -> . GAP expression
    (80) expression -> . REVERSE_GRID expression
    (81) expression -> . REVERSE expression
    (82) expression -> . CORNER expression APEX
    (83) expression -> . ID SETUP expression
    (84) expression -> . ID PITSTOW expression
    (85) expression -> . ID PITGAP expression
    (86) expression -> . ID PITERS expression
    (87) expression -> . ID PITSTINT expression
    (88) expression -> . ID FASTLAP
    (89) expression -> . ID DEGRADATION
    (90) expression -> . SLIPSTREAM expression
    (91) expression -> . POSITION expression
    (92) expression -> . ID CORNER argument_list APEX
    (93) expression -> . ID CORNER APEX
    (96) expression -> . ID
    (97) expression -> . INT_LITERAL
    (98) expression -> . FLOAT_LITERAL
    (99) expression -> . STRING_LITERAL
    (100) expression -> . CHAR_LITERAL
    (101) expression -> . TRUE
    (102) expression -> . FALSE
    (103) expression -> . DNF

    GAP             shift and go to state 50
    REVERSE_GRID    shift and go to state 51
    REVERSE         shift and go to state 52
    CORNER          shift and go to state 38
    ID              shift and go to state 26
    SLIPSTREAM      shift and go to state 53
    POSITION        shift and go to state 54
    INT_LITERAL     shift and go to state 55
    FLOAT_LITERAL   shift and go to state 56
    STRING_LITERAL  shift and go to state 57
    CHAR_LITERAL    shift and go to state 58
    TRUE            shift and go to state 59
    FALSE           shift and go to state 60
    DNF             shift and go to state 61

    expression                     shift and go to state 140

state 93

    (29) declaration -> VSC type_specifier . ID SETUP expression STOP

    ID              shift and go to state 141


state 94

    (39) selection_statement -> STRATEGY_CHECK CORNER . expression APEX compound_statement
    (40) selection_statement -> STRATEGY_CHECK CORNER . expression APEX compound_statement STAY_OUT compound_statement
    (41) selection_statement -> STRATEGY_CHECK CORNER . expression APEX compound_statement STAY_OUT selection_statement
    (64) expression -> . expression TOW expression
    (65) expression -> . expression GAP expression
    (66) expression -> . expression ERS expression
    (67) expression -> . expression STINT expression
    (68) expression -> . expression FUEL_DELTA expression
    (69) expression -> . expression DEAD_HEAT expression
    (70) expression -> . expression OUTLAP expression
    (71) expression -> . expression UNDERCUT expression
    (72) expression -> . expression OVERCUT expression
    (73) expression -> . expression UNDEREQ expression
    (74) expression -> . expression OVEREQ expression
    (75) expression -> . expression BOTH_TYRES expression
    (76) expression -> . expression EITHER_TYRE expression
    (77) expression -> . expression SAFETY expression
    (78) expression -> . expression OVERTAKE expression
    (79) expression -> . GAP expression
    (80) expression -> . REVERSE_GRID expression
    (81) expression -> . REVERSE expression
    (82) expression -> . CORNER expression APEX
    (83) expression -> . ID SETUP expression
    (84) expression -> . ID PITSTOW expression
    (85) expression -> . ID PITGAP expression
    (86) expression -> . ID PITERS expression
    (87) expression -> . ID PITSTINT expression
    (88) expression -> . ID FASTLAP
    (89) expression -> . ID DEGRADATION
    (90) expression -> . SLIPSTREAM expression
    (91) expression -> . POSITION expression
    (92) expression -> . ID CORNER argument_list APEX
    (93) expression -> . ID CORNER APEX
    (96) expression -> . ID
    (97) expression -> . INT_LITERAL
    (98) expression -> . FLOAT_LITERAL
    (99) expression -> . STRING_LITERAL
    (100) expression -> . CHAR_LITERAL
    (101) expression -> . TRUE
    (102) expression -> . FALSE
    (103) expression -> . DNF

    GAP             shift and go to state 50
    REVERSE_GRID    shift and go to state 51
    REVERSE         shift and go to state 52
    CORNER          shift and go to state 38
    ID              shift and go to state 26
    SLIPSTREAM      shift and go to state 53
    POSITION        shift and go to state 54
    INT_LITERAL     shift and go to state 55
    FLOAT_LITERAL   shift and go to state 56
    STRING_LITERAL  shift and go to state 57
    CHAR_LITERAL    shift and go to state 58
    TRUE            shift and go to state 59
    FALSE           shift and go to state 60
    DNF             shift and go to state 61

    expression                     shift and go to state 142

state 95

    (82) expression -> CORNER expression . APEX
    (64) expression -> expression . TOW expression
    (65) expression -> expression . GAP expression
    (66) expression -> expression . ERS expression
    (67) expression -> expression . STINT expression
    (68) expression -> expression . FUEL_DELTA expression
    (69) expression -> expression . DEAD_HEAT expression
    (70) expression -> expression . OUTLAP expression
    (71) expression -> expression . UNDERCUT expression
    (72) expression -> expression . OVERCUT expression
    (73) expression -> expression . UNDEREQ expression
    (74) expression -> expression . OVEREQ expression
    (75) expression -> expression . BOTH_TYRES expression
    (76) expression -> expression . EITHER_TYRE expression
    (77) expression -> expression . SAFETY expression
    (78) expression -> expression . OVERTAKE expression

    APEX            shift and go to state 143
    TOW             shift and go to state 78
    GAP             shift and go to state 79
    ERS             shift and go to state 80
    STINT           shift and go to state 81
    FUEL_DELTA      shift and go to state 82
    DEAD_HEAT       shift and go to state 83
    OUTLAP          shift and go to state 84
    UNDERCUT        shift and go to state 85
    OVERCUT         shift and go to state 86
    UNDEREQ         shift and go to state 87
    OVEREQ          shift and go to state 88
    BOTH_TYRES      shift and go to state 89
    EITHER_TYRE     shift and go to state 90
    SAFETY          shift and go to state 91
    OVERTAKE        shift and go to state 92


state 96

    (42) selection_statement -> GAP_CHECK CORNER . expression APEX GARAGE case_list READY
    (64) expression -> . expression TOW expression
    (65) expression -> . expression GAP expression
    (66) expression -> . expression ERS expression
    (67) expression -> . expression STINT expression
    (68) expression -> . expression FUEL_DELTA expression
    (69) expression -> . expression DEAD_HEAT expression
    (70) expression -> . expression OUTLAP expression
    (71) expression -> . expression UNDERCUT expression
    (72) expression -> . expression OVERCUT expression
    (73) expression -> . expression UNDEREQ expression
    (74) expression -> . expression OVEREQ expression
    (75) expression -> . expression BOTH_TYRES expression
    (76) expression -> . expression EITHER_TYRE expression
    (77) expression -> . expression SAFETY expression
    (78) expression -> . expression OVERTAKE expression
    (79) expression -> . GAP expression
    (80) expression -> . REVERSE_GRID expression
    (81) expression -> . REVERSE expression
    (82) expression -> . CORNER expression APEX
    (83) expression -> . ID SETUP expression
    (84) expression -> . ID PITSTOW expression
    (85) expression -> . ID PITGAP expression
    (86) expression -> . ID PITERS expression
    (87) expression -> . ID PITSTINT expression
    (88) expression -> . ID FASTLAP
    (89) expression -> . ID DEGRADATION
    (90) expression -> . SLIPSTREAM expression
    (91) expression -> . POSITION expression
    (92) expression -> . ID CORNER argument_list APEX
    (93) expression -> . ID CORNER APEX
    (96) expression -> . ID
    (97) expression -> . INT_LITERAL
    (98) expression -> . FLOAT_LITERAL
    (99) expression -> . STRING_LITERAL
    (100) expression -> . CHAR_LITERAL
    (101) expression -> . TRUE
    (102) expression -> . FALSE
    (103) expression -> . DNF

    GAP             shift and go to state 50
    REVERSE_GRID    shift and go to state 51
    REVERSE         shift and go to state 52
    CORNER          shift and go to state 38
    ID              shift and go to state 26
    SLIPSTREAM      shift and go to state 53
    POSITION        shift and go to state 54
    INT_LITERAL     shift and go to state 55
    FLOAT_LITERAL   shift and go to state 56
    STRING_LITERAL  shift and go to state 57
    CHAR_LITERAL    shift and go to state 58
    TRUE            shift and go to state 59
    FALSE           shift and go to state 60
    DNF             shift and go to state 61

    expression                     shift and go to state 144

state 97

    (43) selection_statement -> PITWALL CORNER . expression APEX GARAGE case_list READY
    (64) expression -> . expression TOW expression
    (65) expression -> . expression GAP expression
    (66) expression -> . expression ERS expression
    (67) expression -> . expression STINT expression
    (68) expression -> . expression FUEL_DELTA expression
    (69) expression -> . expression DEAD_HEAT expression
    (70) expression -> . expression OUTLAP expression
    (71) expression -> . expression UNDERCUT expression
    (72) expression -> . expression OVERCUT expression
    (73) expression -> . expression UNDEREQ expression
    (74) expression -> . expression OVEREQ expression
    (75) expression -> . expression BOTH_TYRES expression
    (76) expression -> . expression EITHER_TYRE expression
    (77) expression -> . expression SAFETY expression
    (78) expression -> . expression OVERTAKE expression
    (79) expression -> . GAP expression
    (80) expression -> . REVERSE_GRID expression
    (81) expression -> . REVERSE expression
    (82) expression -> . CORNER expression APEX
    (83) expression -> . ID SETUP expression
    (84) expression -> . ID PITSTOW expression
    (85) expression -> . ID PITGAP expression
    (86) expression -> . ID PITERS expression
    (87) expression -> . ID PITSTINT expression
    (88) expression -> . ID FASTLAP
    (89) expression -> . ID DEGRADATION
    (90) expression -> . SLIPSTREAM expression
    (91) expression -> . POSITION expression
    (92) expression -> . ID CORNER argument_list APEX
    (93) expression -> . ID CORNER APEX
    (96) expression -> . ID
    (97) expression -> . INT_LITERAL
    (98) expression -> . FLOAT_LITERAL
    (99) expression -> . STRING_LITERAL
    (100) expression -> . CHAR_LITERAL
    (101) expression -> . TRUE
    (102) expression -> . FALSE
    (103) expression -> . DNF

    GAP             shift and go to state 50
    REVERSE_GRID    shift and go to state 51
    REVERSE         shift and go to state 52
    CORNER          shift and go to state 38
    ID              shift and go to state 26
    SLIPSTREAM      shift and go to state 53
    POSITION        shift and go to state 54
    INT_LITERAL     shift and go to state 55
    FLOAT_LITERAL   shift and go to state 56
    STRING_LITERAL  shift and go to state 57
    CHAR_LITERAL    shift and go to state 58
    TRUE            shift and go to state 59
    FALSE           shift and go to state 60
    DNF             shift and go to state 61

    expression                     shift and go to state 145

state 98

    (48) iteration_statement -> PUSH CORNER . expression APEX compound_statement
    (64) expression -> . expression TOW expression
    (65) expression -> . expression GAP expression
    (66) expression -> . expression ERS expression
    (67) expression -> . expression STINT expression
    (68) expression -> . expression FUEL_DELTA expression
    (69) expression -> . expression DEAD_HEAT expression
    (70) expression -> . expression OUTLAP expression
    (71) expression -> . expression UNDERCUT expression
    (72) expression -> . expression OVERCUT expression
    (73) expression -> . expression UNDEREQ expression
    (74) expression -> . expression OVEREQ expression
    (75) expression -> . expression BOTH_TYRES expression
    (76) expression -> . expression EITHER_TYRE expression
    (77) expression -> . expression SAFETY expression
    (78) expression -> . expression OVERTAKE expression
    (79) expression -> . GAP expression
    (80) expression -> . REVERSE_GRID expression
    (81) expression -> . REVERSE expression
    (82) expression -> . CORNER expression APEX
    (83) expression -> . ID SETUP expression
    (84) expression -> . ID PITSTOW expression
    (85) expression -> . ID PITGAP expression
    (86) expression -> . ID PITERS expression
    (87) expression -> . ID PITSTINT expression
    (88) expression -> . ID FASTLAP
    (89) expression -> . ID DEGRADATION
    (90) expression -> . SLIPSTREAM expression
    (91) expression -> . POSITION expression
    (92) expression -> . ID CORNER argument_list APEX
    (93) expression -> . ID CORNER APEX
    (96) expression -> . ID
    (97) expression -> . INT_LITERAL
    (98) expression -> . FLOAT_LITERAL
    (99) expression -> . STRING_LITERAL
    (100) expression -> . CHAR_LITERAL
    (101) expression -> . TRUE
    (102) expression -> . FALSE
    (103) expression -> . DNF

    GAP             shift and go to state 50
    REVERSE_GRID    shift and go to state 51
    REVERSE         shift and go to state 52
    CORNER          shift and go to state 38
    ID              shift and go to state 26
    SLIPSTREAM      shift and go to state 53
    POSITION        shift and go to state 54
    INT_LITERAL     shift and go to state 55
    FLOAT_LITERAL   shift and go to state 56
    STRING_LITERAL  shift and go to state 57
    CHAR_LITERAL    shift and go to state 58
    TRUE            shift and go to state 59
    FALSE           shift and go to state 60
    DNF             shift and go to state 61

    expression                     shift and go to state 146

state 99

    (49) iteration_statement -> BOX compound_statement . PUSH CORNER expression APEX STOP

    PUSH            shift and go to state 147


state 100

    (50) iteration_statement -> FORMATION_LAP CORNER . for_init expression for_semi expression APEX compound_statement
    (51) iteration_statement -> FORMATION_LAP CORNER . for_init expression for_semi APEX compound_statement
    (52) iteration_statement -> FORMATION_LAP CORNER . for_semi for_semi APEX compound_statement
    (54) for_init -> . type_specifier ID SETUP expression for_semi
    (55) for_init -> . expression for_semi
    (56) for_init -> . for_semi
    (53) for_semi -> . STOP
    (16) type_specifier -> . LAP
    (17) type_specifier -> . SPLIT
    (18) type_specifier -> . PITBOARD
    (19) type_specifier -> . YELLOW_FLAG
    (20) type_specifier -> . RADIO
    (64) expression -> . expression TOW expression
    (65) expression -> . expression GAP expression
    (66) expression -> . expression ERS expression
    (67) expression -> . expression STINT expression
    (68) expression -> . expression FUEL_DELTA expression
    (69) expression -> . expression DEAD_HEAT expression
    (70) expression -> . expression OUTLAP expression
    (71) expression -> . expression UNDERCUT expression
    (72) expression -> . expression OVERCUT expression
    (73) expression -> . expression UNDEREQ expression
    (74) expression -> . expression OVEREQ expression
    (75) expression -> . expression BOTH_TYRES expression
    (76) expression -> . expression EITHER_TYRE expression
    (77) expression -> . expression SAFETY expression
    (78) expression -> . expression OVERTAKE expression
    (79) expression -> . GAP expression
    (80) expression -> . REVERSE_GRID expression
    (81) expression -> . REVERSE expression
    (82) expression -> . CORNER expression APEX
    (83) expression -> . ID SETUP expression
    (84) expression -> . ID PITSTOW expression
    (85) expression -> . ID PITGAP expression
    (86) expression -> . ID PITERS expression
    (87) expression -> . ID PITSTINT expression
    (88) expression -> . ID FASTLAP
    (89) expression -> . ID DEGRADATION
    (90) expression -> . SLIPSTREAM expression
    (91) expression -> . POSITION expression
    (92) expression -> . ID CORNER argument_list APEX
    (93) expression -> . ID CORNER APEX
    (96) expression -> . ID
    (97) expression -> . INT_LITERAL
    (98) expression -> . FLOAT_LITERAL
    (99) expression -> . STRING_LITERAL
    (100) expression -> . CHAR_LITERAL
    (101) expression -> . TRUE
    (102) expression -> . FALSE
    (103) expression -> . DNF

    STOP            shift and go to state 152
    LAP             shift and go to state 13
    SPLIT           shift and go to state 14
    PITBOARD        shift and go to state 15
    YELLOW_FLAG     shift and go to state 16
    RADIO           shift and go to state 17
    GAP             shift and go to state 50
    REVERSE_GRID    shift and go to state 51
    REVERSE         shift and go to state 52
    CORNER          shift and go to state 38
    ID              shift and go to state 26
    SLIPSTREAM      shift and go to state 53
    POSITION        shift and go to state 54
    INT_LITERAL     shift and go to state 55
    FLOAT_LITERAL   shift and go to state 56
    STRING_LITERAL  shift and go to state 57
    CHAR_LITERAL    shift and go to state 58
    TRUE            shift and go to state 59
    FALSE           shift and go to state 60
    DNF             shift and go to state 61

    for_init                       shift and go to state 148
    expression                     shift and go to state 149
    for_semi                       shift and go to state 150
    type_specifier                 shift and go to state 151

state 101

    (57) jump_statement -> PODIO expression . STOP
    (64) expression -> expression . TOW expression
    (65) expression -> expression . GAP expression
    (66) expression -> expression . ERS expression
    (67) expression -> expression . STINT expression
    (68) expression -> expression . FUEL_DELTA expression
    (69) expression -> expression . DEAD_HEAT expression
    (70) expression -> expression . OUTLAP expression
    (71) expression -> expression . UNDERCUT expression
    (72) expression -> expression . OVERCUT expression
    (73) expression -> expression . UNDEREQ expression
    (74) expression -> expression . OVEREQ expression
    (75) expression -> expression . BOTH_TYRES expression
    (76) expression -> expression . EITHER_TYRE expression
    (77) expression -> expression . SAFETY expression
    (78) expression -> expression . OVERTAKE expression

    STOP            shift and go to state 153
    TOW             shift and go to state 78
    GAP             shift and go to state 79
    ERS             shift and go to state 80
    STINT           shift and go to state 81
    FUEL_DELTA      shift and go to state 82
    DEAD_HEAT       shift and go to state 83
    OUTLAP          shift and go to state 84
    UNDERCUT        shift and go to state 85
    OVERCUT         shift and go to state 86
    UNDEREQ         shift and go to state 87
    OVEREQ          shift and go to state 88
    BOTH_TYRES      shift and go to state 89
    EITHER_TYRE     shift and go to state 90
    SAFETY          shift and go to state 91
    OVERTAKE        shift and go to state 92


state 102

    (58) jump_statement -> PODIO STOP .

    READY           reduce using rule 58 (jump_statement -> PODIO STOP .)
    VSC             reduce using rule 58 (jump_statement -> PODIO STOP .)
    LAP             reduce using rule 58 (jump_statement -> PODIO STOP .)
    SPLIT           reduce using rule 58 (jump_statement -> PODIO STOP .)
    PITBOARD        reduce using rule 58 (jump_statement -> PODIO STOP .)
    YELLOW_FLAG     reduce using rule 58 (jump_statement -> PODIO STOP .)
    RADIO           reduce using rule 58 (jump_statement -> PODIO STOP .)
    STOP            reduce using rule 58 (jump_statement -> PODIO STOP .)
    GARAGE          reduce using rule 58 (jump_statement -> PODIO STOP .)
    STRATEGY_CHECK  reduce using rule 58 (jump_statement -> PODIO STOP .)
    GAP_CHECK       reduce using rule 58 (jump_statement -> PODIO STOP .)
    PITWALL         reduce using rule 58 (jump_statement -> PODIO STOP .)
    PUSH            reduce using rule 58 (jump_statement -> PODIO STOP .)
    BOX             reduce using rule 58 (jump_statement -> PODIO STOP .)
    FORMATION_LAP   reduce using rule 58 (jump_statement -> PODIO STOP .)
    PODIO           reduce using rule 58 (jump_statement -> PODIO STOP .)
    BOX_BOX         reduce using rule 58 (jump_statement -> PODIO STOP .)
    DRS             reduce using rule 58 (jump_statement -> PODIO STOP .)
    BROADCAST       reduce using rule 58 (jump_statement -> PODIO STOP .)
    TELEMETRY       reduce using rule 58 (jump_statement -> PODIO STOP .)
    CHECKERED_FLAG  reduce using rule 58 (jump_statement -> PODIO STOP .)
    GAP             reduce using rule 58 (jump_statement -> PODIO STOP .)
    REVERSE_GRID    reduce using rule 58 (jump_statement -> PODIO STOP .)
    REVERSE         reduce using rule 58 (jump_statement -> PODIO STOP .)
    CORNER          reduce using rule 58 (jump_statement -> PODIO STOP .)
    ID              reduce using rule 58 (jump_statement -> PODIO STOP .)
    SLIPSTREAM      reduce using rule 58 (jump_statement -> PODIO STOP .)
    POSITION        reduce using rule 58 (jump_statement -> PODIO STOP .)
    INT_LITERAL     reduce using rule 58 (jump_statement -> PODIO STOP .)
    FLOAT_LITERAL   reduce using rule 58 (jump_statement -> PODIO STOP .)
    STRING_LITERAL  reduce using rule 58 (jump_statement -> PODIO STOP .)
    CHAR_LITERAL    reduce using rule 58 (jump_statement -> PODIO STOP .)
    TRUE            reduce using rule 58 (jump_statement -> PODIO STOP .)
    FALSE           reduce using rule 58 (jump_statement -> PODIO STOP .)
    DNF             reduce using rule 58 (jump_statement -> PODIO STOP .)
    SECTOR          reduce using rule 58 (jump_statement -> PODIO STOP .)
    NO_DATA         reduce using rule 58 (jump_statement -> PODIO STOP .)


state 103

    (59) jump_statement -> BOX_BOX STOP .

    READY           reduce using rule 59 (jump_statement -> BOX_BOX STOP .)
    VSC             reduce using rule 59 (jump_statement -> BOX_BOX STOP .)
    LAP             reduce using rule 59 (jump_statement -> BOX_BOX STOP .)
    SPLIT           reduce using rule 59 (jump_statement -> BOX_BOX STOP .)
    PITBOARD        reduce using rule 59 (jump_statement -> BOX_BOX STOP .)
    YELLOW_FLAG     reduce using rule 59 (jump_statement -> BOX_BOX STOP .)
    RADIO           reduce using rule 59 (jump_statement -> BOX_BOX STOP .)
    STOP            reduce using rule 59 (jump_statement -> BOX_BOX STOP .)
    GARAGE          reduce using rule 59 (jump_statement -> BOX_BOX STOP .)
    STRATEGY_CHECK  reduce using rule 59 (jump_statement -> BOX_BOX STOP .)
    GAP_CHECK       reduce using rule 59 (jump_statement -> BOX_BOX STOP .)
    PITWALL         reduce using rule 59 (jump_statement -> BOX_BOX STOP .)
    PUSH            reduce using rule 59 (jump_statement -> BOX_BOX STOP .)
    BOX             reduce using rule 59 (jump_statement -> BOX_BOX STOP .)
    FORMATION_LAP   reduce using rule 59 (jump_statement -> BOX_BOX STOP .)
    PODIO           reduce using rule 59 (jump_statement -> BOX_BOX STOP .)
    BOX_BOX         reduce using rule 59 (jump_statement -> BOX_BOX STOP .)
    DRS             reduce using rule 59 (jump_statement -> BOX_BOX STOP .)
    BROADCAST       reduce using rule 59 (jump_statement -> BOX_BOX STOP .)
    TELEMETRY       reduce using rule 59 (jump_statement -> BOX_BOX STOP .)
    CHECKERED_FLAG  reduce using rule 59 (jump_statement -> BOX_BOX STOP .)
    GAP             reduce using rule 59 (jump_statement -> BOX_BOX STOP .)
    REVERSE_GRID    reduce using rule 59 (jump_statement -> BOX_BOX STOP .)
    REVERSE         reduce using rule 59 (jump_statement -> BOX_BOX STOP .)
    CORNER          reduce using rule 59 (jump_statement -> BOX_BOX STOP .)
    ID              reduce using rule 59 (jump_statement -> BOX_BOX STOP .)
    SLIPSTREAM      reduce using rule 59 (jump_statement -> BOX_BOX STOP .)
    POSITION        reduce using rule 59 (jump_statement -> BOX_BOX STOP .)
    INT_LITERAL     reduce using rule 59 (jump_statement -> BOX_BOX STOP .)
    FLOAT_LITERAL   reduce using rule 59 (jump_statement -> BOX_BOX STOP .)
    STRING_LITERAL  reduce using rule 59 (jump_statement -> BOX_BOX STOP .)
    CHAR_LITERAL    reduce using rule 59 (jump_statement -> BOX_BOX STOP .)
    TRUE            reduce using rule 59 (jump_statement -> BOX_BOX STOP .)
    FALSE           reduce using rule 59 (jump_statement -> BOX_BOX STOP .)
    DNF             reduce using rule 59 (jump_statement -> BOX_BOX STOP .)
    SECTOR          reduce using rule 59 (jump_statement -> BOX_BOX STOP .)
    NO_DATA         reduce using rule 59 (jump_statement -> BOX_BOX STOP .)


state 104

    (60) jump_statement -> DRS STOP .

    READY           reduce using rule 60 (jump_statement -> DRS STOP .)
    VSC             reduce using rule 60 (jump_statement -> DRS STOP .)
    LAP             reduce using rule 60 (jump_statement -> DRS STOP .)
    SPLIT           reduce using rule 60 (jump_statement -> DRS STOP .)
    PITBOARD        reduce using rule 60 (jump_statement -> DRS STOP .)
    YELLOW_FLAG     reduce using rule 60 (jump_statement -> DRS STOP .)
    RADIO           reduce using rule 60 (jump_statement -> DRS STOP .)
    STOP            reduce using rule 60 (jump_statement -> DRS STOP .)
    GARAGE          reduce using rule 60 (jump_statement -> DRS STOP .)
    STRATEGY_CHECK  reduce using rule 60 (jump_statement -> DRS STOP .)
    GAP_CHECK       reduce using rule 60 (jump_statement -> DRS STOP .)
    PITWALL         reduce using rule 60 (jump_statement -> DRS STOP .)
    PUSH            reduce using rule 60 (jump_statement -> DRS STOP .)
    BOX             reduce using rule 60 (jump_statement -> DRS STOP .)
    FORMATION_LAP   reduce using rule 60 (jump_statement -> DRS STOP .)
    PODIO           reduce using rule 60 (jump_statement -> DRS STOP .)
    BOX_BOX         reduce using rule 60 (jump_statement -> DRS STOP .)
    DRS             reduce using rule 60 (jump_statement -> DRS STOP .)
    BROADCAST       reduce using rule 60 (jump_statement -> DRS STOP .)
    TELEMETRY       reduce using rule 60 (jump_statement -> DRS STOP .)
    CHECKERED_FLAG  reduce using rule 60 (jump_statement -> DRS STOP .)
    GAP             reduce using rule 60 (jump_statement -> DRS STOP .)
    REVERSE_GRID    reduce using rule 60 (jump_statement -> DRS STOP .)
    REVERSE         reduce using rule 60 (jump_statement -> DRS STOP .)
    CORNER          reduce using rule 60 (jump_statement -> DRS STOP .)
    ID              reduce using rule 60 (jump_statement -> DRS STOP .)
    SLIPSTREAM      reduce using rule 60 (jump_statement -> DRS STOP .)
    POSITION        reduce using rule 60 (jump_statement -> DRS STOP .)
    INT_LITERAL     reduce using rule 60 (jump_statement -> DRS STOP .)
    FLOAT_LITERAL   reduce using rule 60 (jump_statement -> DRS STOP .)
    STRING_LITERAL  reduce using rule 60 (jump_statement -> DRS STOP .)
    CHAR_LITERAL    reduce using rule 60 (jump_statement -> DRS STOP .)
    TRUE            reduce using rule 60 (jump_statement -> DRS STOP .)
    FALSE           reduce using rule 60 (jump_statement -> DRS STOP .)
    DNF             reduce using rule 60 (jump_statement -> DRS STOP .)
    SECTOR          reduce using rule 60 (jump_statement -> DRS STOP .)
    NO_DATA         reduce using rule 60 (jump_statement -> DRS STOP .)


state 105

    (61) io_statement -> BROADCAST CORNER . expression APEX STOP
    (64) expression -> . expression TOW expression
    (65) expression -> . expression GAP expression
    (66) expression -> . expression ERS expression
    (67) expression -> . expression STINT expression
    (68) expression -> . expression FUEL_DELTA expression
    (69) expression -> . expression DEAD_HEAT expression
    (70) expression -> . expression OUTLAP expression
    (71) expression -> . expression UNDERCUT expression
    (72) expression -> . expression OVERCUT expression
    (73) expression -> . expression UNDEREQ expression
    (74) expression -> . expression OVEREQ expression
    (75) expression -> . expression BOTH_TYRES expression
    (76) expression -> . expression EITHER_TYRE expression
    (77) expression -> . expression SAFETY expression
    (78) expression -> . expression OVERTAKE expression
    (79) expression -> . GAP expression
    (80) expression -> . REVERSE_GRID expression
    (81) expression -> . REVERSE expression
    (82) expression -> . CORNER expression APEX
    (83) expression -> . ID SETUP expression
    (84) expression -> . ID PITSTOW expression
    (85) expression -> . ID PITGAP expression
    (86) expression -> . ID PITERS expression
    (87) expression -> . ID PITSTINT expression
    (88) expression -> . ID FASTLAP
    (89) expression -> . ID DEGRADATION
    (90) expression -> . SLIPSTREAM expression
    (91) expression -> . POSITION expression
    (92) expression -> . ID CORNER argument_list APEX
    (93) expression -> . ID CORNER APEX
    (96) expression -> . ID
    (97) expression -> . INT_LITERAL
    (98) expression -> . FLOAT_LITERAL
    (99) expression -> . STRING_LITERAL
    (100) expression -> . CHAR_LITERAL
    (101) expression -> . TRUE
    (102) expression -> . FALSE
    (103) expression -> . DNF

    GAP             shift and go to state 50
    REVERSE_GRID    shift and go to state 51
    REVERSE         shift and go to state 52
    CORNER          shift and go to state 38
    ID              shift and go to state 26
    SLIPSTREAM      shift and go to state 53
    POSITION        shift and go to state 54
    INT_LITERAL     shift and go to state 55
    FLOAT_LITERAL   shift and go to state 56
    STRING_LITERAL  shift and go to state 57
    CHAR_LITERAL    shift and go to state 58
    TRUE            shift and go to state 59
    FALSE           shift and go to state 60
    DNF             shift and go to state 61

    expression                     shift and go to state 154

state 106

    (62) io_statement -> TELEMETRY CORNER . ID APEX STOP

    ID              shift and go to state 155


state 107

    (63) end_statement -> CHECKERED_FLAG STOP .

    READY           reduce using rule 63 (end_statement -> CHECKERED_FLAG STOP .)
    VSC             reduce using rule 63 (end_statement -> CHECKERED_FLAG STOP .)
    LAP             reduce using rule 63 (end_statement -> CHECKERED_FLAG STOP .)
    SPLIT           reduce using rule 63 (end_statement -> CHECKERED_FLAG STOP .)
    PITBOARD        reduce using rule 63 (end_statement -> CHECKERED_FLAG STOP .)
    YELLOW_FLAG     reduce using rule 63 (end_statement -> CHECKERED_FLAG STOP .)
    RADIO           reduce using rule 63 (end_statement -> CHECKERED_FLAG STOP .)
    STOP            reduce using rule 63 (end_statement -> CHECKERED_FLAG STOP .)
    GARAGE          reduce using rule 63 (end_statement -> CHECKERED_FLAG STOP .)
    STRATEGY_CHECK  reduce using rule 63 (end_statement -> CHECKERED_FLAG STOP .)
    GAP_CHECK       reduce using rule 63 (end_statement -> CHECKERED_FLAG STOP .)
    PITWALL         reduce using rule 63 (end_statement -> CHECKERED_FLAG STOP .)
    PUSH            reduce using rule 63 (end_statement -> CHECKERED_FLAG STOP .)
    BOX             reduce using rule 63 (end_statement -> CHECKERED_FLAG STOP .)
    FORMATION_LAP   reduce using rule 63 (end_statement -> CHECKERED_FLAG STOP .)
    PODIO           reduce using rule 63 (end_statement -> CHECKERED_FLAG STOP .)
    BOX_BOX         reduce using rule 63 (end_statement -> CHECKERED_FLAG STOP .)
    DRS             reduce using rule 63 (end_statement -> CHECKERED_FLAG STOP .)
    BROADCAST       reduce using rule 63 (end_statement -> CHECKERED_FLAG STOP .)
    TELEMETRY       reduce using rule 63 (end_statement -> CHECKERED_FLAG STOP .)
    CHECKERED_FLAG  reduce using rule 63 (end_statement -> CHECKERED_FLAG STOP .)
    GAP             reduce using rule 63 (end_statement -> CHECKERED_FLAG STOP .)
    REVERSE_GRID    reduce using rule 63 (end_statement -> CHECKERED_FLAG STOP .)
    REVERSE         reduce using rule 63 (end_statement -> CHECKERED_FLAG STOP .)
    CORNER          reduce using rule 63 (end_statement -> CHECKERED_FLAG STOP .)
    ID              reduce using rule 63 (end_statement -> CHECKERED_FLAG STOP .)
    SLIPSTREAM      reduce using rule 63 (end_statement -> CHECKERED_FLAG STOP .)
    POSITION        reduce using rule 63 (end_statement -> CHECKERED_FLAG STOP .)
    INT_LITERAL     reduce using rule 63 (end_statement -> CHECKERED_FLAG STOP .)
    FLOAT_LITERAL   reduce using rule 63 (end_statement -> CHECKERED_FLAG STOP .)
    STRING_LITERAL  reduce using rule 63 (end_statement -> CHECKERED_FLAG STOP .)
    CHAR_LITERAL    reduce using rule 63 (end_statement -> CHECKERED_FLAG STOP .)
    TRUE            reduce using rule 63 (end_statement -> CHECKERED_FLAG STOP .)
    FALSE           reduce using rule 63 (end_statement -> CHECKERED_FLAG STOP .)
    DNF             reduce using rule 63 (end_statement -> CHECKERED_FLAG STOP .)
    SECTOR          reduce using rule 63 (end_statement -> CHECKERED_FLAG STOP .)
    NO_DATA         reduce using rule 63 (end_statement -> CHECKERED_FLAG STOP .)


state 108

    (79) expression -> GAP expression .
    (64) expression -> expression . TOW expression
    (65) expression -> expression . GAP expression
    (66) expression -> expression . ERS expression
    (67) expression -> expression . STINT expression
    (68) expression -> expression . FUEL_DELTA expression
    (69) expression -> expression . DEAD_HEAT expression
    (70) expression -> expression . OUTLAP expression
    (71) expression -> expression . UNDERCUT expression
    (72) expression -> expression . OVERCUT expression
    (73) expression -> expression . UNDEREQ expression
    (74) expression -> expression . OVEREQ expression
    (75) expression -> expression . BOTH_TYRES expression
    (76) expression -> expression . EITHER_TYRE expression
    (77) expression -> expression . SAFETY expression
    (78) expression -> expression . OVERTAKE expression

    STOP            reduce using rule 79 (expression -> GAP expression .)
    TOW             reduce using rule 79 (expression -> GAP expression .)
    GAP             reduce using rule 79 (expression -> GAP expression .)
    ERS             reduce using rule 79 (expression -> GAP expression .)
    STINT           reduce using rule 79 (expression -> GAP expression .)
    FUEL_DELTA      reduce using rule 79 (expression -> GAP expression .)
    DEAD_HEAT       reduce using rule 79 (expression -> GAP expression .)
    OUTLAP          reduce using rule 79 (expression -> GAP expression .)
    UNDERCUT        reduce using rule 79 (expression -> GAP expression .)
    OVERCUT         reduce using rule 79 (expression -> GAP expression .)
    UNDEREQ         reduce using rule 79 (expression -> GAP expression .)
    OVEREQ          reduce using rule 79 (expression -> GAP expression .)
    BOTH_TYRES      reduce using rule 79 (expression -> GAP expression .)
    EITHER_TYRE     reduce using rule 79 (expression -> GAP expression .)
    SAFETY          reduce using rule 79 (expression -> GAP expression .)
    OVERTAKE        reduce using rule 79 (expression -> GAP expression .)
    APEX            reduce using rule 79 (expression -> GAP expression .)
    ALSO            reduce using rule 79 (expression -> GAP expression .)
    MARSHALL        reduce using rule 79 (expression -> GAP expression .)

  ! TOW             [ shift and go to state 78 ]
  ! GAP             [ shift and go to state 79 ]
  ! ERS             [ shift and go to state 80 ]
  ! STINT           [ shift and go to state 81 ]
  ! FUEL_DELTA      [ shift and go to state 82 ]
  ! DEAD_HEAT       [ shift and go to state 83 ]
  ! OUTLAP          [ shift and go to state 84 ]
  ! UNDERCUT        [ shift and go to state 85 ]
  ! OVERCUT         [ shift and go to state 86 ]
  ! UNDEREQ         [ shift and go to state 87 ]
  ! OVEREQ          [ shift and go to state 88 ]
  ! BOTH_TYRES      [ shift and go to state 89 ]
  ! EITHER_TYRE     [ shift and go to state 90 ]
  ! SAFETY          [ shift and go to state 91 ]
  ! OVERTAKE        [ shift and go to state 92 ]


state 109

    (80) expression -> REVERSE_GRID expression .
    (64) expression -> expression . TOW expression
    (65) expression -> expression . GAP expression
    (66) expression -> expression . ERS expression
    (67) expression -> expression . STINT expression
    (68) expression -> expression . FUEL_DELTA expression
    (69) expression -> expression . DEAD_HEAT expression
    (70) expression -> expression . OUTLAP expression
    (71) expression -> expression . UNDERCUT expression
    (72) expression -> expression . OVERCUT expression
    (73) expression -> expression . UNDEREQ expression
    (74) expression -> expression . OVEREQ expression
    (75) expression -> expression . BOTH_TYRES expression
    (76) expression -> expression . EITHER_TYRE expression
    (77) expression -> expression . SAFETY expression
    (78) expression -> expression . OVERTAKE expression

    STOP            reduce using rule 80 (expression -> REVERSE_GRID expression .)
    TOW             reduce using rule 80 (expression -> REVERSE_GRID expression .)
    GAP             reduce using rule 80 (expression -> REVERSE_GRID expression .)
    ERS             reduce using rule 80 (expression -> REVERSE_GRID expression .)
    STINT           reduce using rule 80 (expression -> REVERSE_GRID expression .)
    FUEL_DELTA      reduce using rule 80 (expression -> REVERSE_GRID expression .)
    DEAD_HEAT       reduce using rule 80 (expression -> REVERSE_GRID expression .)
    OUTLAP          reduce using rule 80 (expression -> REVERSE_GRID expression .)
    UNDERCUT        reduce using rule 80 (expression -> REVERSE_GRID expression .)
    OVERCUT         reduce using rule 80 (expression -> REVERSE_GRID expression .)
    UNDEREQ         reduce using rule 80 (expression -> REVERSE_GRID expression .)
    OVEREQ          reduce using rule 80 (expression -> REVERSE_GRID expression .)
    BOTH_TYRES      reduce using rule 80 (expression -> REVERSE_GRID expression .)
    EITHER_TYRE     reduce using rule 80 (expression -> REVERSE_GRID expression .)
    SAFETY          reduce using rule 80 (expression -> REVERSE_GRID expression .)
    OVERTAKE        reduce using rule 80 (expression -> REVERSE_GRID expression .)
    APEX            reduce using rule 80 (expression -> REVERSE_GRID expression .)
    ALSO            reduce using rule 80 (expression -> REVERSE_GRID expression .)
    MARSHALL        reduce using rule 80 (expression -> REVERSE_GRID expression .)

  ! TOW             [ shift and go to state 78 ]
  ! GAP             [ shift and go to state 79 ]
  ! ERS             [ shift and go to state 80 ]
  ! STINT           [ shift and go to state 81 ]
  ! FUEL_DELTA      [ shift and go to state 82 ]
  ! DEAD_HEAT       [ shift and go to state 83 ]
  ! OUTLAP          [ shift and go to state 84 ]
  ! UNDERCUT        [ shift and go to state 85 ]
  ! OVERCUT         [ shift and go to state 86 ]
  ! UNDEREQ         [ shift and go to state 87 ]
  ! OVEREQ          [ shift and go to state 88 ]
  ! BOTH_TYRES      [ shift and go to state 89 ]
  ! EITHER_TYRE     [ shift and go to state 90 ]
  ! SAFETY          [ shift and go to state 91 ]
  ! OVERTAKE        [ shift and go to state 92 ]


state 110

    (81) expression -> REVERSE expression .
    (64) expression -> expression . TOW expression
    (65) expression -> expression . GAP expression
    (66) expression -> expression . ERS expression
    (67) expression -> expression . STINT expression
    (68) expression -> expression . FUEL_DELTA expression
    (69) expression -> expression . DEAD_HEAT expression
    (70) expression -> expression . OUTLAP expression
    (71) expression -> expression . UNDERCUT expression
    (72) expression -> expression . OVERCUT expression
    (73) expression -> expression . UNDEREQ expression
    (74) expression -> expression . OVEREQ expression
    (75) expression -> expression . BOTH_TYRES expression
    (76) expression -> expression . EITHER_TYRE expression
    (77) expression -> expression . SAFETY expression
    (78) expression -> expression . OVERTAKE expression

    STOP            reduce using rule 81 (expression -> REVERSE expression .)
    TOW             reduce using rule 81 (expression -> REVERSE expression .)
    GAP             reduce using rule 81 (expression -> REVERSE expression .)
    ERS             reduce using rule 81 (expression -> REVERSE expression .)
    STINT           reduce using rule 81 (expression -> REVERSE expression .)
    FUEL_DELTA      reduce using rule 81 (expression -> REVERSE expression .)
    DEAD_HEAT       reduce using rule 81 (expression -> REVERSE expression .)
    OUTLAP          reduce using rule 81 (expression -> REVERSE expression .)
    UNDERCUT        reduce using rule 81 (expression -> REVERSE expression .)
    OVERCUT         reduce using rule 81 (expression -> REVERSE expression .)
    UNDEREQ         reduce using rule 81 (expression -> REVERSE expression .)
    OVEREQ          reduce using rule 81 (expression -> REVERSE expression .)
    BOTH_TYRES      reduce using rule 81 (expression -> REVERSE expression .)
    EITHER_TYRE     reduce using rule 81 (expression -> REVERSE expression .)
    SAFETY          reduce using rule 81 (expression -> REVERSE expression .)
    OVERTAKE        reduce using rule 81 (expression -> REVERSE expression .)
    APEX            reduce using rule 81 (expression -> REVERSE expression .)
    ALSO            reduce using rule 81 (expression -> REVERSE expression .)
    MARSHALL        reduce using rule 81 (expression -> REVERSE expression .)

  ! TOW             [ shift and go to state 78 ]
  ! GAP             [ shift and go to state 79 ]
  ! ERS             [ shift and go to state 80 ]
  ! STINT           [ shift and go to state 81 ]
  ! FUEL_DELTA      [ shift and go to state 82 ]
  ! DEAD_HEAT       [ shift and go to state 83 ]
  ! OUTLAP          [ shift and go to state 84 ]
  ! UNDERCUT        [ shift and go to state 85 ]
  ! OVERCUT         [ shift and go to state 86 ]
  ! UNDEREQ         [ shift and go to state 87 ]
  ! OVEREQ          [ shift and go to state 88 ]
  ! BOTH_TYRES      [ shift and go to state 89 ]
  ! EITHER_TYRE     [ shift and go to state 90 ]
  ! SAFETY          [ shift and go to state 91 ]
  ! OVERTAKE        [ shift and go to state 92 ]


state 111

    (90) expression -> SLIPSTREAM expression .
    (64) expression -> expression . TOW expression
    (65) expression -> expression . GAP expression
    (66) expression -> expression . ERS expression
    (67) expression -> expression . STINT expression
    (68) expression -> expression . FUEL_DELTA expression
    (69) expression -> expression . DEAD_HEAT expression
    (70) expression -> expression . OUTLAP expression
    (71) expression -> expression . UNDERCUT expression
    (72) expression -> expression . OVERCUT expression
    (73) expression -> expression . UNDEREQ expression
    (74) expression -> expression . OVEREQ expression
    (75) expression -> expression . BOTH_TYRES expression
    (76) expression -> expression . EITHER_TYRE expression
    (77) expression -> expression . SAFETY expression
    (78) expression -> expression . OVERTAKE expression

    STOP            reduce using rule 90 (expression -> SLIPSTREAM expression .)
    TOW             reduce using rule 90 (expression -> SLIPSTREAM expression .)
    GAP             reduce using rule 90 (expression -> SLIPSTREAM expression .)
    ERS             reduce using rule 90 (expression -> SLIPSTREAM expression .)
    STINT           reduce using rule 90 (expression -> SLIPSTREAM expression .)
    FUEL_DELTA      reduce using rule 90 (expression -> SLIPSTREAM expression .)
    DEAD_HEAT       reduce using rule 90 (expression -> SLIPSTREAM expression .)
    OUTLAP          reduce using rule 90 (expression -> SLIPSTREAM expression .)
    UNDERCUT        reduce using rule 90 (expression -> SLIPSTREAM expression .)
    OVERCUT         reduce using rule 90 (expression -> SLIPSTREAM expression .)
    UNDEREQ         reduce using rule 90 (expression -> SLIPSTREAM expression .)
    OVEREQ          reduce using rule 90 (expression -> SLIPSTREAM expression .)
    BOTH_TYRES      reduce using rule 90 (expression -> SLIPSTREAM expression .)
    EITHER_TYRE     reduce using rule 90 (expression -> SLIPSTREAM expression .)
    SAFETY          reduce using rule 90 (expression -> SLIPSTREAM expression .)
    OVERTAKE        reduce using rule 90 (expression -> SLIPSTREAM expression .)
    APEX            reduce using rule 90 (expression -> SLIPSTREAM expression .)
    ALSO            reduce using rule 90 (expression -> SLIPSTREAM expression .)
    MARSHALL        reduce using rule 90 (expression -> SLIPSTREAM expression .)

  ! TOW             [ shift and go to state 78 ]
  ! GAP             [ shift and go to state 79 ]
  ! ERS             [ shift and go to state 80 ]
  ! STINT           [ shift and go to state 81 ]
  ! FUEL_DELTA      [ shift and go to state 82 ]
  ! DEAD_HEAT       [ shift and go to state 83 ]
  ! OUTLAP          [ shift and go to state 84 ]
  ! UNDERCUT        [ shift and go to state 85 ]
  ! OVERCUT         [ shift and go to state 86 ]
  ! UNDEREQ         [ shift and go to state 87 ]
  ! OVEREQ          [ shift and go to state 88 ]
  ! BOTH_TYRES      [ shift and go to state 89 ]
  ! EITHER_TYRE     [ shift and go to state 90 ]
  ! SAFETY          [ shift and go to state 91 ]
  ! OVERTAKE        [ shift and go to state 92 ]


state 112

    (91) expression -> POSITION expression .
    (64) expression -> expression . TOW expression
    (65) expression -> expression . GAP expression
    (66) expression -> expression . ERS expression
    (67) expression -> expression . STINT expression
    (68) expression -> expression . FUEL_DELTA expression
    (69) expression -> expression . DEAD_HEAT expression
    (70) expression -> expression . OUTLAP expression
    (71) expression -> expression . UNDERCUT expression
    (72) expression -> expression . OVERCUT expression
    (73) expression -> expression . UNDEREQ expression
    (74) expression -> expression . OVEREQ expression
    (75) expression -> expression . BOTH_TYRES expression
    (76) expression -> expression . EITHER_TYRE expression
    (77) expression -> expression . SAFETY expression
    (78) expression -> expression . OVERTAKE expression

    STOP            reduce using rule 91 (expression -> POSITION expression .)
    TOW             reduce using rule 91 (expression -> POSITION expression .)
    GAP             reduce using rule 91 (expression -> POSITION expression .)
    ERS             reduce using rule 91 (expression -> POSITION expression .)
    STINT           reduce using rule 91 (expression -> POSITION expression .)
    FUEL_DELTA      reduce using rule 91 (expression -> POSITION expression .)
    DEAD_HEAT       reduce using rule 91 (expression -> POSITION expression .)
    OUTLAP          reduce using rule 91 (expression -> POSITION expression .)
    UNDERCUT        reduce using rule 91 (expression -> POSITION expression .)
    OVERCUT         reduce using rule 91 (expression -> POSITION expression .)
    UNDEREQ         reduce using rule 91 (expression -> POSITION expression .)
    OVEREQ          reduce using rule 91 (expression -> POSITION expression .)
    BOTH_TYRES      reduce using rule 91 (expression -> POSITION expression .)
    EITHER_TYRE     reduce using rule 91 (expression -> POSITION expression .)
    SAFETY          reduce using rule 91 (expression -> POSITION expression .)
    OVERTAKE        reduce using rule 91 (expression -> POSITION expression .)
    APEX            reduce using rule 91 (expression -> POSITION expression .)
    ALSO            reduce using rule 91 (expression -> POSITION expression .)
    MARSHALL        reduce using rule 91 (expression -> POSITION expression .)

  ! TOW             [ shift and go to state 78 ]
  ! GAP             [ shift and go to state 79 ]
  ! ERS             [ shift and go to state 80 ]
  ! STINT           [ shift and go to state 81 ]
  ! FUEL_DELTA      [ shift and go to state 82 ]
  ! DEAD_HEAT       [ shift and go to state 83 ]
  ! OUTLAP          [ shift and go to state 84 ]
  ! UNDERCUT        [ shift and go to state 85 ]
  ! OVERCUT         [ shift and go to state 86 ]
  ! UNDEREQ         [ shift and go to state 87 ]
  ! OVEREQ          [ shift and go to state 88 ]
  ! BOTH_TYRES      [ shift and go to state 89 ]
  ! EITHER_TYRE     [ shift and go to state 90 ]
  ! SAFETY          [ shift and go to state 91 ]
  ! OVERTAKE        [ shift and go to state 92 ]


state 113

    (9) function_definition -> STRATEGY type_specifier ID CORNER . parameter_list APEX compound_statement
    (10) function_definition -> STRATEGY type_specifier ID CORNER . APEX compound_statement
    (13) parameter_list -> . parameter_declaration
    (14) parameter_list -> . parameter_list ALSO parameter_declaration
    (15) parameter_declaration -> . type_specifier ID
    (16) type_specifier -> . LAP
    (17) type_specifier -> . SPLIT
    (18) type_specifier -> . PITBOARD
    (19) type_specifier -> . YELLOW_FLAG
    (20) type_specifier -> . RADIO

    APEX            shift and go to state 158
    LAP             shift and go to state 13
    SPLIT           shift and go to state 14
    PITBOARD        shift and go to state 15
    YELLOW_FLAG     shift and go to state 16
    RADIO           shift and go to state 17

    type_specifier                 shift and go to state 156
    parameter_list                 shift and go to state 157
    parameter_declaration          shift and go to state 159

state 114

    (11) function_definition -> STRATEGY NEUTRO ID CORNER . parameter_list APEX compound_statement
    (12) function_definition -> STRATEGY NEUTRO ID CORNER . APEX compound_statement
    (13) parameter_list -> . parameter_declaration
    (14) parameter_list -> . parameter_list ALSO parameter_declaration
    (15) parameter_declaration -> . type_specifier ID
    (16) type_specifier -> . LAP
    (17) type_specifier -> . SPLIT
    (18) type_specifier -> . PITBOARD
    (19) type_specifier -> . YELLOW_FLAG
    (20) type_specifier -> . RADIO

    APEX            shift and go to state 161
    LAP             shift and go to state 13
    SPLIT           shift and go to state 14
    PITBOARD        shift and go to state 15
    YELLOW_FLAG     shift and go to state 16
    RADIO           shift and go to state 17

    parameter_list                 shift and go to state 160
    parameter_declaration          shift and go to state 159
    type_specifier                 shift and go to state 156

state 115

    (21) compound_statement -> GARAGE block_item_list READY .

    READY           reduce using rule 21 (compound_statement -> GARAGE block_item_list READY .)
    VSC             reduce using rule 21 (compound_statement -> GARAGE block_item_list READY .)
    LAP             reduce using rule 21 (compound_statement -> GARAGE block_item_list READY .)
    SPLIT           reduce using rule 21 (compound_statement -> GARAGE block_item_list READY .)
    PITBOARD        reduce using rule 21 (compound_statement -> GARAGE block_item_list READY .)
    YELLOW_FLAG     reduce using rule 21 (compound_statement -> GARAGE block_item_list READY .)
    RADIO           reduce using rule 21 (compound_statement -> GARAGE block_item_list READY .)
    STOP            reduce using rule 21 (compound_statement -> GARAGE block_item_list READY .)
    GARAGE          reduce using rule 21 (compound_statement -> GARAGE block_item_list READY .)
    STRATEGY_CHECK  reduce using rule 21 (compound_statement -> GARAGE block_item_list READY .)
    GAP_CHECK       reduce using rule 21 (compound_statement -> GARAGE block_item_list READY .)
    PITWALL         reduce using rule 21 (compound_statement -> GARAGE block_item_list READY .)
    PUSH            reduce using rule 21 (compound_statement -> GARAGE block_item_list READY .)
    BOX             reduce using rule 21 (compound_statement -> GARAGE block_item_list READY .)
    FORMATION_LAP   reduce using rule 21 (compound_statement -> GARAGE block_item_list READY .)
    PODIO           reduce using rule 21 (compound_statement -> GARAGE block_item_list READY .)
    BOX_BOX         reduce using rule 21 (compound_statement -> GARAGE block_item_list READY .)
    DRS             reduce using rule 21 (compound_statement -> GARAGE block_item_list READY .)
    BROADCAST       reduce using rule 21 (compound_statement -> GARAGE block_item_list READY .)
    TELEMETRY       reduce using rule 21 (compound_statement -> GARAGE block_item_list READY .)
    CHECKERED_FLAG  reduce using rule 21 (compound_statement -> GARAGE block_item_list READY .)
    GAP             reduce using rule 21 (compound_statement -> GARAGE block_item_list READY .)
    REVERSE_GRID    reduce using rule 21 (compound_statement -> GARAGE block_item_list READY .)
    REVERSE         reduce using rule 21 (compound_statement -> GARAGE block_item_list READY .)
    CORNER          reduce using rule 21 (compound_statement -> GARAGE block_item_list READY .)
    ID              reduce using rule 21 (compound_statement -> GARAGE block_item_list READY .)
    SLIPSTREAM      reduce using rule 21 (compound_statement -> GARAGE block_item_list READY .)
    POSITION        reduce using rule 21 (compound_statement -> GARAGE block_item_list READY .)
    INT_LITERAL     reduce using rule 21 (compound_statement -> GARAGE block_item_list READY .)
    FLOAT_LITERAL   reduce using rule 21 (compound_statement -> GARAGE block_item_list READY .)
    STRING_LITERAL  reduce using rule 21 (compound_statement -> GARAGE block_item_list READY .)
    CHAR_LITERAL    reduce using rule 21 (compound_statement -> GARAGE block_item_list READY .)
    TRUE            reduce using rule 21 (compound_statement -> GARAGE block_item_list READY .)
    FALSE           reduce using rule 21 (compound_statement -> GARAGE block_item_list READY .)
    DNF             reduce using rule 21 (compound_statement -> GARAGE block_item_list READY .)
    RACE_START      reduce using rule 21 (compound_statement -> GARAGE block_item_list READY .)
    STRATEGY        reduce using rule 21 (compound_statement -> GARAGE block_item_list READY .)
    $end            reduce using rule 21 (compound_statement -> GARAGE block_item_list READY .)
    STAY_OUT        reduce using rule 21 (compound_statement -> GARAGE block_item_list READY .)
    SECTOR          reduce using rule 21 (compound_statement -> GARAGE block_item_list READY .)
    NO_DATA         reduce using rule 21 (compound_statement -> GARAGE block_item_list READY .)


state 116

    (27) declaration -> type_specifier ID SETUP . expression STOP
    (64) expression -> . expression TOW expression
    (65) expression -> . expression GAP expression
    (66) expression -> . expression ERS expression
    (67) expression -> . expression STINT expression
    (68) expression -> . expression FUEL_DELTA expression
    (69) expression -> . expression DEAD_HEAT expression
    (70) expression -> . expression OUTLAP expression
    (71) expression -> . expression UNDERCUT expression
    (72) expression -> . expression OVERCUT expression
    (73) expression -> . expression UNDEREQ expression
    (74) expression -> . expression OVEREQ expression
    (75) expression -> . expression BOTH_TYRES expression
    (76) expression -> . expression EITHER_TYRE expression
    (77) expression -> . expression SAFETY expression
    (78) expression -> . expression OVERTAKE expression
    (79) expression -> . GAP expression
    (80) expression -> . REVERSE_GRID expression
    (81) expression -> . REVERSE expression
    (82) expression -> . CORNER expression APEX
    (83) expression -> . ID SETUP expression
    (84) expression -> . ID PITSTOW expression
    (85) expression -> . ID PITGAP expression
    (86) expression -> . ID PITERS expression
    (87) expression -> . ID PITSTINT expression
    (88) expression -> . ID FASTLAP
    (89) expression -> . ID DEGRADATION
    (90) expression -> . SLIPSTREAM expression
    (91) expression -> . POSITION expression
    (92) expression -> . ID CORNER argument_list APEX
    (93) expression -> . ID CORNER APEX
    (96) expression -> . ID
    (97) expression -> . INT_LITERAL
    (98) expression -> . FLOAT_LITERAL
    (99) expression -> . STRING_LITERAL
    (100) expression -> . CHAR_LITERAL
    (101) expression -> . TRUE
    (102) expression -> . FALSE
    (103) expression -> . DNF

    GAP             shift and go to state 50
    REVERSE_GRID    shift and go to state 51
    REVERSE         shift and go to state 52
    CORNER          shift and go to state 38
    ID              shift and go to state 26
    SLIPSTREAM      shift and go to state 53
    POSITION        shift and go to state 54
    INT_LITERAL     shift and go to state 55
    FLOAT_LITERAL   shift and go to state 56
    STRING_LITERAL  shift and go to state 57
    CHAR_LITERAL    shift and go to state 58
    TRUE            shift and go to state 59
    FALSE           shift and go to state 60
    DNF             shift and go to state 61

    expression                     shift and go to state 162

state 117

    (28) declaration -> type_specifier ID STOP .

    READY           reduce using rule 28 (declaration -> type_specifier ID STOP .)
    VSC             reduce using rule 28 (declaration -> type_specifier ID STOP .)
    LAP             reduce using rule 28 (declaration -> type_specifier ID STOP .)
    SPLIT           reduce using rule 28 (declaration -> type_specifier ID STOP .)
    PITBOARD        reduce using rule 28 (declaration -> type_specifier ID STOP .)
    YELLOW_FLAG     reduce using rule 28 (declaration -> type_specifier ID STOP .)
    RADIO           reduce using rule 28 (declaration -> type_specifier ID STOP .)
    STOP            reduce using rule 28 (declaration -> type_specifier ID STOP .)
    GARAGE          reduce using rule 28 (declaration -> type_specifier ID STOP .)
    STRATEGY_CHECK  reduce using rule 28 (declaration -> type_specifier ID STOP .)
    GAP_CHECK       reduce using rule 28 (declaration -> type_specifier ID STOP .)
    PITWALL         reduce using rule 28 (declaration -> type_specifier ID STOP .)
    PUSH            reduce using rule 28 (declaration -> type_specifier ID STOP .)
    BOX             reduce using rule 28 (declaration -> type_specifier ID STOP .)
    FORMATION_LAP   reduce using rule 28 (declaration -> type_specifier ID STOP .)
    PODIO           reduce using rule 28 (declaration -> type_specifier ID STOP .)
    BOX_BOX         reduce using rule 28 (declaration -> type_specifier ID STOP .)
    DRS             reduce using rule 28 (declaration -> type_specifier ID STOP .)
    BROADCAST       reduce using rule 28 (declaration -> type_specifier ID STOP .)
    TELEMETRY       reduce using rule 28 (declaration -> type_specifier ID STOP .)
    CHECKERED_FLAG  reduce using rule 28 (declaration -> type_specifier ID STOP .)
    GAP             reduce using rule 28 (declaration -> type_specifier ID STOP .)
    REVERSE_GRID    reduce using rule 28 (declaration -> type_specifier ID STOP .)
    REVERSE         reduce using rule 28 (declaration -> type_specifier ID STOP .)
    CORNER          reduce using rule 28 (declaration -> type_specifier ID STOP .)
    ID              reduce using rule 28 (declaration -> type_specifier ID STOP .)
    SLIPSTREAM      reduce using rule 28 (declaration -> type_specifier ID STOP .)
    POSITION        reduce using rule 28 (declaration -> type_specifier ID STOP .)
    INT_LITERAL     reduce using rule 28 (declaration -> type_specifier ID STOP .)
    FLOAT_LITERAL   reduce using rule 28 (declaration -> type_specifier ID STOP .)
    STRING_LITERAL  reduce using rule 28 (declaration -> type_specifier ID STOP .)
    CHAR_LITERAL    reduce using rule 28 (declaration -> type_specifier ID STOP .)
    TRUE            reduce using rule 28 (declaration -> type_specifier ID STOP .)
    FALSE           reduce using rule 28 (declaration -> type_specifier ID STOP .)
    DNF             reduce using rule 28 (declaration -> type_specifier ID STOP .)
    SECTOR          reduce using rule 28 (declaration -> type_specifier ID STOP .)
    NO_DATA         reduce using rule 28 (declaration -> type_specifier ID STOP .)


state 118

    (83) expression -> ID SETUP expression .
    (64) expression -> expression . TOW expression
    (65) expression -> expression . GAP expression
    (66) expression -> expression . ERS expression
    (67) expression -> expression . STINT expression
    (68) expression -> expression . FUEL_DELTA expression
    (69) expression -> expression . DEAD_HEAT expression
    (70) expression -> expression . OUTLAP expression
    (71) expression -> expression . UNDERCUT expression
    (72) expression -> expression . OVERCUT expression
    (73) expression -> expression . UNDEREQ expression
    (74) expression -> expression . OVEREQ expression
    (75) expression -> expression . BOTH_TYRES expression
    (76) expression -> expression . EITHER_TYRE expression
    (77) expression -> expression . SAFETY expression
    (78) expression -> expression . OVERTAKE expression

  ! shift/reduce conflict for TOW resolved as shift
  ! shift/reduce conflict for GAP resolved as shift
  ! shift/reduce conflict for ERS resolved as shift
  ! shift/reduce conflict for STINT resolved as shift
  ! shift/reduce conflict for FUEL_DELTA resolved as shift
  ! shift/reduce conflict for DEAD_HEAT resolved as shift
  ! shift/reduce conflict for OUTLAP resolved as shift
  ! shift/reduce conflict for UNDERCUT resolved as shift
  ! shift/reduce conflict for OVERCUT resolved as shift
  ! shift/reduce conflict for UNDEREQ resolved as shift
  ! shift/reduce conflict for OVEREQ resolved as shift
  ! shift/reduce conflict for BOTH_TYRES resolved as shift
  ! shift/reduce conflict for EITHER_TYRE resolved as shift
  ! shift/reduce conflict for SAFETY resolved as shift
  ! shift/reduce conflict for OVERTAKE resolved as shift
    STOP            reduce using rule 83 (expression -> ID SETUP expression .)
    APEX            reduce using rule 83 (expression -> ID SETUP expression .)
    ALSO            reduce using rule 83 (expression -> ID SETUP expression .)
    MARSHALL        reduce using rule 83 (expression -> ID SETUP expression .)
    TOW             shift and go to state 78
    GAP             shift and go to state 79
    ERS             shift and go to state 80
    STINT           shift and go to state 81
    FUEL_DELTA      shift and go to state 82
    DEAD_HEAT       shift and go to state 83
    OUTLAP          shift and go to state 84
    UNDERCUT        shift and go to state 85
    OVERCUT         shift and go to state 86
    UNDEREQ         shift and go to state 87
    OVEREQ          shift and go to state 88
    BOTH_TYRES      shift and go to state 89
    EITHER_TYRE     shift and go to state 90
    SAFETY          shift and go to state 91
    OVERTAKE        shift and go to state 92

  ! TOW             [ reduce using rule 83 (expression -> ID SETUP expression .) ]
  ! GAP             [ reduce using rule 83 (expression -> ID SETUP expression .) ]
  ! ERS             [ reduce using rule 83 (expression -> ID SETUP expression .) ]
  ! STINT           [ reduce using rule 83 (expression -> ID SETUP expression .) ]
  ! FUEL_DELTA      [ reduce using rule 83 (expression -> ID SETUP expression .) ]
  ! DEAD_HEAT       [ reduce using rule 83 (expression -> ID SETUP expression .) ]
  ! OUTLAP          [ reduce using rule 83 (expression -> ID SETUP expression .) ]
  ! UNDERCUT        [ reduce using rule 83 (expression -> ID SETUP expression .) ]
  ! OVERCUT         [ reduce using rule 83 (expression -> ID SETUP expression .) ]
  ! UNDEREQ         [ reduce using rule 83 (expression -> ID SETUP expression .) ]
  ! OVEREQ          [ reduce using rule 83 (expression -> ID SETUP expression .) ]
  ! BOTH_TYRES      [ reduce using rule 83 (expression -> ID SETUP expression .) ]
  ! EITHER_TYRE     [ reduce using rule 83 (expression -> ID SETUP expression .) ]
  ! SAFETY          [ reduce using rule 83 (expression -> ID SETUP expression .) ]
  ! OVERTAKE        [ reduce using rule 83 (expression -> ID SETUP expression .) ]


state 119

    (84) expression -> ID PITSTOW expression .
    (64) expression -> expression . TOW expression
    (65) expression -> expression . GAP expression
    (66) expression -> expression . ERS expression
    (67) expression -> expression . STINT expression
    (68) expression -> expression . FUEL_DELTA expression
    (69) expression -> expression . DEAD_HEAT expression
    (70) expression -> expression . OUTLAP expression
    (71) expression -> expression . UNDERCUT expression
    (72) expression -> expression . OVERCUT expression
    (73) expression -> expression . UNDEREQ expression
    (74) expression -> expression . OVEREQ expression
    (75) expression -> expression . BOTH_TYRES expression
    (76) expression -> expression . EITHER_TYRE expression
    (77) expression -> expression . SAFETY expression
    (78) expression -> expression . OVERTAKE expression

  ! shift/reduce conflict for TOW resolved as shift
  ! shift/reduce conflict for GAP resolved as shift
  ! shift/reduce conflict for ERS resolved as shift
  ! shift/reduce conflict for STINT resolved as shift
  ! shift/reduce conflict for FUEL_DELTA resolved as shift
  ! shift/reduce conflict for DEAD_HEAT resolved as shift
  ! shift/reduce conflict for OUTLAP resolved as shift
  ! shift/reduce conflict for UNDERCUT resolved as shift
  ! shift/reduce conflict for OVERCUT resolved as shift
  ! shift/reduce conflict for UNDEREQ resolved as shift
  ! shift/reduce conflict for OVEREQ resolved as shift
  ! shift/reduce conflict for BOTH_TYRES resolved as shift
  ! shift/reduce conflict for EITHER_TYRE resolved as shift
  ! shift/reduce conflict for SAFETY resolved as shift
  ! shift/reduce conflict for OVERTAKE resolved as shift
    STOP            reduce using rule 84 (expression -> ID PITSTOW expression .)
    APEX            reduce using rule 84 (expression -> ID PITSTOW expression .)
    ALSO            reduce using rule 84 (expression -> ID PITSTOW expression .)
    MARSHALL        reduce using rule 84 (expression -> ID PITSTOW expression .)
    TOW             shift and go to state 78
    GAP             shift and go to state 79
    ERS             shift and go to state 80
    STINT           shift and go to state 81
    FUEL_DELTA      shift and go to state 82
    DEAD_HEAT       shift and go to state 83
    OUTLAP          shift and go to state 84
    UNDERCUT        shift and go to state 85
    OVERCUT         shift and go to state 86
    UNDEREQ         shift and go to state 87
    OVEREQ          shift and go to state 88
    BOTH_TYRES      shift and go to state 89
    EITHER_TYRE     shift and go to state 90
    SAFETY          shift and go to state 91
    OVERTAKE        shift and go to state 92

  ! TOW             [ reduce using rule 84 (expression -> ID PITSTOW expression .) ]
  ! GAP             [ reduce using rule 84 (expression -> ID PITSTOW expression .) ]
  ! ERS             [ reduce using rule 84 (expression -> ID PITSTOW expression .) ]
  ! STINT           [ reduce using rule 84 (expression -> ID PITSTOW expression .) ]
  ! FUEL_DELTA      [ reduce using rule 84 (expression -> ID PITSTOW expression .) ]
  ! DEAD_HEAT       [ reduce using rule 84 (expression -> ID PITSTOW expression .) ]
  ! OUTLAP          [ reduce using rule 84 (expression -> ID PITSTOW expression .) ]
  ! UNDERCUT        [ reduce using rule 84 (expression -> ID PITSTOW expression .) ]
  ! OVERCUT         [ reduce using rule 84 (expression -> ID PITSTOW expression .) ]
  ! UNDEREQ         [ reduce using rule 84 (expression -> ID PITSTOW expression .) ]
  ! OVEREQ          [ reduce using rule 84 (expression -> ID PITSTOW expression .) ]
  ! BOTH_TYRES      [ reduce using rule 84 (expression -> ID PITSTOW expression .) ]
  ! EITHER_TYRE     [ reduce using rule 84 (expression -> ID PITSTOW expression .) ]
  ! SAFETY          [ reduce using rule 84 (expression -> ID PITSTOW expression .) ]
  ! OVERTAKE        [ reduce using rule 84 (expression -> ID PITSTOW expression .) ]


state 120

    (85) expression -> ID PITGAP expression .
    (64) expression -> expression . TOW expression
    (65) expression -> expression . GAP expression
    (66) expression -> expression . ERS expression
    (67) expression -> expression . STINT expression
    (68) expression -> expression . FUEL_DELTA expression
    (69) expression -> expression . DEAD_HEAT expression
    (70) expression -> expression . OUTLAP expression
    (71) expression -> expression . UNDERCUT expression
    (72) expression -> expression . OVERCUT expression
    (73) expression -> expression . UNDEREQ expression
    (74) expression -> expression . OVEREQ expression
    (75) expression -> expression . BOTH_TYRES expression
    (76) expression -> expression . EITHER_TYRE expression
    (77) expression -> expression . SAFETY expression
    (78) expression -> expression . OVERTAKE expression

  ! shift/reduce conflict for TOW resolved as shift
  ! shift/reduce conflict for GAP resolved as shift
  ! shift/reduce conflict for ERS resolved as shift
  ! shift/reduce conflict for STINT resolved as shift
  ! shift/reduce conflict for FUEL_DELTA resolved as shift
  ! shift/reduce conflict for DEAD_HEAT resolved as shift
  ! shift/reduce conflict for OUTLAP resolved as shift
  ! shift/reduce conflict for UNDERCUT resolved as shift
  ! shift/reduce conflict for OVERCUT resolved as shift
  ! shift/reduce conflict for UNDEREQ resolved as shift
  ! shift/reduce conflict for OVEREQ resolved as shift
  ! shift/reduce conflict for BOTH_TYRES resolved as shift
  ! shift/reduce conflict for EITHER_TYRE resolved as shift
  ! shift/reduce conflict for SAFETY resolved as shift
  ! shift/reduce conflict for OVERTAKE resolved as shift
    STOP            reduce using rule 85 (expression -> ID PITGAP expression .)
    APEX            reduce using rule 85 (expression -> ID PITGAP expression .)
    ALSO            reduce using rule 85 (expression -> ID PITGAP expression .)
    MARSHALL        reduce using rule 85 (expression -> ID PITGAP expression .)
    TOW             shift and go to state 78
    GAP             shift and go to state 79
    ERS             shift and go to state 80
    STINT           shift and go to state 81
    FUEL_DELTA      shift and go to state 82
    DEAD_HEAT       shift and go to state 83
    OUTLAP          shift and go to state 84
    UNDERCUT        shift and go to state 85
    OVERCUT         shift and go to state 86
    UNDEREQ         shift and go to state 87
    OVEREQ          shift and go to state 88
    BOTH_TYRES      shift and go to state 89
    EITHER_TYRE     shift and go to state 90
    SAFETY          shift and go to state 91
    OVERTAKE        shift and go to state 92

  ! TOW             [ reduce using rule 85 (expression -> ID PITGAP expression .) ]
  ! GAP             [ reduce using rule 85 (expression -> ID PITGAP expression .) ]
  ! ERS             [ reduce using rule 85 (expression -> ID PITGAP expression .) ]
  ! STINT           [ reduce using rule 85 (expression -> ID PITGAP expression .) ]
  ! FUEL_DELTA      [ reduce using rule 85 (expression -> ID PITGAP expression .) ]
  ! DEAD_HEAT       [ reduce using rule 85 (expression -> ID PITGAP expression .) ]
  ! OUTLAP          [ reduce using rule 85 (expression -> ID PITGAP expression .) ]
  ! UNDERCUT        [ reduce using rule 85 (expression -> ID PITGAP expression .) ]
  ! OVERCUT         [ reduce using rule 85 (expression -> ID PITGAP expression .) ]
  ! UNDEREQ         [ reduce using rule 85 (expression -> ID PITGAP expression .) ]
  ! OVEREQ          [ reduce using rule 85 (expression -> ID PITGAP expression .) ]
  ! BOTH_TYRES      [ reduce using rule 85 (expression -> ID PITGAP expression .) ]
  ! EITHER_TYRE     [ reduce using rule 85 (expression -> ID PITGAP expression .) ]
  ! SAFETY          [ reduce using rule 85 (expression -> ID PITGAP expression .) ]
  ! OVERTAKE        [ reduce using rule 85 (expression -> ID PITGAP expression .) ]


state 121

    (86) expression -> ID PITERS expression .
    (64) expression -> expression . TOW expression
    (65) expression -> expression . GAP expression
    (66) expression -> expression . ERS expression
    (67) expression -> expression . STINT expression
    (68) expression -> expression . FUEL_DELTA expression
    (69) expression -> expression . DEAD_HEAT expression
    (70) expression -> expression . OUTLAP expression
    (71) expression -> expression . UNDERCUT expression
    (72) expression -> expression . OVERCUT expression
    (73) expression -> expression . UNDEREQ expression
    (74) expression -> expression . OVEREQ expression
    (75) expression -> expression . BOTH_TYRES expression
    (76) expression -> expression . EITHER_TYRE expression
    (77) expression -> expression . SAFETY expression
    (78) expression -> expression . OVERTAKE expression

  ! shift/reduce conflict for TOW resolved as shift
  ! shift/reduce conflict for GAP resolved as shift
  ! shift/reduce conflict for ERS resolved as shift
  ! shift/reduce conflict for STINT resolved as shift
  ! shift/reduce conflict for FUEL_DELTA resolved as shift
  ! shift/reduce conflict for DEAD_HEAT resolved as shift
  ! shift/reduce conflict for OUTLAP resolved as shift
  ! shift/reduce conflict for UNDERCUT resolved as shift
  ! shift/reduce conflict for OVERCUT resolved as shift
  ! shift/reduce conflict for UNDEREQ resolved as shift
  ! shift/reduce conflict for OVEREQ resolved as shift
  ! shift/reduce conflict for BOTH_TYRES resolved as shift
  ! shift/reduce conflict for EITHER_TYRE resolved as shift
  ! shift/reduce conflict for SAFETY resolved as shift
  ! shift/reduce conflict for OVERTAKE resolved as shift
    STOP            reduce using rule 86 (expression -> ID PITERS expression .)
    APEX            reduce using rule 86 (expression -> ID PITERS expression .)
    ALSO            reduce using rule 86 (expression -> ID PITERS expression .)
    MARSHALL        reduce using rule 86 (expression -> ID PITERS expression .)
    TOW             shift and go to state 78
    GAP             shift and go to state 79
    ERS             shift and go to state 80
    STINT           shift and go to state 81
    FUEL_DELTA      shift and go to state 82
    DEAD_HEAT       shift and go to state 83
    OUTLAP          shift and go to state 84
    UNDERCUT        shift and go to state 85
    OVERCUT         shift and go to state 86
    UNDEREQ         shift and go to state 87
    OVEREQ          shift and go to state 88
    BOTH_TYRES      shift and go to state 89
    EITHER_TYRE     shift and go to state 90
    SAFETY          shift and go to state 91
    OVERTAKE        shift and go to state 92

  ! TOW             [ reduce using rule 86 (expression -> ID PITERS expression .) ]
  ! GAP             [ reduce using rule 86 (expression -> ID PITERS expression .) ]
  ! ERS             [ reduce using rule 86 (expression -> ID PITERS expression .) ]
  ! STINT           [ reduce using rule 86 (expression -> ID PITERS expression .) ]
  ! FUEL_DELTA      [ reduce using rule 86 (expression -> ID PITERS expression .) ]
  ! DEAD_HEAT       [ reduce using rule 86 (expression -> ID PITERS expression .) ]
  ! OUTLAP          [ reduce using rule 86 (expression -> ID PITERS expression .) ]
  ! UNDERCUT        [ reduce using rule 86 (expression -> ID PITERS expression .) ]
  ! OVERCUT         [ reduce using rule 86 (expression -> ID PITERS expression .) ]
  ! UNDEREQ         [ reduce using rule 86 (expression -> ID PITERS expression .) ]
  ! OVEREQ          [ reduce using rule 86 (expression -> ID PITERS expression .) ]
  ! BOTH_TYRES      [ reduce using rule 86 (expression -> ID PITERS expression .) ]
  ! EITHER_TYRE     [ reduce using rule 86 (expression -> ID PITERS expression .) ]
  ! SAFETY          [ reduce using rule 86 (expression -> ID PITERS expression .) ]
  ! OVERTAKE        [ reduce using rule 86 (expression -> ID PITERS expression .) ]


state 122

    (87) expression -> ID PITSTINT expression .
    (64) expression -> expression . TOW expression
    (65) expression -> expression . GAP expression
    (66) expression -> expression . ERS expression
    (67) expression -> expression . STINT expression
    (68) expression -> expression . FUEL_DELTA expression
    (69) expression -> expression . DEAD_HEAT expression
    (70) expression -> expression . OUTLAP expression
    (71) expression -> expression . UNDERCUT expression
    (72) expression -> expression . OVERCUT expression
    (73) expression -> expression . UNDEREQ expression
    (74) expression -> expression . OVEREQ expression
    (75) expression -> expression . BOTH_TYRES expression
    (76) expression -> expression . EITHER_TYRE expression
    (77) expression -> expression . SAFETY expression
    (78) expression -> expression . OVERTAKE expression

  ! shift/reduce conflict for TOW resolved as shift
  ! shift/reduce conflict for GAP resolved as shift
  ! shift/reduce conflict for ERS resolved as shift
  ! shift/reduce conflict for STINT resolved as shift
  ! shift/reduce conflict for FUEL_DELTA resolved as shift
  ! shift/reduce conflict for DEAD_HEAT resolved as shift
  ! shift/reduce conflict for OUTLAP resolved as shift
  ! shift/reduce conflict for UNDERCUT resolved as shift
  ! shift/reduce conflict for OVERCUT resolved as shift
  ! shift/reduce conflict for UNDEREQ resolved as shift
  ! shift/reduce conflict for OVEREQ resolved as shift
  ! shift/reduce conflict for BOTH_TYRES resolved as shift
  ! shift/reduce conflict for EITHER_TYRE resolved as shift
  ! shift/reduce conflict for SAFETY resolved as shift
  ! shift/reduce conflict for OVERTAKE resolved as shift
    STOP            reduce using rule 87 (expression -> ID PITSTINT expression .)
    APEX            reduce using rule 87 (expression -> ID PITSTINT expression .)
    ALSO            reduce using rule 87 (expression -> ID PITSTINT expression .)
    MARSHALL        reduce using rule 87 (expression -> ID PITSTINT expression .)
    TOW             shift and go to state 78
    GAP             shift and go to state 79
    ERS             shift and go to state 80
    STINT           shift and go to state 81
    FUEL_DELTA      shift and go to state 82
    DEAD_HEAT       shift and go to state 83
    OUTLAP          shift and go to state 84
    UNDERCUT        shift and go to state 85
    OVERCUT         shift and go to state 86
    UNDEREQ         shift and go to state 87
    OVEREQ          shift and go to state 88
    BOTH_TYRES      shift and go to state 89
    EITHER_TYRE     shift and go to state 90
    SAFETY          shift and go to state 91
    OVERTAKE        shift and go to state 92

  ! TOW             [ reduce using rule 87 (expression -> ID PITSTINT expression .) ]
  ! GAP             [ reduce using rule 87 (expression -> ID PITSTINT expression .) ]
  ! ERS             [ reduce using rule 87 (expression -> ID PITSTINT expression .) ]
  ! STINT           [ reduce using rule 87 (expression -> ID PITSTINT expression .) ]
  ! FUEL_DELTA      [ reduce using rule 87 (expression -> ID PITSTINT expression .) ]
  ! DEAD_HEAT       [ reduce using rule 87 (expression -> ID PITSTINT expression .) ]
  ! OUTLAP          [ reduce using rule 87 (expression -> ID PITSTINT expression .) ]
  ! UNDERCUT        [ reduce using rule 87 (expression -> ID PITSTINT expression .) ]
  ! OVERCUT         [ reduce using rule 87 (expression -> ID PITSTINT expression .) ]
  ! UNDEREQ         [ reduce using rule 87 (expression -> ID PITSTINT expression .) ]
  ! OVEREQ          [ reduce using rule 87 (expression -> ID PITSTINT expression .) ]
  ! BOTH_TYRES      [ reduce using rule 87 (expression -> ID PITSTINT expression .) ]
  ! EITHER_TYRE     [ reduce using rule 87 (expression -> ID PITSTINT expression .) ]
  ! SAFETY          [ reduce using rule 87 (expression -> ID PITSTINT expression .) ]
  ! OVERTAKE        [ reduce using rule 87 (expression -> ID PITSTINT expression .) ]


state 123

    (92) expression -> ID CORNER argument_list . APEX
    (95) argument_list -> argument_list . ALSO expression

    APEX            shift and go to state 163
    ALSO            shift and go to state 164


state 124

    (93) expression -> ID CORNER APEX .

    STOP            reduce using rule 93 (expression -> ID CORNER APEX .)
    TOW             reduce using rule 93 (expression -> ID CORNER APEX .)
    GAP             reduce using rule 93 (expression -> ID CORNER APEX .)
    ERS             reduce using rule 93 (expression -> ID CORNER APEX .)
    STINT           reduce using rule 93 (expression -> ID CORNER APEX .)
    FUEL_DELTA      reduce using rule 93 (expression -> ID CORNER APEX .)
    DEAD_HEAT       reduce using rule 93 (expression -> ID CORNER APEX .)
    OUTLAP          reduce using rule 93 (expression -> ID CORNER APEX .)
    UNDERCUT        reduce using rule 93 (expression -> ID CORNER APEX .)
    OVERCUT         reduce using rule 93 (expression -> ID CORNER APEX .)
    UNDEREQ         reduce using rule 93 (expression -> ID CORNER APEX .)
    OVEREQ          reduce using rule 93 (expression -> ID CORNER APEX .)
    BOTH_TYRES      reduce using rule 93 (expression -> ID CORNER APEX .)
    EITHER_TYRE     reduce using rule 93 (expression -> ID CORNER APEX .)
    SAFETY          reduce using rule 93 (expression -> ID CORNER APEX .)
    OVERTAKE        reduce using rule 93 (expression -> ID CORNER APEX .)
    APEX            reduce using rule 93 (expression -> ID CORNER APEX .)
    ALSO            reduce using rule 93 (expression -> ID CORNER APEX .)
    MARSHALL        reduce using rule 93 (expression -> ID CORNER APEX .)


state 125

    (94) argument_list -> expression .
    (64) expression -> expression . TOW expression
    (65) expression -> expression . GAP expression
    (66) expression -> expression . ERS expression
    (67) expression -> expression . STINT expression
    (68) expression -> expression . FUEL_DELTA expression
    (69) expression -> expression . DEAD_HEAT expression
    (70) expression -> expression . OUTLAP expression
    (71) expression -> expression . UNDERCUT expression
    (72) expression -> expression . OVERCUT expression
    (73) expression -> expression . UNDEREQ expression
    (74) expression -> expression . OVEREQ expression
    (75) expression -> expression . BOTH_TYRES expression
    (76) expression -> expression . EITHER_TYRE expression
    (77) expression -> expression . SAFETY expression
    (78) expression -> expression . OVERTAKE expression

    APEX            reduce using rule 94 (argument_list -> expression .)
    ALSO            reduce using rule 94 (argument_list -> expression .)
    TOW             shift and go to state 78
    GAP             shift and go to state 79
    ERS             shift and go to state 80
    STINT           shift and go to state 81
    FUEL_DELTA      shift and go to state 82
    DEAD_HEAT       shift and go to state 83
    OUTLAP          shift and go to state 84
    UNDERCUT        shift and go to state 85
    OVERCUT         shift and go to state 86
    UNDEREQ         shift and go to state 87
    OVEREQ          shift and go to state 88
    BOTH_TYRES      shift and go to state 89
    EITHER_TYRE     shift and go to state 90
    SAFETY          shift and go to state 91
    OVERTAKE        shift and go to state 92


state 126

    (64) expression -> expression TOW expression .
    (64) expression -> expression . TOW expression
    (65) expression -> expression . GAP expression
    (66) expression -> expression . ERS expression
    (67) expression -> expression . STINT expression
    (68) expression -> expression . FUEL_DELTA expression
    (69) expression -> expression . DEAD_HEAT expression
    (70) expression -> expression . OUTLAP expression
    (71) expression -> expression . UNDERCUT expression
    (72) expression -> expression . OVERCUT expression
    (73) expression -> expression . UNDEREQ expression
    (74) expression -> expression . OVEREQ expression
    (75) expression -> expression . BOTH_TYRES expression
    (76) expression -> expression . EITHER_TYRE expression
    (77) expression -> expression . SAFETY expression
    (78) expression -> expression . OVERTAKE expression

    STOP            reduce using rule 64 (expression -> expression TOW expression .)
    TOW             reduce using rule 64 (expression -> expression TOW expression .)
    GAP             reduce using rule 64 (expression -> expression TOW expression .)
    DEAD_HEAT       reduce using rule 64 (expression -> expression TOW expression .)
    OUTLAP          reduce using rule 64 (expression -> expression TOW expression .)
    UNDERCUT        reduce using rule 64 (expression -> expression TOW expression .)
    OVERCUT         reduce using rule 64 (expression -> expression TOW expression .)
    UNDEREQ         reduce using rule 64 (expression -> expression TOW expression .)
    OVEREQ          reduce using rule 64 (expression -> expression TOW expression .)
    BOTH_TYRES      reduce using rule 64 (expression -> expression TOW expression .)
    EITHER_TYRE     reduce using rule 64 (expression -> expression TOW expression .)
    SAFETY          reduce using rule 64 (expression -> expression TOW expression .)
    OVERTAKE        reduce using rule 64 (expression -> expression TOW expression .)
    APEX            reduce using rule 64 (expression -> expression TOW expression .)
    ALSO            reduce using rule 64 (expression -> expression TOW expression .)
    MARSHALL        reduce using rule 64 (expression -> expression TOW expression .)
    ERS             shift and go to state 80
    STINT           shift and go to state 81
    FUEL_DELTA      shift and go to state 82

  ! ERS             [ reduce using rule 64 (expression -> expression TOW expression .) ]
  ! STINT           [ reduce using rule 64 (expression -> expression TOW expression .) ]
  ! FUEL_DELTA      [ reduce using rule 64 (expression -> expression TOW expression .) ]
  ! TOW             [ shift and go to state 78 ]
  ! GAP             [ shift and go to state 79 ]
  ! DEAD_HEAT       [ shift and go to state 83 ]
  ! OUTLAP          [ shift and go to state 84 ]
  ! UNDERCUT        [ shift and go to state 85 ]
  ! OVERCUT         [ shift and go to state 86 ]
  ! UNDEREQ         [ shift and go to state 87 ]
  ! OVEREQ          [ shift and go to state 88 ]
  ! BOTH_TYRES      [ shift and go to state 89 ]
  ! EITHER_TYRE     [ shift and go to state 90 ]
  ! SAFETY          [ shift and go to state 91 ]
  ! OVERTAKE        [ shift and go to state 92 ]


state 127

    (65) expression -> expression GAP expression .
    (64) expression -> expression . TOW expression
    (65) expression -> expression . GAP expression
    (66) expression -> expression . ERS expression
    (67) expression -> expression . STINT expression
    (68) expression -> expression . FUEL_DELTA expression
    (69) expression -> expression . DEAD_HEAT expression
    (70) expression -> expression . OUTLAP expression
    (71) expression -> expression . UNDERCUT expression
    (72) expression -> expression . OVERCUT expression
    (73) expression -> expression . UNDEREQ expression
    (74) expression -> expression . OVEREQ expression
    (75) expression -> expression . BOTH_TYRES expression
    (76) expression -> expression . EITHER_TYRE expression
    (77) expression -> expression . SAFETY expression
    (78) expression -> expression . OVERTAKE expression

    STOP            reduce using rule 65 (expression -> expression GAP expression .)
    TOW             reduce using rule 65 (expression -> expression GAP expression .)
    GAP             reduce using rule 65 (expression -> expression GAP expression .)
    DEAD_HEAT       reduce using rule 65 (expression -> expression GAP expression .)
    OUTLAP          reduce using rule 65 (expression -> expression GAP expression .)
    UNDERCUT        reduce using rule 65 (expression -> expression GAP expression .)
    OVERCUT         reduce using rule 65 (expression -> expression GAP expression .)
    UNDEREQ         reduce using rule 65 (expression -> expression GAP expression .)
    OVEREQ          reduce using rule 65 (expression -> expression GAP expression .)
    BOTH_TYRES      reduce using rule 65 (expression -> expression GAP expression .)
    EITHER_TYRE     reduce using rule 65 (expression -> expression GAP expression .)
    SAFETY          reduce using rule 65 (expression -> expression GAP expression .)
    OVERTAKE        reduce using rule 65 (expression -> expression GAP expression .)
    APEX            reduce using rule 65 (expression -> expression GAP expression .)
    ALSO            reduce using rule 65 (expression -> expression GAP expression .)
    MARSHALL        reduce using rule 65 (expression -> expression GAP expression .)
    ERS             shift and go to state 80
    STINT           shift and go to state 81
    FUEL_DELTA      shift and go to state 82

  ! ERS             [ reduce using rule 65 (expression -> expression GAP expression .) ]
  ! STINT           [ reduce using rule 65 (expression -> expression GAP expression .) ]
  ! FUEL_DELTA      [ reduce using rule 65 (expression -> expression GAP expression .) ]
  ! TOW             [ shift and go to state 78 ]
  ! GAP             [ shift and go to state 79 ]
  ! DEAD_HEAT       [ shift and go to state 83 ]
  ! OUTLAP          [ shift and go to state 84 ]
  ! UNDERCUT        [ shift and go to state 85 ]
  ! OVERCUT         [ shift and go to state 86 ]
  ! UNDEREQ         [ shift and go to state 87 ]
  ! OVEREQ          [ shift and go to state 88 ]
  ! BOTH_TYRES      [ shift and go to state 89 ]
  ! EITHER_TYRE     [ shift and go to state 90 ]
  ! SAFETY          [ shift and go to state 91 ]
  ! OVERTAKE        [ shift and go to state 92 ]


state 128

    (66) expression -> expression ERS expression .
    (64) expression -> expression . TOW expression
    (65) expression -> expression . GAP expression
    (66) expression -> expression . ERS expression
    (67) expression -> expression . STINT expression
    (68) expression -> expression . FUEL_DELTA expression
    (69) expression -> expression . DEAD_HEAT expression
    (70) expression -> expression . OUTLAP expression
    (71) expression -> expression . UNDERCUT expression
    (72) expression -> expression . OVERCUT expression
    (73) expression -> expression . UNDEREQ expression
    (74) expression -> expression . OVEREQ expression
    (75) expression -> expression . BOTH_TYRES expression
    (76) expression -> expression . EITHER_TYRE expression
    (77) expression -> expression . SAFETY expression
    (78) expression -> expression . OVERTAKE expression

    STOP            reduce using rule 66 (expression -> expression ERS expression .)
    TOW             reduce using rule 66 (expression -> expression ERS expression .)
    GAP             reduce using rule 66 (expression -> expression ERS expression .)
    ERS             reduce using rule 66 (expression -> expression ERS expression .)
    STINT           reduce using rule 66 (expression -> expression ERS expression .)
    FUEL_DELTA      reduce using rule 66 (expression -> expression ERS expression .)
    DEAD_HEAT       reduce using rule 66 (expression -> expression ERS expression .)
    OUTLAP          reduce using rule 66 (expression -> expression ERS expression .)
    UNDERCUT        reduce using rule 66 (expression -> expression ERS expression .)
    OVERCUT         reduce using rule 66 (expression -> expression ERS expression .)
    UNDEREQ         reduce using rule 66 (expression -> expression ERS expression .)
    OVEREQ          reduce using rule 66 (expression -> expression ERS expression .)
    BOTH_TYRES      reduce using rule 66 (expression -> expression ERS expression .)
    EITHER_TYRE     reduce using rule 66 (expression -> expression ERS expression .)
    SAFETY          reduce using rule 66 (expression -> expression ERS expression .)
    OVERTAKE        reduce using rule 66 (expression -> expression ERS expression .)
    APEX            reduce using rule 66 (expression -> expression ERS expression .)
    ALSO            reduce using rule 66 (expression -> expression ERS expression .)
    MARSHALL        reduce using rule 66 (expression -> expression ERS expression .)

  ! TOW             [ shift and go to state 78 ]
  ! GAP             [ shift and go to state 79 ]
  ! ERS             [ shift and go to state 80 ]
  ! STINT           [ shift and go to state 81 ]
  ! FUEL_DELTA      [ shift and go to state 82 ]
  ! DEAD_HEAT       [ shift and go to state 83 ]
  ! OUTLAP          [ shift and go to state 84 ]
  ! UNDERCUT        [ shift and go to state 85 ]
  ! OVERCUT         [ shift and go to state 86 ]
  ! UNDEREQ         [ shift and go to state 87 ]
  ! OVEREQ          [ shift and go to state 88 ]
  ! BOTH_TYRES      [ shift and go to state 89 ]
  ! EITHER_TYRE     [ shift and go to state 90 ]
  ! SAFETY          [ shift and go to state 91 ]
  ! OVERTAKE        [ shift and go to state 92 ]


state 129

    (67) expression -> expression STINT expression .
    (64) expression -> expression . TOW expression
    (65) expression -> expression . GAP expression
    (66) expression -> expression . ERS expression
    (67) expression -> expression . STINT expression
    (68) expression -> expression . FUEL_DELTA expression
    (69) expression -> expression . DEAD_HEAT expression
    (70) expression -> expression . OUTLAP expression
    (71) expression -> expression . UNDERCUT expression
    (72) expression -> expression . OVERCUT expression
    (73) expression -> expression . UNDEREQ expression
    (74) expression -> expression . OVEREQ expression
    (75) expression -> expression . BOTH_TYRES expression
    (76) expression -> expression . EITHER_TYRE expression
    (77) expression -> expression . SAFETY expression
    (78) expression -> expression . OVERTAKE expression

    STOP            reduce using rule 67 (expression -> expression STINT expression .)
    TOW             reduce using rule 67 (expression -> expression STINT expression .)
    GAP             reduce using rule 67 (expression -> expression STINT expression .)
    ERS             reduce using rule 67 (expression -> expression STINT expression .)
    STINT           reduce using rule 67 (expression -> expression STINT expression .)
    FUEL_DELTA      reduce using rule 67 (expression -> expression STINT expression .)
    DEAD_HEAT       reduce using rule 67 (expression -> expression STINT expression .)
    OUTLAP          reduce using rule 67 (expression -> expression STINT expression .)
    UNDERCUT        reduce using rule 67 (expression -> expression STINT expression .)
    OVERCUT         reduce using rule 67 (expression -> expression STINT expression .)
    UNDEREQ         reduce using rule 67 (expression -> expression STINT expression .)
    OVEREQ          reduce using rule 67 (expression -> expression STINT expression .)
    BOTH_TYRES      reduce using rule 67 (expression -> expression STINT expression .)
    EITHER_TYRE     reduce using rule 67 (expression -> expression STINT expression .)
    SAFETY          reduce using rule 67 (expression -> expression STINT expression .)
    OVERTAKE        reduce using rule 67 (expression -> expression STINT expression .)
    APEX            reduce using rule 67 (expression -> expression STINT expression .)
    ALSO            reduce using rule 67 (expression -> expression STINT expression .)
    MARSHALL        reduce using rule 67 (expression -> expression STINT expression .)

  ! TOW             [ shift and go to state 78 ]
  ! GAP             [ shift and go to state 79 ]
  ! ERS             [ shift and go to state 80 ]
  ! STINT           [ shift and go to state 81 ]
  ! FUEL_DELTA      [ shift and go to state 82 ]
  ! DEAD_HEAT       [ shift and go to state 83 ]
  ! OUTLAP          [ shift and go to state 84 ]
  ! UNDERCUT        [ shift and go to state 85 ]
  ! OVERCUT         [ shift and go to state 86 ]
  ! UNDEREQ         [ shift and go to state 87 ]
  ! OVEREQ          [ shift and go to state 88 ]
  ! BOTH_TYRES      [ shift and go to state 89 ]
  ! EITHER_TYRE     [ shift and go to state 90 ]
  ! SAFETY          [ shift and go to state 91 ]
  ! OVERTAKE        [ shift and go to state 92 ]


state 130

    (68) expression -> expression FUEL_DELTA expression .
    (64) expression -> expression . TOW expression
    (65) expression -> expression . GAP expression
    (66) expression -> expression . ERS expression
    (67) expression -> expression . STINT expression
    (68) expression -> expression . FUEL_DELTA expression
    (69) expression -> expression . DEAD_HEAT expression
    (70) expression -> expression . OUTLAP expression
    (71) expression -> expression . UNDERCUT expression
    (72) expression -> expression . OVERCUT expression
    (73) expression -> expression . UNDEREQ expression
    (74) expression -> expression . OVEREQ expression
    (75) expression -> expression . BOTH_TYRES expression
    (76) expression -> expression . EITHER_TYRE expression
    (77) expression -> expression . SAFETY expression
    (78) expression -> expression . OVERTAKE expression

    STOP            reduce using rule 68 (expression -> expression FUEL_DELTA expression .)
    TOW             reduce using rule 68 (expression -> expression FUEL_DELTA expression .)
    GAP             reduce using rule 68 (expression -> expression FUEL_DELTA expression .)
    ERS             reduce using rule 68 (expression -> expression FUEL_DELTA expression .)
    STINT           reduce using rule 68 (expression -> expression FUEL_DELTA expression .)
    FUEL_DELTA      reduce using rule 68 (expression -> expression FUEL_DELTA expression .)
    DEAD_HEAT       reduce using rule 68 (expression -> expression FUEL_DELTA expression .)
    OUTLAP          reduce using rule 68 (expression -> expression FUEL_DELTA expression .)
    UNDERCUT        reduce using rule 68 (expression -> expression FUEL_DELTA expression .)
    OVERCUT         reduce using rule 68 (expression -> expression FUEL_DELTA expression .)
    UNDEREQ         reduce using rule 68 (expression -> expression FUEL_DELTA expression .)
    OVEREQ          reduce using rule 68 (expression -> expression FUEL_DELTA expression .)
    BOTH_TYRES      reduce using rule 68 (expression -> expression FUEL_DELTA expression .)
    EITHER_TYRE     reduce using rule 68 (expression -> expression FUEL_DELTA expression .)
    SAFETY          reduce using rule 68 (expression -> expression FUEL_DELTA expression .)
    OVERTAKE        reduce using rule 68 (expression -> expression FUEL_DELTA expression .)
    APEX            reduce using rule 68 (expression -> expression FUEL_DELTA expression .)
    ALSO            reduce using rule 68 (expression -> expression FUEL_DELTA expression .)
    MARSHALL        reduce using rule 68 (expression -> expression FUEL_DELTA expression .)

  ! TOW             [ shift and go to state 78 ]
  ! GAP             [ shift and go to state 79 ]
  ! ERS             [ shift and go to state 80 ]
  ! STINT           [ shift and go to state 81 ]
  ! FUEL_DELTA      [ shift and go to state 82 ]
  ! DEAD_HEAT       [ shift and go to state 83 ]
  ! OUTLAP          [ shift and go to state 84 ]
  ! UNDERCUT        [ shift and go to state 85 ]
  ! OVERCUT         [ shift and go to state 86 ]
  ! UNDEREQ         [ shift and go to state 87 ]
  ! OVEREQ          [ shift and go to state 88 ]
  ! BOTH_TYRES      [ shift and go to state 89 ]
  ! EITHER_TYRE     [ shift and go to state 90 ]
  ! SAFETY          [ shift and go to state 91 ]
  ! OVERTAKE        [ shift and go to state 92 ]


state 131

    (69) expression -> expression DEAD_HEAT expression .
    (64) expression -> expression . TOW expression
    (65) expression -> expression . GAP expression
    (66) expression -> expression . ERS expression
    (67) expression -> expression . STINT expression
    (68) expression -> expression . FUEL_DELTA expression
    (69) expression -> expression . DEAD_HEAT expression
    (70) expression -> expression . OUTLAP expression
    (71) expression -> expression . UNDERCUT expression
    (72) expression -> expression . OVERCUT expression
    (73) expression -> expression . UNDEREQ expression
    (74) expression -> expression . OVEREQ expression
    (75) expression -> expression . BOTH_TYRES expression
    (76) expression -> expression . EITHER_TYRE expression
    (77) expression -> expression . SAFETY expression
    (78) expression -> expression . OVERTAKE expression

    STOP            reduce using rule 69 (expression -> expression DEAD_HEAT expression .)
    DEAD_HEAT       reduce using rule 69 (expression -> expression DEAD_HEAT expression .)
    OUTLAP          reduce using rule 69 (expression -> expression DEAD_HEAT expression .)
    BOTH_TYRES      reduce using rule 69 (expression -> expression DEAD_HEAT expression .)
    EITHER_TYRE     reduce using rule 69 (expression -> expression DEAD_HEAT expression .)
    SAFETY          reduce using rule 69 (expression -> expression DEAD_HEAT expression .)
    OVERTAKE        reduce using rule 69 (expression -> expression DEAD_HEAT expression .)
    APEX            reduce using rule 69 (expression -> expression DEAD_HEAT expression .)
    ALSO            reduce using rule 69 (expression -> expression DEAD_HEAT expression .)
    MARSHALL        reduce using rule 69 (expression -> expression DEAD_HEAT expression .)
    TOW             shift and go to state 78
    GAP             shift and go to state 79
    ERS             shift and go to state 80
    STINT           shift and go to state 81
    FUEL_DELTA      shift and go to state 82
    UNDERCUT        shift and go to state 85
    OVERCUT         shift and go to state 86
    UNDEREQ         shift and go to state 87
    OVEREQ          shift and go to state 88

  ! TOW             [ reduce using rule 69 (expression -> expression DEAD_HEAT expression .) ]
  ! GAP             [ reduce using rule 69 (expression -> expression DEAD_HEAT expression .) ]
  ! ERS             [ reduce using rule 69 (expression -> expression DEAD_HEAT expression .) ]
  ! STINT           [ reduce using rule 69 (expression -> expression DEAD_HEAT expression .) ]
  ! FUEL_DELTA      [ reduce using rule 69 (expression -> expression DEAD_HEAT expression .) ]
  ! UNDERCUT        [ reduce using rule 69 (expression -> expression DEAD_HEAT expression .) ]
  ! OVERCUT         [ reduce using rule 69 (expression -> expression DEAD_HEAT expression .) ]
  ! UNDEREQ         [ reduce using rule 69 (expression -> expression DEAD_HEAT expression .) ]
  ! OVEREQ          [ reduce using rule 69 (expression -> expression DEAD_HEAT expression .) ]
  ! DEAD_HEAT       [ shift and go to state 83 ]
  ! OUTLAP          [ shift and go to state 84 ]
  ! BOTH_TYRES      [ shift and go to state 89 ]
  ! EITHER_TYRE     [ shift and go to state 90 ]
  ! SAFETY          [ shift and go to state 91 ]
  ! OVERTAKE        [ shift and go to state 92 ]


state 132

    (70) expression -> expression OUTLAP expression .
    (64) expression -> expression . TOW expression
    (65) expression -> expression . GAP expression
    (66) expression -> expression . ERS expression
    (67) expression -> expression . STINT expression
    (68) expression -> expression . FUEL_DELTA expression
    (69) expression -> expression . DEAD_HEAT expression
    (70) expression -> expression . OUTLAP expression
    (71) expression -> expression . UNDERCUT expression
    (72) expression -> expression . OVERCUT expression
    (73) expression -> expression . UNDEREQ expression
    (74) expression -> expression . OVEREQ expression
    (75) expression -> expression . BOTH_TYRES expression
    (76) expression -> expression . EITHER_TYRE expression
    (77) expression -> expression . SAFETY expression
    (78) expression -> expression . OVERTAKE expression

    STOP            reduce using rule 70 (expression -> expression OUTLAP expression .)
    DEAD_HEAT       reduce using rule 70 (expression -> expression OUTLAP expression .)
    OUTLAP          reduce using rule 70 (expression -> expression OUTLAP expression .)
    BOTH_TYRES      reduce using rule 70 (expression -> expression OUTLAP expression .)
    EITHER_TYRE     reduce using rule 70 (expression -> expression OUTLAP expression .)
    SAFETY          reduce using rule 70 (expression -> expression OUTLAP expression .)
    OVERTAKE        reduce using rule 70 (expression -> expression OUTLAP expression .)
    APEX            reduce using rule 70 (expression -> expression OUTLAP expression .)
    ALSO            reduce using rule 70 (expression -> expression OUTLAP expression .)
    MARSHALL        reduce using rule 70 (expression -> expression OUTLAP expression .)
    TOW             shift and go to state 78
    GAP             shift and go to state 79
    ERS             shift and go to state 80
    STINT           shift and go to state 81
    FUEL_DELTA      shift and go to state 82
    UNDERCUT        shift and go to state 85
    OVERCUT         shift and go to state 86
    UNDEREQ         shift and go to state 87
    OVEREQ          shift and go to state 88

  ! TOW             [ reduce using rule 70 (expression -> expression OUTLAP expression .) ]
  ! GAP             [ reduce using rule 70 (expression -> expression OUTLAP expression .) ]
  ! ERS             [ reduce using rule 70 (expression -> expression OUTLAP expression .) ]
  ! STINT           [ reduce using rule 70 (expression -> expression OUTLAP expression .) ]
  ! FUEL_DELTA      [ reduce using rule 70 (expression -> expression OUTLAP expression .) ]
  ! UNDERCUT        [ reduce using rule 70 (expression -> expression OUTLAP expression .) ]
  ! OVERCUT         [ reduce using rule 70 (expression -> expression OUTLAP expression .) ]
  ! UNDEREQ         [ reduce using rule 70 (expression -> expression OUTLAP expression .) ]
  ! OVEREQ          [ reduce using rule 70 (expression -> expression OUTLAP expression .) ]
  ! DEAD_HEAT       [ shift and go to state 83 ]
  ! OUTLAP          [ shift and go to state 84 ]
  ! BOTH_TYRES      [ shift and go to state 89 ]
  ! EITHER_TYRE     [ shift and go to state 90 ]
  ! SAFETY          [ shift and go to state 91 ]
  ! OVERTAKE        [ shift and go to state 92 ]


state 133

    (71) expression -> expression UNDERCUT expression .
    (64) expression -> expression . TOW expression
    (65) expression -> expression . GAP expression
    (66) expression -> expression . ERS expression
    (67) expression -> expression . STINT expression
    (68) expression -> expression . FUEL_DELTA expression
    (69) expression -> expression . DEAD_HEAT expression
    (70) expression -> expression . OUTLAP expression
    (71) expression -> expression . UNDERCUT expression
    (72) expression -> expression . OVERCUT expression
    (73) expression -> expression . UNDEREQ expression
    (74) expression -> expression . OVEREQ expression
    (75) expression -> expression . BOTH_TYRES expression
    (76) expression -> expression . EITHER_TYRE expression
    (77) expression -> expression . SAFETY expression
    (78) expression -> expression . OVERTAKE expression

    STOP            reduce using rule 71 (expression -> expression UNDERCUT expression .)
    DEAD_HEAT       reduce using rule 71 (expression -> expression UNDERCUT expression .)
    OUTLAP          reduce using rule 71 (expression -> expression UNDERCUT expression .)
    UNDERCUT        reduce using rule 71 (expression -> expression UNDERCUT expression .)
    OVERCUT         reduce using rule 71 (expression -> expression UNDERCUT expression .)
    UNDEREQ         reduce using rule 71 (expression -> expression UNDERCUT expression .)
    OVEREQ          reduce using rule 71 (expression -> expression UNDERCUT expression .)
    BOTH_TYRES      reduce using rule 71 (expression -> expression UNDERCUT expression .)
    EITHER_TYRE     reduce using rule 71 (expression -> expression UNDERCUT expression .)
    SAFETY          reduce using rule 71 (expression -> expression UNDERCUT expression .)
    OVERTAKE        reduce using rule 71 (expression -> expression UNDERCUT expression .)
    APEX            reduce using rule 71 (expression -> expression UNDERCUT expression .)
    ALSO            reduce using rule 71 (expression -> expression UNDERCUT expression .)
    MARSHALL        reduce using rule 71 (expression -> expression UNDERCUT expression .)
    TOW             shift and go to state 78
    GAP             shift and go to state 79
    ERS             shift and go to state 80
    STINT           shift and go to state 81
    FUEL_DELTA      shift and go to state 82

  ! TOW             [ reduce using rule 71 (expression -> expression UNDERCUT expression .) ]
  ! GAP             [ reduce using rule 71 (expression -> expression UNDERCUT expression .) ]
  ! ERS             [ reduce using rule 71 (expression -> expression UNDERCUT expression .) ]
  ! STINT           [ reduce using rule 71 (expression -> expression UNDERCUT expression .) ]
  ! FUEL_DELTA      [ reduce using rule 71 (expression -> expression UNDERCUT expression .) ]
  ! DEAD_HEAT       [ shift and go to state 83 ]
  ! OUTLAP          [ shift and go to state 84 ]
  ! UNDERCUT        [ shift and go to state 85 ]
  ! OVERCUT         [ shift and go to state 86 ]
  ! UNDEREQ         [ shift and go to state 87 ]
  ! OVEREQ          [ shift and go to state 88 ]
  ! BOTH_TYRES      [ shift and go to state 89 ]
  ! EITHER_TYRE     [ shift and go to state 90 ]
  ! SAFETY          [ shift and go to state 91 ]
  ! OVERTAKE        [ shift and go to state 92 ]


state 134

    (72) expression -> expression OVERCUT expression .
    (64) expression -> expression . TOW expression
    (65) expression -> expression . GAP expression
    (66) expression -> expression . ERS expression
    (67) expression -> expression . STINT expression
    (68) expression -> expression . FUEL_DELTA expression
    (69) expression -> expression . DEAD_HEAT expression
    (70) expression -> expression . OUTLAP expression
    (71) expression -> expression . UNDERCUT expression
    (72) expression -> expression . OVERCUT expression
    (73) expression -> expression . UNDEREQ expression
    (74) expression -> expression . OVEREQ expression
    (75) expression -> expression . BOTH_TYRES expression
    (76) expression -> expression . EITHER_TYRE expression
    (77) expression -> expression . SAFETY expression
    (78) expression -> expression . OVERTAKE expression

    STOP            reduce using rule 72 (expression -> expression OVERCUT expression .)
    DEAD_HEAT       reduce using rule 72 (expression -> expression OVERCUT expression .)
    OUTLAP          reduce using rule 72 (expression -> expression OVERCUT expression .)
    UNDERCUT        reduce using rule 72 (expression -> expression OVERCUT expression .)
    OVERCUT         reduce using rule 72 (expression -> expression OVERCUT expression .)
    UNDEREQ         reduce using rule 72 (expression -> expression OVERCUT expression .)
    OVEREQ          reduce using rule 72 (expression -> expression OVERCUT expression .)
    BOTH_TYRES      reduce using rule 72 (expression -> expression OVERCUT expression .)
    EITHER_TYRE     reduce using rule 72 (expression -> expression OVERCUT expression .)
    SAFETY          reduce using rule 72 (expression -> expression OVERCUT expression .)
    OVERTAKE        reduce using rule 72 (expression -> expression OVERCUT expression .)
    APEX            reduce using rule 72 (expression -> expression OVERCUT expression .)
    ALSO            reduce using rule 72 (expression -> expression OVERCUT expression .)
    MARSHALL        reduce using rule 72 (expression -> expression OVERCUT expression .)
    TOW             shift and go to state 78
    GAP             shift and go to state 79
    ERS             shift and go to state 80
    STINT           shift and go to state 81
    FUEL_DELTA      shift and go to state 82

  ! TOW             [ reduce using rule 72 (expression -> expression OVERCUT expression .) ]
  ! GAP             [ reduce using rule 72 (expression -> expression OVERCUT expression .) ]
  ! ERS             [ reduce using rule 72 (expression -> expression OVERCUT expression .) ]
  ! STINT           [ reduce using rule 72 (expression -> expression OVERCUT expression .) ]
  ! FUEL_DELTA      [ reduce using rule 72 (expression -> expression OVERCUT expression .) ]
  ! DEAD_HEAT       [ shift and go to state 83 ]
  ! OUTLAP          [ shift and go to state 84 ]
  ! UNDERCUT        [ shift and go to state 85 ]
  ! OVERCUT         [ shift and go to state 86 ]
  ! UNDEREQ         [ shift and go to state 87 ]
  ! OVEREQ          [ shift and go to state 88 ]
  ! BOTH_TYRES      [ shift and go to state 89 ]
  ! EITHER_TYRE     [ shift and go to state 90 ]
  ! SAFETY          [ shift and go to state 91 ]
  ! OVERTAKE        [ shift and go to state 92 ]


state 135

    (73) expression -> expression UNDEREQ expression .
    (64) expression -> expression . TOW expression
    (65) expression -> expression . GAP expression
    (66) expression -> expression . ERS expression
    (67) expression -> expression . STINT expression
    (68) expression -> expression . FUEL_DELTA expression
    (69) expression -> expression . DEAD_HEAT expression
    (70) expression -> expression . OUTLAP expression
    (71) expression -> expression . UNDERCUT expression
    (72) expression -> expression . OVERCUT expression
    (73) expression -> expression . UNDEREQ expression
    (74) expression -> expression . OVEREQ expression
    (75) expression -> expression . BOTH_TYRES expression
    (76) expression -> expression . EITHER_TYRE expression
    (77) expression -> expression . SAFETY expression
    (78) expression -> expression . OVERTAKE expression

    STOP            reduce using rule 73 (expression -> expression UNDEREQ expression .)
    DEAD_HEAT       reduce using rule 73 (expression -> expression UNDEREQ expression .)
    OUTLAP          reduce using rule 73 (expression -> expression UNDEREQ expression .)
    UNDERCUT        reduce using rule 73 (expression -> expression UNDEREQ expression .)
    OVERCUT         reduce using rule 73 (expression -> expression UNDEREQ expression .)
    UNDEREQ         reduce using rule 73 (expression -> expression UNDEREQ expression .)
    OVEREQ          reduce using rule 73 (expression -> expression UNDEREQ expression .)
    BOTH_TYRES      reduce using rule 73 (expression -> expression UNDEREQ expression .)
    EITHER_TYRE     reduce using rule 73 (expression -> expression UNDEREQ expression .)
    SAFETY          reduce using rule 73 (expression -> expression UNDEREQ expression .)
    OVERTAKE        reduce using rule 73 (expression -> expression UNDEREQ expression .)
    APEX            reduce using rule 73 (expression -> expression UNDEREQ expression .)
    ALSO            reduce using rule 73 (expression -> expression UNDEREQ expression .)
    MARSHALL        reduce using rule 73 (expression -> expression UNDEREQ expression .)
    TOW             shift and go to state 78
    GAP             shift and go to state 79
    ERS             shift and go to state 80
    STINT           shift and go to state 81
    FUEL_DELTA      shift and go to state 82

  ! TOW             [ reduce using rule 73 (expression -> expression UNDEREQ expression .) ]
  ! GAP             [ reduce using rule 73 (expression -> expression UNDEREQ expression .) ]
  ! ERS             [ reduce using rule 73 (expression -> expression UNDEREQ expression .) ]
  ! STINT           [ reduce using rule 73 (expression -> expression UNDEREQ expression .) ]
  ! FUEL_DELTA      [ reduce using rule 73 (expression -> expression UNDEREQ expression .) ]
  ! DEAD_HEAT       [ shift and go to state 83 ]
  ! OUTLAP          [ shift and go to state 84 ]
  ! UNDERCUT        [ shift and go to state 85 ]
  ! OVERCUT         [ shift and go to state 86 ]
  ! UNDEREQ         [ shift and go to state 87 ]
  ! OVEREQ          [ shift and go to state 88 ]
  ! BOTH_TYRES      [ shift and go to state 89 ]
  ! EITHER_TYRE     [ shift and go to state 90 ]
  ! SAFETY          [ shift and go to state 91 ]
  ! OVERTAKE        [ shift and go to state 92 ]


state 136

    (74) expression -> expression OVEREQ expression .
    (64) expression -> expression . TOW expression
    (65) expression -> expression . GAP expression
    (66) expression -> expression . ERS expression
    (67) expression -> expression . STINT expression
    (68) expression -> expression . FUEL_DELTA expression
    (69) expression -> expression . DEAD_HEAT expression
    (70) expression -> expression . OUTLAP expression
    (71) expression -> expression . UNDERCUT expression
    (72) expression -> expression . OVERCUT expression
    (73) expression -> expression . UNDEREQ expression
    (74) expression -> expression . OVEREQ expression
    (75) expression -> expression . BOTH_TYRES expression
    (76) expression -> expression . EITHER_TYRE expression
    (77) expression -> expression . SAFETY expression
    (78) expression -> expression . OVERTAKE expression

    STOP            reduce using rule 74 (expression -> expression OVEREQ expression .)
    DEAD_HEAT       reduce using rule 74 (expression -> expression OVEREQ expression .)
    OUTLAP          reduce using rule 74 (expression -> expression OVEREQ expression .)
    UNDERCUT        reduce using rule 74 (expression -> expression OVEREQ expression .)
    OVERCUT         reduce using rule 74 (expression -> expression OVEREQ expression .)
    UNDEREQ         reduce using rule 74 (expression -> expression OVEREQ expression .)
    OVEREQ          reduce using rule 74 (expression -> expression OVEREQ expression .)
    BOTH_TYRES      reduce using rule 74 (expression -> expression OVEREQ expression .)
    EITHER_TYRE     reduce using rule 74 (expression -> expression OVEREQ expression .)
    SAFETY          reduce using rule 74 (expression -> expression OVEREQ expression .)
    OVERTAKE        reduce using rule 74 (expression -> expression OVEREQ expression .)
    APEX            reduce using rule 74 (expression -> expression OVEREQ expression .)
    ALSO            reduce using rule 74 (expression -> expression OVEREQ expression .)
    MARSHALL        reduce using rule 74 (expression -> expression OVEREQ expression .)
    TOW             shift and go to state 78
    GAP             shift and go to state 79
    ERS             shift and go to state 80
    STINT           shift and go to state 81
    FUEL_DELTA      shift and go to state 82

  ! TOW             [ reduce using rule 74 (expression -> expression OVEREQ expression .) ]
  ! GAP             [ reduce using rule 74 (expression -> expression OVEREQ expression .) ]
  ! ERS             [ reduce using rule 74 (expression -> expression OVEREQ expression .) ]
  ! STINT           [ reduce using rule 74 (expression -> expression OVEREQ expression .) ]
  ! FUEL_DELTA      [ reduce using rule 74 (expression -> expression OVEREQ expression .) ]
  ! DEAD_HEAT       [ shift and go to state 83 ]
  ! OUTLAP          [ shift and go to state 84 ]
  ! UNDERCUT        [ shift and go to state 85 ]
  ! OVERCUT         [ shift and go to state 86 ]
  ! UNDEREQ         [ shift and go to state 87 ]
  ! OVEREQ          [ shift and go to state 88 ]
  ! BOTH_TYRES      [ shift and go to state 89 ]
  ! EITHER_TYRE     [ shift and go to state 90 ]
  ! SAFETY          [ shift and go to state 91 ]
  ! OVERTAKE        [ shift and go to state 92 ]


state 137

    (75) expression -> expression BOTH_TYRES expression .
    (64) expression -> expression . TOW expression
    (65) expression -> expression . GAP expression
    (66) expression -> expression . ERS expression
    (67) expression -> expression . STINT expression
    (68) expression -> expression . FUEL_DELTA expression
    (69) expression -> expression . DEAD_HEAT expression
    (70) expression -> expression . OUTLAP expression
    (71) expression -> expression . UNDERCUT expression
    (72) expression -> expression . OVERCUT expression
    (73) expression -> expression . UNDEREQ expression
    (74) expression -> expression . OVEREQ expression
    (75) expression -> expression . BOTH_TYRES expression
    (76) expression -> expression . EITHER_TYRE expression
    (77) expression -> expression . SAFETY expression
    (78) expression -> expression . OVERTAKE expression

    STOP            reduce using rule 75 (expression -> expression BOTH_TYRES expression .)
    BOTH_TYRES      reduce using rule 75 (expression -> expression BOTH_TYRES expression .)
    EITHER_TYRE     reduce using rule 75 (expression -> expression BOTH_TYRES expression .)
    SAFETY          reduce using rule 75 (expression -> expression BOTH_TYRES expression .)
    OVERTAKE        reduce using rule 75 (expression -> expression BOTH_TYRES expression .)
    APEX            reduce using rule 75 (expression -> expression BOTH_TYRES expression .)
    ALSO            reduce using rule 75 (expression -> expression BOTH_TYRES expression .)
    MARSHALL        reduce using rule 75 (expression -> expression BOTH_TYRES expression .)
    TOW             shift and go to state 78
    GAP             shift and go to state 79
    ERS             shift and go to state 80
    STINT           shift and go to state 81
    FUEL_DELTA      shift and go to state 82
    DEAD_HEAT       shift and go to state 83
    OUTLAP          shift and go to state 84
    UNDERCUT        shift and go to state 85
    OVERCUT         shift and go to state 86
    UNDEREQ         shift and go to state 87
    OVEREQ          shift and go to state 88

  ! TOW             [ reduce using rule 75 (expression -> expression BOTH_TYRES expression .) ]
  ! GAP             [ reduce using rule 75 (expression -> expression BOTH_TYRES expression .) ]
  ! ERS             [ reduce using rule 75 (expression -> expression BOTH_TYRES expression .) ]
  ! STINT           [ reduce using rule 75 (expression -> expression BOTH_TYRES expression .) ]
  ! FUEL_DELTA      [ reduce using rule 75 (expression -> expression BOTH_TYRES expression .) ]
  ! DEAD_HEAT       [ reduce using rule 75 (expression -> expression BOTH_TYRES expression .) ]
  ! OUTLAP          [ reduce using rule 75 (expression -> expression BOTH_TYRES expression .) ]
  ! UNDERCUT        [ reduce using rule 75 (expression -> expression BOTH_TYRES expression .) ]
  ! OVERCUT         [ reduce using rule 75 (expression -> expression BOTH_TYRES expression .) ]
  ! UNDEREQ         [ reduce using rule 75 (expression -> expression BOTH_TYRES expression .) ]
  ! OVEREQ          [ reduce using rule 75 (expression -> expression BOTH_TYRES expression .) ]
  ! BOTH_TYRES      [ shift and go to state 89 ]
  ! EITHER_TYRE     [ shift and go to state 90 ]
  ! SAFETY          [ shift and go to state 91 ]
  ! OVERTAKE        [ shift and go to state 92 ]


state 138

    (76) expression -> expression EITHER_TYRE expression .
    (64) expression -> expression . TOW expression
    (65) expression -> expression . GAP expression
    (66) expression -> expression . ERS expression
    (67) expression -> expression . STINT expression
    (68) expression -> expression . FUEL_DELTA expression
    (69) expression -> expression . DEAD_HEAT expression
    (70) expression -> expression . OUTLAP expression
    (71) expression -> expression . UNDERCUT expression
    (72) expression -> expression . OVERCUT expression
    (73) expression -> expression . UNDEREQ expression
    (74) expression -> expression . OVEREQ expression
    (75) expression -> expression . BOTH_TYRES expression
    (76) expression -> expression . EITHER_TYRE expression
    (77) expression -> expression . SAFETY expression
    (78) expression -> expression . OVERTAKE expression

    STOP            reduce using rule 76 (expression -> expression EITHER_TYRE expression .)
    EITHER_TYRE     reduce using rule 76 (expression -> expression EITHER_TYRE expression .)
    OVERTAKE        reduce using rule 76 (expression -> expression EITHER_TYRE expression .)
    APEX            reduce using rule 76 (expression -> expression EITHER_TYRE expression .)
    ALSO            reduce using rule 76 (expression -> expression EITHER_TYRE expression .)
    MARSHALL        reduce using rule 76 (expression -> expression EITHER_TYRE expression .)
    TOW             shift and go to state 78
    GAP             shift and go to state 79
    ERS             shift and go to state 80
    STINT           shift and go to state 81
    FUEL_DELTA      shift and go to state 82
    DEAD_HEAT       shift and go to state 83
    OUTLAP          shift and go to state 84
    UNDERCUT        shift and go to state 85
    OVERCUT         shift and go to state 86
    UNDEREQ         shift and go to state 87
    OVEREQ          shift and go to state 88
    BOTH_TYRES      shift and go to state 89
    SAFETY          shift and go to state 91

  ! TOW             [ reduce using rule 76 (expression -> expression EITHER_TYRE expression .) ]
  ! GAP             [ reduce using rule 76 (expression -> expression EITHER_TYRE expression .) ]
  ! ERS             [ reduce using rule 76 (expression -> expression EITHER_TYRE expression .) ]
  ! STINT           [ reduce using rule 76 (expression -> expression EITHER_TYRE expression .) ]
  ! FUEL_DELTA      [ reduce using rule 76 (expression -> expression EITHER_TYRE expression .) ]
  ! DEAD_HEAT       [ reduce using rule 76 (expression -> expression EITHER_TYRE expression .) ]
  ! OUTLAP          [ reduce using rule 76 (expression -> expression EITHER_TYRE expression .) ]
  ! UNDERCUT        [ reduce using rule 76 (expression -> expression EITHER_TYRE expression .) ]
  ! OVERCUT         [ reduce using rule 76 (expression -> expression EITHER_TYRE expression .) ]
  ! UNDEREQ         [ reduce using rule 76 (expression -> expression EITHER_TYRE expression .) ]
  ! OVEREQ          [ reduce using rule 76 (expression -> expression EITHER_TYRE expression .) ]
  ! BOTH_TYRES      [ reduce using rule 76 (expression -> expression EITHER_TYRE expression .) ]
  ! SAFETY          [ reduce using rule 76 (expression -> expression EITHER_TYRE expression .) ]
  ! EITHER_TYRE     [ shift and go to state 90 ]
  ! OVERTAKE        [ shift and go to state 92 ]


state 139

    (77) expression -> expression SAFETY expression .
    (64) expression -> expression . TOW expression
    (65) expression -> expression . GAP expression
    (66) expression -> expression . ERS expression
    (67) expression -> expression . STINT expression
    (68) expression -> expression . FUEL_DELTA expression
    (69) expression -> expression . DEAD_HEAT expression
    (70) expression -> expression . OUTLAP expression
    (71) expression -> expression . UNDERCUT expression
    (72) expression -> expression . OVERCUT expression
    (73) expression -> expression . UNDEREQ expression
    (74) expression -> expression . OVEREQ expression
    (75) expression -> expression . BOTH_TYRES expression
    (76) expression -> expression . EITHER_TYRE expression
    (77) expression -> expression . SAFETY expression
    (78) expression -> expression . OVERTAKE expression

    STOP            reduce using rule 77 (expression -> expression SAFETY expression .)
    BOTH_TYRES      reduce using rule 77 (expression -> expression SAFETY expression .)
    EITHER_TYRE     reduce using rule 77 (expression -> expression SAFETY expression .)
    SAFETY          reduce using rule 77 (expression -> expression SAFETY expression .)
    OVERTAKE        reduce using rule 77 (expression -> expression SAFETY expression .)
    APEX            reduce using rule 77 (expression -> expression SAFETY expression .)
    ALSO            reduce using rule 77 (expression -> expression SAFETY expression .)
    MARSHALL        reduce using rule 77 (expression -> expression SAFETY expression .)
    TOW             shift and go to state 78
    GAP             shift and go to state 79
    ERS             shift and go to state 80
    STINT           shift and go to state 81
    FUEL_DELTA      shift and go to state 82
    DEAD_HEAT       shift and go to state 83
    OUTLAP          shift and go to state 84
    UNDERCUT        shift and go to state 85
    OVERCUT         shift and go to state 86
    UNDEREQ         shift and go to state 87
    OVEREQ          shift and go to state 88

  ! TOW             [ reduce using rule 77 (expression -> expression SAFETY expression .) ]
  ! GAP             [ reduce using rule 77 (expression -> expression SAFETY expression .) ]
  ! ERS             [ reduce using rule 77 (expression -> expression SAFETY expression .) ]
  ! STINT           [ reduce using rule 77 (expression -> expression SAFETY expression .) ]
  ! FUEL_DELTA      [ reduce using rule 77 (expression -> expression SAFETY expression .) ]
  ! DEAD_HEAT       [ reduce using rule 77 (expression -> expression SAFETY expression .) ]
  ! OUTLAP          [ reduce using rule 77 (expression -> expression SAFETY expression .) ]
  ! UNDERCUT        [ reduce using rule 77 (expression -> expression SAFETY expression .) ]
  ! OVERCUT         [ reduce using rule 77 (expression -> expression SAFETY expression .) ]
  ! UNDEREQ         [ reduce using rule 77 (expression -> expression SAFETY expression .) ]
  ! OVEREQ          [ reduce using rule 77 (expression -> expression SAFETY expression .) ]
  ! BOTH_TYRES      [ shift and go to state 89 ]
  ! EITHER_TYRE     [ shift and go to state 90 ]
  ! SAFETY          [ shift and go to state 91 ]
  ! OVERTAKE        [ shift and go to state 92 ]


state 140

    (78) expression -> expression OVERTAKE expression .
    (64) expression -> expression . TOW expression
    (65) expression -> expression . GAP expression
    (66) expression -> expression . ERS expression
    (67) expression -> expression . STINT expression
    (68) expression -> expression . FUEL_DELTA expression
    (69) expression -> expression . DEAD_HEAT expression
    (70) expression -> expression . OUTLAP expression
    (71) expression -> expression . UNDERCUT expression
    (72) expression -> expression . OVERCUT expression
    (73) expression -> expression . UNDEREQ expression
    (74) expression -> expression . OVEREQ expression
    (75) expression -> expression . BOTH_TYRES expression
    (76) expression -> expression . EITHER_TYRE expression
    (77) expression -> expression . SAFETY expression
    (78) expression -> expression . OVERTAKE expression

    STOP            reduce using rule 78 (expression -> expression OVERTAKE expression .)
    EITHER_TYRE     reduce using rule 78 (expression -> expression OVERTAKE expression .)
    OVERTAKE        reduce using rule 78 (expression -> expression OVERTAKE expression .)
    APEX            reduce using rule 78 (expression -> expression OVERTAKE expression .)
    ALSO            reduce using rule 78 (expression -> expression OVERTAKE expression .)
    MARSHALL        reduce using rule 78 (expression -> expression OVERTAKE expression .)
    TOW             shift and go to state 78
    GAP             shift and go to state 79
    ERS             shift and go to state 80
    STINT           shift and go to state 81
    FUEL_DELTA      shift and go to state 82
    DEAD_HEAT       shift and go to state 83
    OUTLAP          shift and go to state 84
    UNDERCUT        shift and go to state 85
    OVERCUT         shift and go to state 86
    UNDEREQ         shift and go to state 87
    OVEREQ          shift and go to state 88
    BOTH_TYRES      shift and go to state 89
    SAFETY          shift and go to state 91

  ! TOW             [ reduce using rule 78 (expression -> expression OVERTAKE expression .) ]
  ! GAP             [ reduce using rule 78 (expression -> expression OVERTAKE expression .) ]
  ! ERS             [ reduce using rule 78 (expression -> expression OVERTAKE expression .) ]
  ! STINT           [ reduce using rule 78 (expression -> expression OVERTAKE expression .) ]
  ! FUEL_DELTA      [ reduce using rule 78 (expression -> expression OVERTAKE expression .) ]
  ! DEAD_HEAT       [ reduce using rule 78 (expression -> expression OVERTAKE expression .) ]
  ! OUTLAP          [ reduce using rule 78 (expression -> expression OVERTAKE expression .) ]
  ! UNDERCUT        [ reduce using rule 78 (expression -> expression OVERTAKE expression .) ]
  ! OVERCUT         [ reduce using rule 78 (expression -> expression OVERTAKE expression .) ]
  ! UNDEREQ         [ reduce using rule 78 (expression -> expression OVERTAKE expression .) ]
  ! OVEREQ          [ reduce using rule 78 (expression -> expression OVERTAKE expression .) ]
  ! BOTH_TYRES      [ reduce using rule 78 (expression -> expression OVERTAKE expression .) ]
  ! SAFETY          [ reduce using rule 78 (expression -> expression OVERTAKE expression .) ]
  ! EITHER_TYRE     [ shift and go to state 90 ]
  ! OVERTAKE        [ shift and go to state 92 ]


state 141

    (29) declaration -> VSC type_specifier ID . SETUP expression STOP

    SETUP           shift and go to state 165


state 142

    (39) selection_statement -> STRATEGY_CHECK CORNER expression . APEX compound_statement
    (40) selection_statement -> STRATEGY_CHECK CORNER expression . APEX compound_statement STAY_OUT compound_statement
    (41) selection_statement -> STRATEGY_CHECK CORNER expression . APEX compound_statement STAY_OUT selection_statement
    (64) expression -> expression . TOW expression
    (65) expression -> expression . GAP expression
    (66) expression -> expression . ERS expression
    (67) expression -> expression . STINT expression
    (68) expression -> expression . FUEL_DELTA expression
    (69) expression -> expression . DEAD_HEAT expression
    (70) expression -> expression . OUTLAP expression
    (71) expression -> expression . UNDERCUT expression
    (72) expression -> expression . OVERCUT expression
    (73) expression -> expression . UNDEREQ expression
    (74) expression -> expression . OVEREQ expression
    (75) expression -> expression . BOTH_TYRES expression
    (76) expression -> expression . EITHER_TYRE expression
    (77) expression -> expression . SAFETY expression
    (78) expression -> expression . OVERTAKE expression

    APEX            shift and go to state 166
    TOW             shift and go to state 78
    GAP             shift and go to state 79
    ERS             shift and go to state 80
    STINT           shift and go to state 81
    FUEL_DELTA      shift and go to state 82
    DEAD_HEAT       shift and go to state 83
    OUTLAP          shift and go to state 84
    UNDERCUT        shift and go to state 85
    OVERCUT         shift and go to state 86
    UNDEREQ         shift and go to state 87
    OVEREQ          shift and go to state 88
    BOTH_TYRES      shift and go to state 89
    EITHER_TYRE     shift and go to state 90
    SAFETY          shift and go to state 91
    OVERTAKE        shift and go to state 92


state 143

    (82) expression -> CORNER expression APEX .

    STOP            reduce using rule 82 (expression -> CORNER expression APEX .)
    TOW             reduce using rule 82 (expression -> CORNER expression APEX .)
    GAP             reduce using rule 82 (expression -> CORNER expression APEX .)
    ERS             reduce using rule 82 (expression -> CORNER expression APEX .)
    STINT           reduce using rule 82 (expression -> CORNER expression APEX .)
    FUEL_DELTA      reduce using rule 82 (expression -> CORNER expression APEX .)
    DEAD_HEAT       reduce using rule 82 (expression -> CORNER expression APEX .)
    OUTLAP          reduce using rule 82 (expression -> CORNER expression APEX .)
    UNDERCUT        reduce using rule 82 (expression -> CORNER expression APEX .)
    OVERCUT         reduce using rule 82 (expression -> CORNER expression APEX .)
    UNDEREQ         reduce using rule 82 (expression -> CORNER expression APEX .)
    OVEREQ          reduce using rule 82 (expression -> CORNER expression APEX .)
    BOTH_TYRES      reduce using rule 82 (expression -> CORNER expression APEX .)
    EITHER_TYRE     reduce using rule 82 (expression -> CORNER expression APEX .)
    SAFETY          reduce using rule 82 (expression -> CORNER expression APEX .)
    OVERTAKE        reduce using rule 82 (expression -> CORNER expression APEX .)
    APEX            reduce using rule 82 (expression -> CORNER expression APEX .)
    ALSO            reduce using rule 82 (expression -> CORNER expression APEX .)
    MARSHALL        reduce using rule 82 (expression -> CORNER expression APEX .)


state 144

    (42) selection_statement -> GAP_CHECK CORNER expression . APEX GARAGE case_list READY
    (64) expression -> expression . TOW expression
    (65) expression -> expression . GAP expression
    (66) expression -> expression . ERS expression
    (67) expression -> expression . STINT expression
    (68) expression -> expression . FUEL_DELTA expression
    (69) expression -> expression . DEAD_HEAT expression
    (70) expression -> expression . OUTLAP expression
    (71) expression -> expression . UNDERCUT expression
    (72) expression -> expression . OVERCUT expression
    (73) expression -> expression . UNDEREQ expression
    (74) expression -> expression . OVEREQ expression
    (75) expression -> expression . BOTH_TYRES expression
    (76) expression -> expression . EITHER_TYRE expression
    (77) expression -> expression . SAFETY expression
    (78) expression -> expression . OVERTAKE expression

    APEX            shift and go to state 167
    TOW             shift and go to state 78
    GAP             shift and go to state 79
    ERS             shift and go to state 80
    STINT           shift and go to state 81
    FUEL_DELTA      shift and go to state 82
    DEAD_HEAT       shift and go to state 83
    OUTLAP          shift and go to state 84
    UNDERCUT        shift and go to state 85
    OVERCUT         shift and go to state 86
    UNDEREQ         shift and go to state 87
    OVEREQ          shift and go to state 88
    BOTH_TYRES      shift and go to state 89
    EITHER_TYRE     shift and go to state 90
    SAFETY          shift and go to state 91
    OVERTAKE        shift and go to state 92


state 145

    (43) selection_statement -> PITWALL CORNER expression . APEX GARAGE case_list READY
    (64) expression -> expression . TOW expression
    (65) expression -> expression . GAP expression
    (66) expression -> expression . ERS expression
    (67) expression -> expression . STINT expression
    (68) expression -> expression . FUEL_DELTA expression
    (69) expression -> expression . DEAD_HEAT expression
    (70) expression -> expression . OUTLAP expression
    (71) expression -> expression . UNDERCUT expression
    (72) expression -> expression . OVERCUT expression
    (73) expression -> expression . UNDEREQ expression
    (74) expression -> expression . OVEREQ expression
    (75) expression -> expression . BOTH_TYRES expression
    (76) expression -> expression . EITHER_TYRE expression
    (77) expression -> expression . SAFETY expression
    (78) expression -> expression . OVERTAKE expression

    APEX            shift and go to state 168
    TOW             shift and go to state 78
    GAP             shift and go to state 79
    ERS             shift and go to state 80
    STINT           shift and go to state 81
    FUEL_DELTA      shift and go to state 82
    DEAD_HEAT       shift and go to state 83
    OUTLAP          shift and go to state 84
    UNDERCUT        shift and go to state 85
    OVERCUT         shift and go to state 86
    UNDEREQ         shift and go to state 87
    OVEREQ          shift and go to state 88
    BOTH_TYRES      shift and go to state 89
    EITHER_TYRE     shift and go to state 90
    SAFETY          shift and go to state 91
    OVERTAKE        shift and go to state 92


state 146

    (48) iteration_statement -> PUSH CORNER expression . APEX compound_statement
    (64) expression -> expression . TOW expression
    (65) expression -> expression . GAP expression
    (66) expression -> expression . ERS expression
    (67) expression -> expression . STINT expression
    (68) expression -> expression . FUEL_DELTA expression
    (69) expression -> expression . DEAD_HEAT expression
    (70) expression -> expression . OUTLAP expression
    (71) expression -> expression . UNDERCUT expression
    (72) expression -> expression . OVERCUT expression
    (73) expression -> expression . UNDEREQ expression
    (74) expression -> expression . OVEREQ expression
    (75) expression -> expression . BOTH_TYRES expression
    (76) expression -> expression . EITHER_TYRE expression
    (77) expression -> expression . SAFETY expression
    (78) expression -> expression . OVERTAKE expression

    APEX            shift and go to state 169
    TOW             shift and go to state 78
    GAP             shift and go to state 79
    ERS             shift and go to state 80
    STINT           shift and go to state 81
    FUEL_DELTA      shift and go to state 82
    DEAD_HEAT       shift and go to state 83
    OUTLAP          shift and go to state 84
    UNDERCUT        shift and go to state 85
    OVERCUT         shift and go to state 86
    UNDEREQ         shift and go to state 87
    OVEREQ          shift and go to state 88
    BOTH_TYRES      shift and go to state 89
    EITHER_TYRE     shift and go to state 90
    SAFETY          shift and go to state 91
    OVERTAKE        shift and go to state 92


state 147

    (49) iteration_statement -> BOX compound_statement PUSH . CORNER expression APEX STOP

    CORNER          shift and go to state 170


state 148

    (50) iteration_statement -> FORMATION_LAP CORNER for_init . expression for_semi expression APEX compound_statement
    (51) iteration_statement -> FORMATION_LAP CORNER for_init . expression for_semi APEX compound_statement
    (64) expression -> . expression TOW expression
    (65) expression -> . expression GAP expression
    (66) expression -> . expression ERS expression
    (67) expression -> . expression STINT expression
    (68) expression -> . expression FUEL_DELTA expression
    (69) expression -> . expression DEAD_HEAT expression
    (70) expression -> . expression OUTLAP expression
    (71) expression -> . expression UNDERCUT expression
    (72) expression -> . expression OVERCUT expression
    (73) expression -> . expression UNDEREQ expression
    (74) expression -> . expression OVEREQ expression
    (75) expression -> . expression BOTH_TYRES expression
    (76) expression -> . expression EITHER_TYRE expression
    (77) expression -> . expression SAFETY expression
    (78) expression -> . expression OVERTAKE expression
    (79) expression -> . GAP expression
    (80) expression -> . REVERSE_GRID expression
    (81) expression -> . REVERSE expression
    (82) expression -> . CORNER expression APEX
    (83) expression -> . ID SETUP expression
    (84) expression -> . ID PITSTOW expression
    (85) expression -> . ID PITGAP expression
    (86) expression -> . ID PITERS expression
    (87) expression -> . ID PITSTINT expression
    (88) expression -> . ID FASTLAP
    (89) expression -> . ID DEGRADATION
    (90) expression -> . SLIPSTREAM expression
    (91) expression -> . POSITION expression
    (92) expression -> . ID CORNER argument_list APEX
    (93) expression -> . ID CORNER APEX
    (96) expression -> . ID
    (97) expression -> . INT_LITERAL
    (98) expression -> . FLOAT_LITERAL
    (99) expression -> . STRING_LITERAL
    (100) expression -> . CHAR_LITERAL
    (101) expression -> . TRUE
    (102) expression -> . FALSE
    (103) expression -> . DNF

    GAP             shift and go to state 50
    REVERSE_GRID    shift and go to state 51
    REVERSE         shift and go to state 52
    CORNER          shift and go to state 38
    ID              shift and go to state 26
    SLIPSTREAM      shift and go to state 53
    POSITION        shift and go to state 54
    INT_LITERAL     shift and go to state 55
    FLOAT_LITERAL   shift and go to state 56
    STRING_LITERAL  shift and go to state 57
    CHAR_LITERAL    shift and go to state 58
    TRUE            shift and go to state 59
    FALSE           shift and go to state 60
    DNF             shift and go to state 61

    expression                     shift and go to state 171

state 149

    (55) for_init -> expression . for_semi
    (64) expression -> expression . TOW expression
    (65) expression -> expression . GAP expression
    (66) expression -> expression . ERS expression
    (67) expression -> expression . STINT expression
    (68) expression -> expression . FUEL_DELTA expression
    (69) expression -> expression . DEAD_HEAT expression
    (70) expression -> expression . OUTLAP expression
    (71) expression -> expression . UNDERCUT expression
    (72) expression -> expression . OVERCUT expression
    (73) expression -> expression . UNDEREQ expression
    (74) expression -> expression . OVEREQ expression
    (75) expression -> expression . BOTH_TYRES expression
    (76) expression -> expression . EITHER_TYRE expression
    (77) expression -> expression . SAFETY expression
    (78) expression -> expression . OVERTAKE expression
    (53) for_semi -> . STOP

    TOW             shift and go to state 78
    GAP             shift and go to state 79
    ERS             shift and go to state 80
    STINT           shift and go to state 81
    FUEL_DELTA      shift and go to state 82
    DEAD_HEAT       shift and go to state 83
    OUTLAP          shift and go to state 84
    UNDERCUT        shift and go to state 85
    OVERCUT         shift and go to state 86
    UNDEREQ         shift and go to state 87
    OVEREQ          shift and go to state 88
    BOTH_TYRES      shift and go to state 89
    EITHER_TYRE     shift and go to state 90
    SAFETY          shift and go to state 91
    OVERTAKE        shift and go to state 92
    STOP            shift and go to state 152

    for_semi                       shift and go to state 172

state 150

    (52) iteration_statement -> FORMATION_LAP CORNER for_semi . for_semi APEX compound_statement
    (56) for_init -> for_semi .
    (53) for_semi -> . STOP

    GAP             reduce using rule 56 (for_init -> for_semi .)
    REVERSE_GRID    reduce using rule 56 (for_init -> for_semi .)
    REVERSE         reduce using rule 56 (for_init -> for_semi .)
    CORNER          reduce using rule 56 (for_init -> for_semi .)
    ID              reduce using rule 56 (for_init -> for_semi .)
    SLIPSTREAM      reduce using rule 56 (for_init -> for_semi .)
    POSITION        reduce using rule 56 (for_init -> for_semi .)
    INT_LITERAL     reduce using rule 56 (for_init -> for_semi .)
    FLOAT_LITERAL   reduce using rule 56 (for_init -> for_semi .)
    STRING_LITERAL  reduce using rule 56 (for_init -> for_semi .)
    CHAR_LITERAL    reduce using rule 56 (for_init -> for_semi .)
    TRUE            reduce using rule 56 (for_init -> for_semi .)
    FALSE           reduce using rule 56 (for_init -> for_semi .)
    DNF             reduce using rule 56 (for_init -> for_semi .)
    STOP            shift and go to state 152

    for_semi                       shift and go to state 173

state 151

    (54) for_init -> type_specifier . ID SETUP expression for_semi

    ID              shift and go to state 174


state 152

    (53) for_semi -> STOP .

    STOP            reduce using rule 53 (for_semi -> STOP .)
    GAP             reduce using rule 53 (for_semi -> STOP .)
    REVERSE_GRID    reduce using rule 53 (for_semi -> STOP .)
    REVERSE         reduce using rule 53 (for_semi -> STOP .)
    CORNER          reduce using rule 53 (for_semi -> STOP .)
    ID              reduce using rule 53 (for_semi -> STOP .)
    SLIPSTREAM      reduce using rule 53 (for_semi -> STOP .)
    POSITION        reduce using rule 53 (for_semi -> STOP .)
    INT_LITERAL     reduce using rule 53 (for_semi -> STOP .)
    FLOAT_LITERAL   reduce using rule 53 (for_semi -> STOP .)
    STRING_LITERAL  reduce using rule 53 (for_semi -> STOP .)
    CHAR_LITERAL    reduce using rule 53 (for_semi -> STOP .)
    TRUE            reduce using rule 53 (for_semi -> STOP .)
    FALSE           reduce using rule 53 (for_semi -> STOP .)
    DNF             reduce using rule 53 (for_semi -> STOP .)
    APEX            reduce using rule 53 (for_semi -> STOP .)


state 153

    (57) jump_statement -> PODIO expression STOP .

    READY           reduce using rule 57 (jump_statement -> PODIO expression STOP .)
    VSC             reduce using rule 57 (jump_statement -> PODIO expression STOP .)
    LAP             reduce using rule 57 (jump_statement -> PODIO expression STOP .)
    SPLIT           reduce using rule 57 (jump_statement -> PODIO expression STOP .)
    PITBOARD        reduce using rule 57 (jump_statement -> PODIO expression STOP .)
    YELLOW_FLAG     reduce using rule 57 (jump_statement -> PODIO expression STOP .)
    RADIO           reduce using rule 57 (jump_statement -> PODIO expression STOP .)
    STOP            reduce using rule 57 (jump_statement -> PODIO expression STOP .)
    GARAGE          reduce using rule 57 (jump_statement -> PODIO expression STOP .)
    STRATEGY_CHECK  reduce using rule 57 (jump_statement -> PODIO expression STOP .)
    GAP_CHECK       reduce using rule 57 (jump_statement -> PODIO expression STOP .)
    PITWALL         reduce using rule 57 (jump_statement -> PODIO expression STOP .)
    PUSH            reduce using rule 57 (jump_statement -> PODIO expression STOP .)
    BOX             reduce using rule 57 (jump_statement -> PODIO expression STOP .)
    FORMATION_LAP   reduce using rule 57 (jump_statement -> PODIO expression STOP .)
    PODIO           reduce using rule 57 (jump_statement -> PODIO expression STOP .)
    BOX_BOX         reduce using rule 57 (jump_statement -> PODIO expression STOP .)
    DRS             reduce using rule 57 (jump_statement -> PODIO expression STOP .)
    BROADCAST       reduce using rule 57 (jump_statement -> PODIO expression STOP .)
    TELEMETRY       reduce using rule 57 (jump_statement -> PODIO expression STOP .)
    CHECKERED_FLAG  reduce using rule 57 (jump_statement -> PODIO expression STOP .)
    GAP             reduce using rule 57 (jump_statement -> PODIO expression STOP .)
    REVERSE_GRID    reduce using rule 57 (jump_statement -> PODIO expression STOP .)
    REVERSE         reduce using rule 57 (jump_statement -> PODIO expression STOP .)
    CORNER          reduce using rule 57 (jump_statement -> PODIO expression STOP .)
    ID              reduce using rule 57 (jump_statement -> PODIO expression STOP .)
    SLIPSTREAM      reduce using rule 57 (jump_statement -> PODIO expression STOP .)
    POSITION        reduce using rule 57 (jump_statement -> PODIO expression STOP .)
    INT_LITERAL     reduce using rule 57 (jump_statement -> PODIO expression STOP .)
    FLOAT_LITERAL   reduce using rule 57 (jump_statement -> PODIO expression STOP .)
    STRING_LITERAL  reduce using rule 57 (jump_statement -> PODIO expression STOP .)
    CHAR_LITERAL    reduce using rule 57 (jump_statement -> PODIO expression STOP .)
    TRUE            reduce using rule 57 (jump_statement -> PODIO expression STOP .)
    FALSE           reduce using rule 57 (jump_statement -> PODIO expression STOP .)
    DNF             reduce using rule 57 (jump_statement -> PODIO expression STOP .)
    SECTOR          reduce using rule 57 (jump_statement -> PODIO expression STOP .)
    NO_DATA         reduce using rule 57 (jump_statement -> PODIO expression STOP .)


state 154

    (61) io_statement -> BROADCAST CORNER expression . APEX STOP
    (64) expression -> expression . TOW expression
    (65) expression -> expression . GAP expression
    (66) expression -> expression . ERS expression
    (67) expression -> expression . STINT expression
    (68) expression -> expression . FUEL_DELTA expression
    (69) expression -> expression . DEAD_HEAT expression
    (70) expression -> expression . OUTLAP expression
    (71) expression -> expression . UNDERCUT expression
    (72) expression -> expression . OVERCUT expression
    (73) expression -> expression . UNDEREQ expression
    (74) expression -> expression . OVEREQ expression
    (75) expression -> expression . BOTH_TYRES expression
    (76) expression -> expression . EITHER_TYRE expression
    (77) expression -> expression . SAFETY expression
    (78) expression -> expression . OVERTAKE expression

    APEX            shift and go to state 175
    TOW             shift and go to state 78
    GAP             shift and go to state 79
    ERS             shift and go to state 80
    STINT           shift and go to state 81
    FUEL_DELTA      shift and go to state 82
    DEAD_HEAT       shift and go to state 83
    OUTLAP          shift and go to state 84
    UNDERCUT        shift and go to state 85
    OVERCUT         shift and go to state 86
    UNDEREQ         shift and go to state 87
    OVEREQ          shift and go to state 88
    BOTH_TYRES      shift and go to state 89
    EITHER_TYRE     shift and go to state 90
    SAFETY          shift and go to state 91
    OVERTAKE        shift and go to state 92


state 155

    (62) io_statement -> TELEMETRY CORNER ID . APEX STOP

    APEX            shift and go to state 176


state 156

    (15) parameter_declaration -> type_specifier . ID

    ID              shift and go to state 177


state 157

    (9) function_definition -> STRATEGY type_specifier ID CORNER parameter_list . APEX compound_statement
    (14) parameter_list -> parameter_list . ALSO parameter_declaration

    APEX            shift and go to state 178
    ALSO            shift and go to state 179


state 158

    (10) function_definition -> STRATEGY type_specifier ID CORNER APEX . compound_statement
    (21) compound_statement -> . GARAGE block_item_list READY
    (22) compound_statement -> . GARAGE READY

    GARAGE          shift and go to state 19

    compound_statement             shift and go to state 180

state 159

    (13) parameter_list -> parameter_declaration .

    APEX            reduce using rule 13 (parameter_list -> parameter_declaration .)
    ALSO            reduce using rule 13 (parameter_list -> parameter_declaration .)


state 160

    (11) function_definition -> STRATEGY NEUTRO ID CORNER parameter_list . APEX compound_statement
    (14) parameter_list -> parameter_list . ALSO parameter_declaration

    APEX            shift and go to state 181
    ALSO            shift and go to state 179


state 161

    (12) function_definition -> STRATEGY NEUTRO ID CORNER APEX . compound_statement
    (21) compound_statement -> . GARAGE block_item_list READY
    (22) compound_statement -> . GARAGE READY

    GARAGE          shift and go to state 19

    compound_statement             shift and go to state 182

state 162

    (27) declaration -> type_specifier ID SETUP expression . STOP
    (64) expression -> expression . TOW expression
    (65) expression -> expression . GAP expression
    (66) expression -> expression . ERS expression
    (67) expression -> expression . STINT expression
    (68) expression -> expression . FUEL_DELTA expression
    (69) expression -> expression . DEAD_HEAT expression
    (70) expression -> expression . OUTLAP expression
    (71) expression -> expression . UNDERCUT expression
    (72) expression -> expression . OVERCUT expression
    (73) expression -> expression . UNDEREQ expression
    (74) expression -> expression . OVEREQ expression
    (75) expression -> expression . BOTH_TYRES expression
    (76) expression -> expression . EITHER_TYRE expression
    (77) expression -> expression . SAFETY expression
    (78) expression -> expression . OVERTAKE expression

    STOP            shift and go to state 183
    TOW             shift and go to state 78
    GAP             shift and go to state 79
    ERS             shift and go to state 80
    STINT           shift and go to state 81
    FUEL_DELTA      shift and go to state 82
    DEAD_HEAT       shift and go to state 83
    OUTLAP          shift and go to state 84
    UNDERCUT        shift and go to state 85
    OVERCUT         shift and go to state 86
    UNDEREQ         shift and go to state 87
    OVEREQ          shift and go to state 88
    BOTH_TYRES      shift and go to state 89
    EITHER_TYRE     shift and go to state 90
    SAFETY          shift and go to state 91
    OVERTAKE        shift and go to state 92


state 163

    (92) expression -> ID CORNER argument_list APEX .

    STOP            reduce using rule 92 (expression -> ID CORNER argument_list APEX .)
    TOW             reduce using rule 92 (expression -> ID CORNER argument_list APEX .)
    GAP             reduce using rule 92 (expression -> ID CORNER argument_list APEX .)
    ERS             reduce using rule 92 (expression -> ID CORNER argument_list APEX .)
    STINT           reduce using rule 92 (expression -> ID CORNER argument_list APEX .)
    FUEL_DELTA      reduce using rule 92 (expression -> ID CORNER argument_list APEX .)
    DEAD_HEAT       reduce using rule 92 (expression -> ID CORNER argument_list APEX .)
    OUTLAP          reduce using rule 92 (expression -> ID CORNER argument_list APEX .)
    UNDERCUT        reduce using rule 92 (expression -> ID CORNER argument_list APEX .)
    OVERCUT         reduce using rule 92 (expression -> ID CORNER argument_list APEX .)
    UNDEREQ         reduce using rule 92 (expression -> ID CORNER argument_list APEX .)
    OVEREQ          reduce using rule 92 (expression -> ID CORNER argument_list APEX .)
    BOTH_TYRES      reduce using rule 92 (expression -> ID CORNER argument_list APEX .)
    EITHER_TYRE     reduce using rule 92 (expression -> ID CORNER argument_list APEX .)
    SAFETY          reduce using rule 92 (expression -> ID CORNER argument_list APEX .)
    OVERTAKE        reduce using rule 92 (expression -> ID CORNER argument_list APEX .)
    APEX            reduce using rule 92 (expression -> ID CORNER argument_list APEX .)
    ALSO            reduce using rule 92 (expression -> ID CORNER argument_list APEX .)
    MARSHALL        reduce using rule 92 (expression -> ID CORNER argument_list APEX .)


state 164

    (95) argument_list -> argument_list ALSO . expression
    (64) expression -> . expression TOW expression
    (65) expression -> . expression GAP expression
    (66) expression -> . expression ERS expression
    (67) expression -> . expression STINT expression
    (68) expression -> . expression FUEL_DELTA expression
    (69) expression -> . expression DEAD_HEAT expression
    (70) expression -> . expression OUTLAP expression
    (71) expression -> . expression UNDERCUT expression
    (72) expression -> . expression OVERCUT expression
    (73) expression -> . expression UNDEREQ expression
    (74) expression -> . expression OVEREQ expression
    (75) expression -> . expression BOTH_TYRES expression
    (76) expression -> . expression EITHER_TYRE expression
    (77) expression -> . expression SAFETY expression
    (78) expression -> . expression OVERTAKE expression
    (79) expression -> . GAP expression
    (80) expression -> . REVERSE_GRID expression
    (81) expression -> . REVERSE expression
    (82) expression -> . CORNER expression APEX
    (83) expression -> . ID SETUP expression
    (84) expression -> . ID PITSTOW expression
    (85) expression -> . ID PITGAP expression
    (86) expression -> . ID PITERS expression
    (87) expression -> . ID PITSTINT expression
    (88) expression -> . ID FASTLAP
    (89) expression -> . ID DEGRADATION
    (90) expression -> . SLIPSTREAM expression
    (91) expression -> . POSITION expression
    (92) expression -> . ID CORNER argument_list APEX
    (93) expression -> . ID CORNER APEX
    (96) expression -> . ID
    (97) expression -> . INT_LITERAL
    (98) expression -> . FLOAT_LITERAL
    (99) expression -> . STRING_LITERAL
    (100) expression -> . CHAR_LITERAL
    (101) expression -> . TRUE
    (102) expression -> . FALSE
    (103) expression -> . DNF

    GAP             shift and go to state 50
    REVERSE_GRID    shift and go to state 51
    REVERSE         shift and go to state 52
    CORNER          shift and go to state 38
    ID              shift and go to state 26
    SLIPSTREAM      shift and go to state 53
    POSITION        shift and go to state 54
    INT_LITERAL     shift and go to state 55
    FLOAT_LITERAL   shift and go to state 56
    STRING_LITERAL  shift and go to state 57
    CHAR_LITERAL    shift and go to state 58
    TRUE            shift and go to state 59
    FALSE           shift and go to state 60
    DNF             shift and go to state 61

    expression                     shift and go to state 184

state 165

    (29) declaration -> VSC type_specifier ID SETUP . expression STOP
    (64) expression -> . expression TOW expression
    (65) expression -> . expression GAP expression
    (66) expression -> . expression ERS expression
    (67) expression -> . expression STINT expression
    (68) expression -> . expression FUEL_DELTA expression
    (69) expression -> . expression DEAD_HEAT expression
    (70) expression -> . expression OUTLAP expression
    (71) expression -> . expression UNDERCUT expression
    (72) expression -> . expression OVERCUT expression
    (73) expression -> . expression UNDEREQ expression
    (74) expression -> . expression OVEREQ expression
    (75) expression -> . expression BOTH_TYRES expression
    (76) expression -> . expression EITHER_TYRE expression
    (77) expression -> . expression SAFETY expression
    (78) expression -> . expression OVERTAKE expression
    (79) expression -> . GAP expression
    (80) expression -> . REVERSE_GRID expression
    (81) expression -> . REVERSE expression
    (82) expression -> . CORNER expression APEX
    (83) expression -> . ID SETUP expression
    (84) expression -> . ID PITSTOW expression
    (85) expression -> . ID PITGAP expression
    (86) expression -> . ID PITERS expression
    (87) expression -> . ID PITSTINT expression
    (88) expression -> . ID FASTLAP
    (89) expression -> . ID DEGRADATION
    (90) expression -> . SLIPSTREAM expression
    (91) expression -> . POSITION expression
    (92) expression -> . ID CORNER argument_list APEX
    (93) expression -> . ID CORNER APEX
    (96) expression -> . ID
    (97) expression -> . INT_LITERAL
    (98) expression -> . FLOAT_LITERAL
    (99) expression -> . STRING_LITERAL
    (100) expression -> . CHAR_LITERAL
    (101) expression -> . TRUE
    (102) expression -> . FALSE
    (103) expression -> . DNF

    GAP             shift and go to state 50
    REVERSE_GRID    shift and go to state 51
    REVERSE         shift and go to state 52
    CORNER          shift and go to state 38
    ID              shift and go to state 26
    SLIPSTREAM      shift and go to state 53
    POSITION        shift and go to state 54
    INT_LITERAL     shift and go to state 55
    FLOAT_LITERAL   shift and go to state 56
    STRING_LITERAL  shift and go to state 57
    CHAR_LITERAL    shift and go to state 58
    TRUE            shift and go to state 59
    FALSE           shift and go to state 60
    DNF             shift and go to state 61

    expression                     shift and go to state 185

state 166

    (39) selection_statement -> STRATEGY_CHECK CORNER expression APEX . compound_statement
    (40) selection_statement -> STRATEGY_CHECK CORNER expression APEX . compound_statement STAY_OUT compound_statement
    (41) selection_statement -> STRATEGY_CHECK CORNER expression APEX . compound_statement STAY_OUT selection_statement
    (21) compound_statement -> . GARAGE block_item_list READY
    (22) compound_statement -> . GARAGE READY

    GARAGE          shift and go to state 19

    compound_statement             shift and go to state 186

state 167

    (42) selection_statement -> GAP_CHECK CORNER expression APEX . GARAGE case_list READY

    GARAGE          shift and go to state 187


state 168

    (43) selection_statement -> PITWALL CORNER expression APEX . GARAGE case_list READY

    GARAGE          shift and go to state 188


state 169

    (48) iteration_statement -> PUSH CORNER expression APEX . compound_statement
    (21) compound_statement -> . GARAGE block_item_list READY
    (22) compound_statement -> . GARAGE READY

    GARAGE          shift and go to state 19

    compound_statement             shift and go to state 189

state 170

    (49) iteration_statement -> BOX compound_statement PUSH CORNER . expression APEX STOP
    (64) expression -> . expression TOW expression
    (65) expression -> . expression GAP expression
    (66) expression -> . expression ERS expression
    (67) expression -> . expression STINT expression
    (68) expression -> . expression FUEL_DELTA expression
    (69) expression -> . expression DEAD_HEAT expression
    (70) expression -> . expression OUTLAP expression
    (71) expression -> . expression UNDERCUT expression
    (72) expression -> . expression OVERCUT expression
    (73) expression -> . expression UNDEREQ expression
    (74) expression -> . expression OVEREQ expression
    (75) expression -> . expression BOTH_TYRES expression
    (76) expression -> . expression EITHER_TYRE expression
    (77) expression -> . expression SAFETY expression
    (78) expression -> . expression OVERTAKE expression
    (79) expression -> . GAP expression
    (80) expression -> . REVERSE_GRID expression
    (81) expression -> . REVERSE expression
    (82) expression -> . CORNER expression APEX
    (83) expression -> . ID SETUP expression
    (84) expression -> . ID PITSTOW expression
    (85) expression -> . ID PITGAP expression
    (86) expression -> . ID PITERS expression
    (87) expression -> . ID PITSTINT expression
    (88) expression -> . ID FASTLAP
    (89) expression -> . ID DEGRADATION
    (90) expression -> . SLIPSTREAM expression
    (91) expression -> . POSITION expression
    (92) expression -> . ID CORNER argument_list APEX
    (93) expression -> . ID CORNER APEX
    (96) expression -> . ID
    (97) expression -> . INT_LITERAL
    (98) expression -> . FLOAT_LITERAL
    (99) expression -> . STRING_LITERAL
    (100) expression -> . CHAR_LITERAL
    (101) expression -> . TRUE
    (102) expression -> . FALSE
    (103) expression -> . DNF

    GAP             shift and go to state 50
    REVERSE_GRID    shift and go to state 51
    REVERSE         shift and go to state 52
    CORNER          shift and go to state 38
    ID              shift and go to state 26
    SLIPSTREAM      shift and go to state 53
    POSITION        shift and go to state 54
    INT_LITERAL     shift and go to state 55
    FLOAT_LITERAL   shift and go to state 56
    STRING_LITERAL  shift and go to state 57
    CHAR_LITERAL    shift and go to state 58
    TRUE            shift and go to state 59
    FALSE           shift and go to state 60
    DNF             shift and go to state 61

    expression                     shift and go to state 190

state 171

    (50) iteration_statement -> FORMATION_LAP CORNER for_init expression . for_semi expression APEX compound_statement
    (51) iteration_statement -> FORMATION_LAP CORNER for_init expression . for_semi APEX compound_statement
    (64) expression -> expression . TOW expression
    (65) expression -> expression . GAP expression
    (66) expression -> expression . ERS expression
    (67) expression -> expression . STINT expression
    (68) expression -> expression . FUEL_DELTA expression
    (69) expression -> expression . DEAD_HEAT expression
    (70) expression -> expression . OUTLAP expression
    (71) expression -> expression . UNDERCUT expression
    (72) expression -> expression . OVERCUT expression
    (73) expression -> expression . UNDEREQ expression
    (74) expression -> expression . OVEREQ expression
    (75) expression -> expression . BOTH_TYRES expression
    (76) expression -> expression . EITHER_TYRE expression
    (77) expression -> expression . SAFETY expression
    (78) expression -> expression . OVERTAKE expression
    (53) for_semi -> . STOP

    TOW             shift and go to state 78
    GAP             shift and go to state 79
    ERS             shift and go to state 80
    STINT           shift and go to state 81
    FUEL_DELTA      shift and go to state 82
    DEAD_HEAT       shift and go to state 83
    OUTLAP          shift and go to state 84
    UNDERCUT        shift and go to state 85
    OVERCUT         shift and go to state 86
    UNDEREQ         shift and go to state 87
    OVEREQ          shift and go to state 88
    BOTH_TYRES      shift and go to state 89
    EITHER_TYRE     shift and go to state 90
    SAFETY          shift and go to state 91
    OVERTAKE        shift and go to state 92
    STOP            shift and go to state 152

    for_semi                       shift and go to state 191

state 172

    (55) for_init -> expression for_semi .

    GAP             reduce using rule 55 (for_init -> expression for_semi .)
    REVERSE_GRID    reduce using rule 55 (for_init -> expression for_semi .)
    REVERSE         reduce using rule 55 (for_init -> expression for_semi .)
    CORNER          reduce using rule 55 (for_init -> expression for_semi .)
    ID              reduce using rule 55 (for_init -> expression for_semi .)
    SLIPSTREAM      reduce using rule 55 (for_init -> expression for_semi .)
    POSITION        reduce using rule 55 (for_init -> expression for_semi .)
    INT_LITERAL     reduce using rule 55 (for_init -> expression for_semi .)
    FLOAT_LITERAL   reduce using rule 55 (for_init -> expression for_semi .)
    STRING_LITERAL  reduce using rule 55 (for_init -> expression for_semi .)
    CHAR_LITERAL    reduce using rule 55 (for_init -> expression for_semi .)
    TRUE            reduce using rule 55 (for_init -> expression for_semi .)
    FALSE           reduce using rule 55 (for_init -> expression for_semi .)
    DNF             reduce using rule 55 (for_init -> expression for_semi .)


state 173

    (52) iteration_statement -> FORMATION_LAP CORNER for_semi for_semi . APEX compound_statement

    APEX            shift and go to state 192


state 174

    (54) for_init -> type_specifier ID . SETUP expression for_semi

    SETUP           shift and go to state 193


state 175

    (61) io_statement -> BROADCAST CORNER expression APEX . STOP

    STOP            shift and go to state 194


state 176

    (62) io_statement -> TELEMETRY CORNER ID APEX . STOP

    STOP            shift and go to state 195


state 177

    (15) parameter_declaration -> type_specifier ID .

    APEX            reduce using rule 15 (parameter_declaration -> type_specifier ID .)
    ALSO            reduce using rule 15 (parameter_declaration -> type_specifier ID .)


state 178

    (9) function_definition -> STRATEGY type_specifier ID CORNER parameter_list APEX . compound_statement
    (21) compound_statement -> . GARAGE block_item_list READY
    (22) compound_statement -> . GARAGE READY

    GARAGE          shift and go to state 19

    compound_statement             shift and go to state 196

state 179

    (14) parameter_list -> parameter_list ALSO . parameter_declaration
    (15) parameter_declaration -> . type_specifier ID
    (16) type_specifier -> . LAP
    (17) type_specifier -> . SPLIT
    (18) type_specifier -> . PITBOARD
    (19) type_specifier -> . YELLOW_FLAG
    (20) type_specifier -> . RADIO

    LAP             shift and go to state 13
    SPLIT           shift and go to state 14
    PITBOARD        shift and go to state 15
    YELLOW_FLAG     shift and go to state 16
    RADIO           shift and go to state 17

    parameter_declaration          shift and go to state 197
    type_specifier                 shift and go to state 156

state 180

    (10) function_definition -> STRATEGY type_specifier ID CORNER APEX compound_statement .

    RACE_START      reduce using rule 10 (function_definition -> STRATEGY type_specifier ID CORNER APEX compound_statement .)
    STRATEGY        reduce using rule 10 (function_definition -> STRATEGY type_specifier ID CORNER APEX compound_statement .)
    $end            reduce using rule 10 (function_definition -> STRATEGY type_specifier ID CORNER APEX compound_statement .)


state 181

    (11) function_definition -> STRATEGY NEUTRO ID CORNER parameter_list APEX . compound_statement
    (21) compound_statement -> . GARAGE block_item_list READY
    (22) compound_statement -> . GARAGE READY

    GARAGE          shift and go to state 19

    compound_statement             shift and go to state 198

state 182

    (12) function_definition -> STRATEGY NEUTRO ID CORNER APEX compound_statement .

    RACE_START      reduce using rule 12 (function_definition -> STRATEGY NEUTRO ID CORNER APEX compound_statement .)
    STRATEGY        reduce using rule 12 (function_definition -> STRATEGY NEUTRO ID CORNER APEX compound_statement .)
    $end            reduce using rule 12 (function_definition -> STRATEGY NEUTRO ID CORNER APEX compound_statement .)


state 183

    (27) declaration -> type_specifier ID SETUP expression STOP .

    READY           reduce using rule 27 (declaration -> type_specifier ID SETUP expression STOP .)
    VSC             reduce using rule 27 (declaration -> type_specifier ID SETUP expression STOP .)
    LAP             reduce using rule 27 (declaration -> type_specifier ID SETUP expression STOP .)
    SPLIT           reduce using rule 27 (declaration -> type_specifier ID SETUP expression STOP .)
    PITBOARD        reduce using rule 27 (declaration -> type_specifier ID SETUP expression STOP .)
    YELLOW_FLAG     reduce using rule 27 (declaration -> type_specifier ID SETUP expression STOP .)
    RADIO           reduce using rule 27 (declaration -> type_specifier ID SETUP expression STOP .)
    STOP            reduce using rule 27 (declaration -> type_specifier ID SETUP expression STOP .)
    GARAGE          reduce using rule 27 (declaration -> type_specifier ID SETUP expression STOP .)
    STRATEGY_CHECK  reduce using rule 27 (declaration -> type_specifier ID SETUP expression STOP .)
    GAP_CHECK       reduce using rule 27 (declaration -> type_specifier ID SETUP expression STOP .)
    PITWALL         reduce using rule 27 (declaration -> type_specifier ID SETUP expression STOP .)
    PUSH            reduce using rule 27 (declaration -> type_specifier ID SETUP expression STOP .)
    BOX             reduce using rule 27 (declaration -> type_specifier ID SETUP expression STOP .)
    FORMATION_LAP   reduce using rule 27 (declaration -> type_specifier ID SETUP expression STOP .)
    PODIO           reduce using rule 27 (declaration -> type_specifier ID SETUP expression STOP .)
    BOX_BOX         reduce using rule 27 (declaration -> type_specifier ID SETUP expression STOP .)
    DRS             reduce using rule 27 (declaration -> type_specifier ID SETUP expression STOP .)
    BROADCAST       reduce using rule 27 (declaration -> type_specifier ID SETUP expression STOP .)
    TELEMETRY       reduce using rule 27 (declaration -> type_specifier ID SETUP expression STOP .)
    CHECKERED_FLAG  reduce using rule 27 (declaration -> type_specifier ID SETUP expression STOP .)
    GAP             reduce using rule 27 (declaration -> type_specifier ID SETUP expression STOP .)
    REVERSE_GRID    reduce using rule 27 (declaration -> type_specifier ID SETUP expression STOP .)
    REVERSE         reduce using rule 27 (declaration -> type_specifier ID SETUP expression STOP .)
    CORNER          reduce using rule 27 (declaration -> type_specifier ID SETUP expression STOP .)
    ID              reduce using rule 27 (declaration -> type_specifier ID SETUP expression STOP .)
    SLIPSTREAM      reduce using rule 27 (declaration -> type_specifier ID SETUP expression STOP .)
    POSITION        reduce using rule 27 (declaration -> type_specifier ID SETUP expression STOP .)
    INT_LITERAL     reduce using rule 27 (declaration -> type_specifier ID SETUP expression STOP .)
    FLOAT_LITERAL   reduce using rule 27 (declaration -> type_specifier ID SETUP expression STOP .)
    STRING_LITERAL  reduce using rule 27 (declaration -> type_specifier ID SETUP expression STOP .)
    CHAR_LITERAL    reduce using rule 27 (declaration -> type_specifier ID SETUP expression STOP .)
    TRUE            reduce using rule 27 (declaration -> type_specifier ID SETUP expression STOP .)
    FALSE           reduce using rule 27 (declaration -> type_specifier ID SETUP expression STOP .)
    DNF             reduce using rule 27 (declaration -> type_specifier ID SETUP expression STOP .)
    SECTOR          reduce using rule 27 (declaration -> type_specifier ID SETUP expression STOP .)
    NO_DATA         reduce using rule 27 (declaration -> type_specifier ID SETUP expression STOP .)


state 184

    (95) argument_list -> argument_list ALSO expression .
    (64) expression -> expression . TOW expression
    (65) expression -> expression . GAP expression
    (66) expression -> expression . ERS expression
    (67) expression -> expression . STINT expression
    (68) expression -> expression . FUEL_DELTA expression
    (69) expression -> expression . DEAD_HEAT expression
    (70) expression -> expression . OUTLAP expression
    (71) expression -> expression . UNDERCUT expression
    (72) expression -> expression . OVERCUT expression
    (73) expression -> expression . UNDEREQ expression
    (74) expression -> expression . OVEREQ expression
    (75) expression -> expression . BOTH_TYRES expression
    (76) expression -> expression . EITHER_TYRE expression
    (77) expression -> expression . SAFETY expression
    (78) expression -> expression . OVERTAKE expression

    APEX            reduce using rule 95 (argument_list -> argument_list ALSO expression .)
    ALSO            reduce using rule 95 (argument_list -> argument_list ALSO expression .)
    TOW             shift and go to state 78
    GAP             shift and go to state 79
    ERS             shift and go to state 80
    STINT           shift and go to state 81
    FUEL_DELTA      shift and go to state 82
    DEAD_HEAT       shift and go to state 83
    OUTLAP          shift and go to state 84
    UNDERCUT        shift and go to state 85
    OVERCUT         shift and go to state 86
    UNDEREQ         shift and go to state 87
    OVEREQ          shift and go to state 88
    BOTH_TYRES      shift and go to state 89
    EITHER_TYRE     shift and go to state 90
    SAFETY          shift and go to state 91
    OVERTAKE        shift and go to state 92


state 185

    (29) declaration -> VSC type_specifier ID SETUP expression . STOP
    (64) expression -> expression . TOW expression
    (65) expression -> expression . GAP expression
    (66) expression -> expression . ERS expression
    (67) expression -> expression . STINT expression
    (68) expression -> expression . FUEL_DELTA expression
    (69) expression -> expression . DEAD_HEAT expression
    (70) expression -> expression . OUTLAP expression
    (71) expression -> expression . UNDERCUT expression
    (72) expression -> expression . OVERCUT expression
    (73) expression -> expression . UNDEREQ expression
    (74) expression -> expression . OVEREQ expression
    (75) expression -> expression . BOTH_TYRES expression
    (76) expression -> expression . EITHER_TYRE expression
    (77) expression -> expression . SAFETY expression
    (78) expression -> expression . OVERTAKE expression

    STOP            shift and go to state 199
    TOW             shift and go to state 78
    GAP             shift and go to state 79
    ERS             shift and go to state 80
    STINT           shift and go to state 81
    FUEL_DELTA      shift and go to state 82
    DEAD_HEAT       shift and go to state 83
    OUTLAP          shift and go to state 84
    UNDERCUT        shift and go to state 85
    OVERCUT         shift and go to state 86
    UNDEREQ         shift and go to state 87
    OVEREQ          shift and go to state 88
    BOTH_TYRES      shift and go to state 89
    EITHER_TYRE     shift and go to state 90
    SAFETY          shift and go to state 91
    OVERTAKE        shift and go to state 92


state 186

    (39) selection_statement -> STRATEGY_CHECK CORNER expression APEX compound_statement .
    (40) selection_statement -> STRATEGY_CHECK CORNER expression APEX compound_statement . STAY_OUT compound_statement
    (41) selection_statement -> STRATEGY_CHECK CORNER expression APEX compound_statement . STAY_OUT selection_statement

    READY           reduce using rule 39 (selection_statement -> STRATEGY_CHECK CORNER expression APEX compound_statement .)
    VSC             reduce using rule 39 (selection_statement -> STRATEGY_CHECK CORNER expression APEX compound_statement .)
    LAP             reduce using rule 39 (selection_statement -> STRATEGY_CHECK CORNER expression APEX compound_statement .)
    SPLIT           reduce using rule 39 (selection_statement -> STRATEGY_CHECK CORNER expression APEX compound_statement .)
    PITBOARD        reduce using rule 39 (selection_statement -> STRATEGY_CHECK CORNER expression APEX compound_statement .)
    YELLOW_FLAG     reduce using rule 39 (selection_statement -> STRATEGY_CHECK CORNER expression APEX compound_statement .)
    RADIO           reduce using rule 39 (selection_statement -> STRATEGY_CHECK CORNER expression APEX compound_statement .)
    STOP            reduce using rule 39 (selection_statement -> STRATEGY_CHECK CORNER expression APEX compound_statement .)
    GARAGE          reduce using rule 39 (selection_statement -> STRATEGY_CHECK CORNER expression APEX compound_statement .)
    STRATEGY_CHECK  reduce using rule 39 (selection_statement -> STRATEGY_CHECK CORNER expression APEX compound_statement .)
    GAP_CHECK       reduce using rule 39 (selection_statement -> STRATEGY_CHECK CORNER expression APEX compound_statement .)
    PITWALL         reduce using rule 39 (selection_statement -> STRATEGY_CHECK CORNER expression APEX compound_statement .)
    PUSH            reduce using rule 39 (selection_statement -> STRATEGY_CHECK CORNER expression APEX compound_statement .)
    BOX             reduce using rule 39 (selection_statement -> STRATEGY_CHECK CORNER expression APEX compound_statement .)
    FORMATION_LAP   reduce using rule 39 (selection_statement -> STRATEGY_CHECK CORNER expression APEX compound_statement .)
    PODIO           reduce using rule 39 (selection_statement -> STRATEGY_CHECK CORNER expression APEX compound_statement .)
    BOX_BOX         reduce using rule 39 (selection_statement -> STRATEGY_CHECK CORNER expression APEX compound_statement .)
    DRS             reduce using rule 39 (selection_statement -> STRATEGY_CHECK CORNER expression APEX compound_statement .)
    BROADCAST       reduce using rule 39 (selection_statement -> STRATEGY_CHECK CORNER expression APEX compound_statement .)
    TELEMETRY       reduce using rule 39 (selection_statement -> STRATEGY_CHECK CORNER expression APEX compound_statement .)
    CHECKERED_FLAG  reduce using rule 39 (selection_statement -> STRATEGY_CHECK CORNER expression APEX compound_statement .)
    GAP             reduce using rule 39 (selection_statement -> STRATEGY_CHECK CORNER expression APEX compound_statement .)
    REVERSE_GRID    reduce using rule 39 (selection_statement -> STRATEGY_CHECK CORNER expression APEX compound_statement .)
    REVERSE         reduce using rule 39 (selection_statement -> STRATEGY_CHECK CORNER expression APEX compound_statement .)
    CORNER          reduce using rule 39 (selection_statement -> STRATEGY_CHECK CORNER expression APEX compound_statement .)
    ID              reduce using rule 39 (selection_statement -> STRATEGY_CHECK CORNER expression APEX compound_statement .)
    SLIPSTREAM      reduce using rule 39 (selection_statement -> STRATEGY_CHECK CORNER expression APEX compound_statement .)
    POSITION        reduce using rule 39 (selection_statement -> STRATEGY_CHECK CORNER expression APEX compound_statement .)
    INT_LITERAL     reduce using rule 39 (selection_statement -> STRATEGY_CHECK CORNER expression APEX compound_statement .)
    FLOAT_LITERAL   reduce using rule 39 (selection_statement -> STRATEGY_CHECK CORNER expression APEX compound_statement .)
    STRING_LITERAL  reduce using rule 39 (selection_statement -> STRATEGY_CHECK CORNER expression APEX compound_statement .)
    CHAR_LITERAL    reduce using rule 39 (selection_statement -> STRATEGY_CHECK CORNER expression APEX compound_statement .)
    TRUE            reduce using rule 39 (selection_statement -> STRATEGY_CHECK CORNER expression APEX compound_statement .)
    FALSE           reduce using rule 39 (selection_statement -> STRATEGY_CHECK CORNER expression APEX compound_statement .)
    DNF             reduce using rule 39 (selection_statement -> STRATEGY_CHECK CORNER expression APEX compound_statement .)
    SECTOR          reduce using rule 39 (selection_statement -> STRATEGY_CHECK CORNER expression APEX compound_statement .)
    NO_DATA         reduce using rule 39 (selection_statement -> STRATEGY_CHECK CORNER expression APEX compound_statement .)
    STAY_OUT        shift and go to state 200


state 187

    (42) selection_statement -> GAP_CHECK CORNER expression APEX GARAGE . case_list READY
    (44) case_list -> . case_item
    (45) case_list -> . case_list case_item
    (46) case_item -> . SECTOR expression MARSHALL block_item_list
    (47) case_item -> . NO_DATA MARSHALL block_item_list

    SECTOR          shift and go to state 203
    NO_DATA         shift and go to state 204

    case_list                      shift and go to state 201
    case_item                      shift and go to state 202

state 188

    (43) selection_statement -> PITWALL CORNER expression APEX GARAGE . case_list READY
    (44) case_list -> . case_item
    (45) case_list -> . case_list case_item
    (46) case_item -> . SECTOR expression MARSHALL block_item_list
    (47) case_item -> . NO_DATA MARSHALL block_item_list

    SECTOR          shift and go to state 203
    NO_DATA         shift and go to state 204

    case_list                      shift and go to state 205
    case_item                      shift and go to state 202

state 189

    (48) iteration_statement -> PUSH CORNER expression APEX compound_statement .

    READY           reduce using rule 48 (iteration_statement -> PUSH CORNER expression APEX compound_statement .)
    VSC             reduce using rule 48 (iteration_statement -> PUSH CORNER expression APEX compound_statement .)
    LAP             reduce using rule 48 (iteration_statement -> PUSH CORNER expression APEX compound_statement .)
    SPLIT           reduce using rule 48 (iteration_statement -> PUSH CORNER expression APEX compound_statement .)
    PITBOARD        reduce using rule 48 (iteration_statement -> PUSH CORNER expression APEX compound_statement .)
    YELLOW_FLAG     reduce using rule 48 (iteration_statement -> PUSH CORNER expression APEX compound_statement .)
    RADIO           reduce using rule 48 (iteration_statement -> PUSH CORNER expression APEX compound_statement .)
    STOP            reduce using rule 48 (iteration_statement -> PUSH CORNER expression APEX compound_statement .)
    GARAGE          reduce using rule 48 (iteration_statement -> PUSH CORNER expression APEX compound_statement .)
    STRATEGY_CHECK  reduce using rule 48 (iteration_statement -> PUSH CORNER expression APEX compound_statement .)
    GAP_CHECK       reduce using rule 48 (iteration_statement -> PUSH CORNER expression APEX compound_statement .)
    PITWALL         reduce using rule 48 (iteration_statement -> PUSH CORNER expression APEX compound_statement .)
    PUSH            reduce using rule 48 (iteration_statement -> PUSH CORNER expression APEX compound_statement .)
    BOX             reduce using rule 48 (iteration_statement -> PUSH CORNER expression APEX compound_statement .)
    FORMATION_LAP   reduce using rule 48 (iteration_statement -> PUSH CORNER expression APEX compound_statement .)
    PODIO           reduce using rule 48 (iteration_statement -> PUSH CORNER expression APEX compound_statement .)
    BOX_BOX         reduce using rule 48 (iteration_statement -> PUSH CORNER expression APEX compound_statement .)
    DRS             reduce using rule 48 (iteration_statement -> PUSH CORNER expression APEX compound_statement .)
    BROADCAST       reduce using rule 48 (iteration_statement -> PUSH CORNER expression APEX compound_statement .)
    TELEMETRY       reduce using rule 48 (iteration_statement -> PUSH CORNER expression APEX compound_statement .)
    CHECKERED_FLAG  reduce using rule 48 (iteration_statement -> PUSH CORNER expression APEX compound_statement .)
    GAP             reduce using rule 48 (iteration_statement -> PUSH CORNER expression APEX compound_statement .)
    REVERSE_GRID    reduce using rule 48 (iteration_statement -> PUSH CORNER expression APEX compound_statement .)
    REVERSE         reduce using rule 48 (iteration_statement -> PUSH CORNER expression APEX compound_statement .)
    CORNER          reduce using rule 48 (iteration_statement -> PUSH CORNER expression APEX compound_statement .)
    ID              reduce using rule 48 (iteration_statement -> PUSH CORNER expression APEX compound_statement .)
    SLIPSTREAM      reduce using rule 48 (iteration_statement -> PUSH CORNER expression APEX compound_statement .)
    POSITION        reduce using rule 48 (iteration_statement -> PUSH CORNER expression APEX compound_statement .)
    INT_LITERAL     reduce using rule 48 (iteration_statement -> PUSH CORNER expression APEX compound_statement .)
    FLOAT_LITERAL   reduce using rule 48 (iteration_statement -> PUSH CORNER expression APEX compound_statement .)
    STRING_LITERAL  reduce using rule 48 (iteration_statement -> PUSH CORNER expression APEX compound_statement .)
    CHAR_LITERAL    reduce using rule 48 (iteration_statement -> PUSH CORNER expression APEX compound_statement .)
    TRUE            reduce using rule 48 (iteration_statement -> PUSH CORNER expression APEX compound_statement .)
    FALSE           reduce using rule 48 (iteration_statement -> PUSH CORNER expression APEX compound_statement .)
    DNF             reduce using rule 48 (iteration_statement -> PUSH CORNER expression APEX compound_statement .)
    SECTOR          reduce using rule 48 (iteration_statement -> PUSH CORNER expression APEX compound_statement .)
    NO_DATA         reduce using rule 48 (iteration_statement -> PUSH CORNER expression APEX compound_statement .)


state 190

    (49) iteration_statement -> BOX compound_statement PUSH CORNER expression . APEX STOP
    (64) expression -> expression . TOW expression
    (65) expression -> expression . GAP expression
    (66) expression -> expression . ERS expression
    (67) expression -> expression . STINT expression
    (68) expression -> expression . FUEL_DELTA expression
    (69) expression -> expression . DEAD_HEAT expression
    (70) expression -> expression . OUTLAP expression
    (71) expression -> expression . UNDERCUT expression
    (72) expression -> expression . OVERCUT expression
    (73) expression -> expression . UNDEREQ expression
    (74) expression -> expression . OVEREQ expression
    (75) expression -> expression . BOTH_TYRES expression
    (76) expression -> expression . EITHER_TYRE expression
    (77) expression -> expression . SAFETY expression
    (78) expression -> expression . OVERTAKE expression

    APEX            shift and go to state 206
    TOW             shift and go to state 78
    GAP             shift and go to state 79
    ERS             shift and go to state 80
    STINT           shift and go to state 81
    FUEL_DELTA      shift and go to state 82
    DEAD_HEAT       shift and go to state 83
    OUTLAP          shift and go to state 84
    UNDERCUT        shift and go to state 85
    OVERCUT         shift and go to state 86
    UNDEREQ         shift and go to state 87
    OVEREQ          shift and go to state 88
    BOTH_TYRES      shift and go to state 89
    EITHER_TYRE     shift and go to state 90
    SAFETY          shift and go to state 91
    OVERTAKE        shift and go to state 92


state 191

    (50) iteration_statement -> FORMATION_LAP CORNER for_init expression for_semi . expression APEX compound_statement
    (51) iteration_statement -> FORMATION_LAP CORNER for_init expression for_semi . APEX compound_statement
    (64) expression -> . expression TOW expression
    (65) expression -> . expression GAP expression
    (66) expression -> . expression ERS expression
    (67) expression -> . expression STINT expression
    (68) expression -> . expression FUEL_DELTA expression
    (69) expression -> . expression DEAD_HEAT expression
    (70) expression -> . expression OUTLAP expression
    (71) expression -> . expression UNDERCUT expression
    (72) expression -> . expression OVERCUT expression
    (73) expression -> . expression UNDEREQ expression
    (74) expression -> . expression OVEREQ expression
    (75) expression -> . expression BOTH_TYRES expression
    (76) expression -> . expression EITHER_TYRE expression
    (77) expression -> . expression SAFETY expression
    (78) expression -> . expression OVERTAKE expression
    (79) expression -> . GAP expression
    (80) expression -> . REVERSE_GRID expression
    (81) expression -> . REVERSE expression
    (82) expression -> . CORNER expression APEX
    (83) expression -> . ID SETUP expression
    (84) expression -> . ID PITSTOW expression
    (85) expression -> . ID PITGAP expression
    (86) expression -> . ID PITERS expression
    (87) expression -> . ID PITSTINT expression
    (88) expression -> . ID FASTLAP
    (89) expression -> . ID DEGRADATION
    (90) expression -> . SLIPSTREAM expression
    (91) expression -> . POSITION expression
    (92) expression -> . ID CORNER argument_list APEX
    (93) expression -> . ID CORNER APEX
    (96) expression -> . ID
    (97) expression -> . INT_LITERAL
    (98) expression -> . FLOAT_LITERAL
    (99) expression -> . STRING_LITERAL
    (100) expression -> . CHAR_LITERAL
    (101) expression -> . TRUE
    (102) expression -> . FALSE
    (103) expression -> . DNF

    APEX            shift and go to state 208
    GAP             shift and go to state 50
    REVERSE_GRID    shift and go to state 51
    REVERSE         shift and go to state 52
    CORNER          shift and go to state 38
    ID              shift and go to state 26
    SLIPSTREAM      shift and go to state 53
    POSITION        shift and go to state 54
    INT_LITERAL     shift and go to state 55
    FLOAT_LITERAL   shift and go to state 56
    STRING_LITERAL  shift and go to state 57
    CHAR_LITERAL    shift and go to state 58
    TRUE            shift and go to state 59
    FALSE           shift and go to state 60
    DNF             shift and go to state 61

    expression                     shift and go to state 207

state 192

    (52) iteration_statement -> FORMATION_LAP CORNER for_semi for_semi APEX . compound_statement
    (21) compound_statement -> . GARAGE block_item_list READY
    (22) compound_statement -> . GARAGE READY

    GARAGE          shift and go to state 19

    compound_statement             shift and go to state 209

state 193

    (54) for_init -> type_specifier ID SETUP . expression for_semi
    (64) expression -> . expression TOW expression
    (65) expression -> . expression GAP expression
    (66) expression -> . expression ERS expression
    (67) expression -> . expression STINT expression
    (68) expression -> . expression FUEL_DELTA expression
    (69) expression -> . expression DEAD_HEAT expression
    (70) expression -> . expression OUTLAP expression
    (71) expression -> . expression UNDERCUT expression
    (72) expression -> . expression OVERCUT expression
    (73) expression -> . expression UNDEREQ expression
    (74) expression -> . expression OVEREQ expression
    (75) expression -> . expression BOTH_TYRES expression
    (76) expression -> . expression EITHER_TYRE expression
    (77) expression -> . expression SAFETY expression
    (78) expression -> . expression OVERTAKE expression
    (79) expression -> . GAP expression
    (80) expression -> . REVERSE_GRID expression
    (81) expression -> . REVERSE expression
    (82) expression -> . CORNER expression APEX
    (83) expression -> . ID SETUP expression
    (84) expression -> . ID PITSTOW expression
    (85) expression -> . ID PITGAP expression
    (86) expression -> . ID PITERS expression
    (87) expression -> . ID PITSTINT expression
    (88) expression -> . ID FASTLAP
    (89) expression -> . ID DEGRADATION
    (90) expression -> . SLIPSTREAM expression
    (91) expression -> . POSITION expression
    (92) expression -> . ID CORNER argument_list APEX
    (93) expression -> . ID CORNER APEX
    (96) expression -> . ID
    (97) expression -> . INT_LITERAL
    (98) expression -> . FLOAT_LITERAL
    (99) expression -> . STRING_LITERAL
    (100) expression -> . CHAR_LITERAL
    (101) expression -> . TRUE
    (102) expression -> . FALSE
    (103) expression -> . DNF

    GAP             shift and go to state 50
    REVERSE_GRID    shift and go to state 51
    REVERSE         shift and go to state 52
    CORNER          shift and go to state 38
    ID              shift and go to state 26
    SLIPSTREAM      shift and go to state 53
    POSITION        shift and go to state 54
    INT_LITERAL     shift and go to state 55
    FLOAT_LITERAL   shift and go to state 56
    STRING_LITERAL  shift and go to state 57
    CHAR_LITERAL    shift and go to state 58
    TRUE            shift and go to state 59
    FALSE           shift and go to state 60
    DNF             shift and go to state 61

    expression                     shift and go to state 210

state 194

    (61) io_statement -> BROADCAST CORNER expression APEX STOP .

    READY           reduce using rule 61 (io_statement -> BROADCAST CORNER expression APEX STOP .)
    VSC             reduce using rule 61 (io_statement -> BROADCAST CORNER expression APEX STOP .)
    LAP             reduce using rule 61 (io_statement -> BROADCAST CORNER expression APEX STOP .)
    SPLIT           reduce using rule 61 (io_statement -> BROADCAST CORNER expression APEX STOP .)
    PITBOARD        reduce using rule 61 (io_statement -> BROADCAST CORNER expression APEX STOP .)
    YELLOW_FLAG     reduce using rule 61 (io_statement -> BROADCAST CORNER expression APEX STOP .)
    RADIO           reduce using rule 61 (io_statement -> BROADCAST CORNER expression APEX STOP .)
    STOP            reduce using rule 61 (io_statement -> BROADCAST CORNER expression APEX STOP .)
    GARAGE          reduce using rule 61 (io_statement -> BROADCAST CORNER expression APEX STOP .)
    STRATEGY_CHECK  reduce using rule 61 (io_statement -> BROADCAST CORNER expression APEX STOP .)
    GAP_CHECK       reduce using rule 61 (io_statement -> BROADCAST CORNER expression APEX STOP .)
    PITWALL         reduce using rule 61 (io_statement -> BROADCAST CORNER expression APEX STOP .)
    PUSH            reduce using rule 61 (io_statement -> BROADCAST CORNER expression APEX STOP .)
    BOX             reduce using rule 61 (io_statement -> BROADCAST CORNER expression APEX STOP .)
    FORMATION_LAP   reduce using rule 61 (io_statement -> BROADCAST CORNER expression APEX STOP .)
    PODIO           reduce using rule 61 (io_statement -> BROADCAST CORNER expression APEX STOP .)
    BOX_BOX         reduce using rule 61 (io_statement -> BROADCAST CORNER expression APEX STOP .)
    DRS             reduce using rule 61 (io_statement -> BROADCAST CORNER expression APEX STOP .)
    BROADCAST       reduce using rule 61 (io_statement -> BROADCAST CORNER expression APEX STOP .)
    TELEMETRY       reduce using rule 61 (io_statement -> BROADCAST CORNER expression APEX STOP .)
    CHECKERED_FLAG  reduce using rule 61 (io_statement -> BROADCAST CORNER expression APEX STOP .)
    GAP             reduce using rule 61 (io_statement -> BROADCAST CORNER expression APEX STOP .)
    REVERSE_GRID    reduce using rule 61 (io_statement -> BROADCAST CORNER expression APEX STOP .)
    REVERSE         reduce using rule 61 (io_statement -> BROADCAST CORNER expression APEX STOP .)
    CORNER          reduce using rule 61 (io_statement -> BROADCAST CORNER expression APEX STOP .)
    ID              reduce using rule 61 (io_statement -> BROADCAST CORNER expression APEX STOP .)
    SLIPSTREAM      reduce using rule 61 (io_statement -> BROADCAST CORNER expression APEX STOP .)
    POSITION        reduce using rule 61 (io_statement -> BROADCAST CORNER expression APEX STOP .)
    INT_LITERAL     reduce using rule 61 (io_statement -> BROADCAST CORNER expression APEX STOP .)
    FLOAT_LITERAL   reduce using rule 61 (io_statement -> BROADCAST CORNER expression APEX STOP .)
    STRING_LITERAL  reduce using rule 61 (io_statement -> BROADCAST CORNER expression APEX STOP .)
    CHAR_LITERAL    reduce using rule 61 (io_statement -> BROADCAST CORNER expression APEX STOP .)
    TRUE            reduce using rule 61 (io_statement -> BROADCAST CORNER expression APEX STOP .)
    FALSE           reduce using rule 61 (io_statement -> BROADCAST CORNER expression APEX STOP .)
    DNF             reduce using rule 61 (io_statement -> BROADCAST CORNER expression APEX STOP .)
    SECTOR          reduce using rule 61 (io_statement -> BROADCAST CORNER expression APEX STOP .)
    NO_DATA         reduce using rule 61 (io_statement -> BROADCAST CORNER expression APEX STOP .)


state 195

    (62) io_statement -> TELEMETRY CORNER ID APEX STOP .

    READY           reduce using rule 62 (io_statement -> TELEMETRY CORNER ID APEX STOP .)
    VSC             reduce using rule 62 (io_statement -> TELEMETRY CORNER ID APEX STOP .)
    LAP             reduce using rule 62 (io_statement -> TELEMETRY CORNER ID APEX STOP .)
    SPLIT           reduce using rule 62 (io_statement -> TELEMETRY CORNER ID APEX STOP .)
    PITBOARD        reduce using rule 62 (io_statement -> TELEMETRY CORNER ID APEX STOP .)
    YELLOW_FLAG     reduce using rule 62 (io_statement -> TELEMETRY CORNER ID APEX STOP .)
    RADIO           reduce using rule 62 (io_statement -> TELEMETRY CORNER ID APEX STOP .)
    STOP            reduce using rule 62 (io_statement -> TELEMETRY CORNER ID APEX STOP .)
    GARAGE          reduce using rule 62 (io_statement -> TELEMETRY CORNER ID APEX STOP .)
    STRATEGY_CHECK  reduce using rule 62 (io_statement -> TELEMETRY CORNER ID APEX STOP .)
    GAP_CHECK       reduce using rule 62 (io_statement -> TELEMETRY CORNER ID APEX STOP .)
    PITWALL         reduce using rule 62 (io_statement -> TELEMETRY CORNER ID APEX STOP .)
    PUSH            reduce using rule 62 (io_statement -> TELEMETRY CORNER ID APEX STOP .)
    BOX             reduce using rule 62 (io_statement -> TELEMETRY CORNER ID APEX STOP .)
    FORMATION_LAP   reduce using rule 62 (io_statement -> TELEMETRY CORNER ID APEX STOP .)
    PODIO           reduce using rule 62 (io_statement -> TELEMETRY CORNER ID APEX STOP .)
    BOX_BOX         reduce using rule 62 (io_statement -> TELEMETRY CORNER ID APEX STOP .)
    DRS             reduce using rule 62 (io_statement -> TELEMETRY CORNER ID APEX STOP .)
    BROADCAST       reduce using rule 62 (io_statement -> TELEMETRY CORNER ID APEX STOP .)
    TELEMETRY       reduce using rule 62 (io_statement -> TELEMETRY CORNER ID APEX STOP .)
    CHECKERED_FLAG  reduce using rule 62 (io_statement -> TELEMETRY CORNER ID APEX STOP .)
    GAP             reduce using rule 62 (io_statement -> TELEMETRY CORNER ID APEX STOP .)
    REVERSE_GRID    reduce using rule 62 (io_statement -> TELEMETRY CORNER ID APEX STOP .)
    REVERSE         reduce using rule 62 (io_statement -> TELEMETRY CORNER ID APEX STOP .)
    CORNER          reduce using rule 62 (io_statement -> TELEMETRY CORNER ID APEX STOP .)
    ID              reduce using rule 62 (io_statement -> TELEMETRY CORNER ID APEX STOP .)
    SLIPSTREAM      reduce using rule 62 (io_statement -> TELEMETRY CORNER ID APEX STOP .)
    POSITION        reduce using rule 62 (io_statement -> TELEMETRY CORNER ID APEX STOP .)
    INT_LITERAL     reduce using rule 62 (io_statement -> TELEMETRY CORNER ID APEX STOP .)
    FLOAT_LITERAL   reduce using rule 62 (io_statement -> TELEMETRY CORNER ID APEX STOP .)
    STRING_LITERAL  reduce using rule 62 (io_statement -> TELEMETRY CORNER ID APEX STOP .)
    CHAR_LITERAL    reduce using rule 62 (io_statement -> TELEMETRY CORNER ID APEX STOP .)
    TRUE            reduce using rule 62 (io_statement -> TELEMETRY CORNER ID APEX STOP .)
    FALSE           reduce using rule 62 (io_statement -> TELEMETRY CORNER ID APEX STOP .)
    DNF             reduce using rule 62 (io_statement -> TELEMETRY CORNER ID APEX STOP .)
    SECTOR          reduce using rule 62 (io_statement -> TELEMETRY CORNER ID APEX STOP .)
    NO_DATA         reduce using rule 62 (io_statement -> TELEMETRY CORNER ID APEX STOP .)


state 196

    (9) function_definition -> STRATEGY type_specifier ID CORNER parameter_list APEX compound_statement .

    RACE_START      reduce using rule 9 (function_definition -> STRATEGY type_specifier ID CORNER parameter_list APEX compound_statement .)
    STRATEGY        reduce using rule 9 (function_definition -> STRATEGY type_specifier ID CORNER parameter_list APEX compound_statement .)
    $end            reduce using rule 9 (function_definition -> STRATEGY type_specifier ID CORNER parameter_list APEX compound_statement .)


state 197

    (14) parameter_list -> parameter_list ALSO parameter_declaration .

    APEX            reduce using rule 14 (parameter_list -> parameter_list ALSO parameter_declaration .)
    ALSO            reduce using rule 14 (parameter_list -> parameter_list ALSO parameter_declaration .)


state 198

    (11) function_definition -> STRATEGY NEUTRO ID CORNER parameter_list APEX compound_statement .

    RACE_START      reduce using rule 11 (function_definition -> STRATEGY NEUTRO ID CORNER parameter_list APEX compound_statement .)
    STRATEGY        reduce using rule 11 (function_definition -> STRATEGY NEUTRO ID CORNER parameter_list APEX compound_statement .)
    $end            reduce using rule 11 (function_definition -> STRATEGY NEUTRO ID CORNER parameter_list APEX compound_statement .)


state 199

    (29) declaration -> VSC type_specifier ID SETUP expression STOP .

    READY           reduce using rule 29 (declaration -> VSC type_specifier ID SETUP expression STOP .)
    VSC             reduce using rule 29 (declaration -> VSC type_specifier ID SETUP expression STOP .)
    LAP             reduce using rule 29 (declaration -> VSC type_specifier ID SETUP expression STOP .)
    SPLIT           reduce using rule 29 (declaration -> VSC type_specifier ID SETUP expression STOP .)
    PITBOARD        reduce using rule 29 (declaration -> VSC type_specifier ID SETUP expression STOP .)
    YELLOW_FLAG     reduce using rule 29 (declaration -> VSC type_specifier ID SETUP expression STOP .)
    RADIO           reduce using rule 29 (declaration -> VSC type_specifier ID SETUP expression STOP .)
    STOP            reduce using rule 29 (declaration -> VSC type_specifier ID SETUP expression STOP .)
    GARAGE          reduce using rule 29 (declaration -> VSC type_specifier ID SETUP expression STOP .)
    STRATEGY_CHECK  reduce using rule 29 (declaration -> VSC type_specifier ID SETUP expression STOP .)
    GAP_CHECK       reduce using rule 29 (declaration -> VSC type_specifier ID SETUP expression STOP .)
    PITWALL         reduce using rule 29 (declaration -> VSC type_specifier ID SETUP expression STOP .)
    PUSH            reduce using rule 29 (declaration -> VSC type_specifier ID SETUP expression STOP .)
    BOX             reduce using rule 29 (declaration -> VSC type_specifier ID SETUP expression STOP .)
    FORMATION_LAP   reduce using rule 29 (declaration -> VSC type_specifier ID SETUP expression STOP .)
    PODIO           reduce using rule 29 (declaration -> VSC type_specifier ID SETUP expression STOP .)
    BOX_BOX         reduce using rule 29 (declaration -> VSC type_specifier ID SETUP expression STOP .)
    DRS             reduce using rule 29 (declaration -> VSC type_specifier ID SETUP expression STOP .)
    BROADCAST       reduce using rule 29 (declaration -> VSC type_specifier ID SETUP expression STOP .)
    TELEMETRY       reduce using rule 29 (declaration -> VSC type_specifier ID SETUP expression STOP .)
    CHECKERED_FLAG  reduce using rule 29 (declaration -> VSC type_specifier ID SETUP expression STOP .)
    GAP             reduce using rule 29 (declaration -> VSC type_specifier ID SETUP expression STOP .)
    REVERSE_GRID    reduce using rule 29 (declaration -> VSC type_specifier ID SETUP expression STOP .)
    REVERSE         reduce using rule 29 (declaration -> VSC type_specifier ID SETUP expression STOP .)
    CORNER          reduce using rule 29 (declaration -> VSC type_specifier ID SETUP expression STOP .)
    ID              reduce using rule 29 (declaration -> VSC type_specifier ID SETUP expression STOP .)
    SLIPSTREAM      reduce using rule 29 (declaration -> VSC type_specifier ID SETUP expression STOP .)
    POSITION        reduce using rule 29 (declaration -> VSC type_specifier ID SETUP expression STOP .)
    INT_LITERAL     reduce using rule 29 (declaration -> VSC type_specifier ID SETUP expression STOP .)
    FLOAT_LITERAL   reduce using rule 29 (declaration -> VSC type_specifier ID SETUP expression STOP .)
    STRING_LITERAL  reduce using rule 29 (declaration -> VSC type_specifier ID SETUP expression STOP .)
    CHAR_LITERAL    reduce using rule 29 (declaration -> VSC type_specifier ID SETUP expression STOP .)
    TRUE            reduce using rule 29 (declaration -> VSC type_specifier ID SETUP expression STOP .)
    FALSE           reduce using rule 29 (declaration -> VSC type_specifier ID SETUP expression STOP .)
    DNF             reduce using rule 29 (declaration -> VSC type_specifier ID SETUP expression STOP .)
    SECTOR          reduce using rule 29 (declaration -> VSC type_specifier ID SETUP expression STOP .)
    NO_DATA         reduce using rule 29 (declaration -> VSC type_specifier ID SETUP expression STOP .)


state 200

    (40) selection_statement -> STRATEGY_CHECK CORNER expression APEX compound_statement STAY_OUT . compound_statement
    (41) selection_statement -> STRATEGY_CHECK CORNER expression APEX compound_statement STAY_OUT . selection_statement
    (21) compound_statement -> . GARAGE block_item_list READY
    (22) compound_statement -> . GARAGE READY
    (39) selection_statement -> . STRATEGY_CHECK CORNER expression APEX compound_statement
    (40) selection_statement -> . STRATEGY_CHECK CORNER expression APEX compound_statement STAY_OUT compound_statement
    (41) selection_statement -> . STRATEGY_CHECK CORNER expression APEX compound_statement STAY_OUT selection_statement
    (42) selection_statement -> . GAP_CHECK CORNER expression APEX GARAGE case_list READY
    (43) selection_statement -> . PITWALL CORNER expression APEX GARAGE case_list READY

    GARAGE          shift and go to state 19
    STRATEGY_CHECK  shift and go to state 37
    GAP_CHECK       shift and go to state 39
    PITWALL         shift and go to state 40

    compound_statement             shift and go to state 211
    selection_statement            shift and go to state 212

state 201

    (42) selection_statement -> GAP_CHECK CORNER expression APEX GARAGE case_list . READY
    (45) case_list -> case_list . case_item
    (46) case_item -> . SECTOR expression MARSHALL block_item_list
    (47) case_item -> . NO_DATA MARSHALL block_item_list

    READY           shift and go to state 213
    SECTOR          shift and go to state 203
    NO_DATA         shift and go to state 204

    case_item                      shift and go to state 214

state 202

    (44) case_list -> case_item .

    READY           reduce using rule 44 (case_list -> case_item .)
    SECTOR          reduce using rule 44 (case_list -> case_item .)
    NO_DATA         reduce using rule 44 (case_list -> case_item .)


state 203

    (46) case_item -> SECTOR . expression MARSHALL block_item_list
    (64) expression -> . expression TOW expression
    (65) expression -> . expression GAP expression
    (66) expression -> . expression ERS expression
    (67) expression -> . expression STINT expression
    (68) expression -> . expression FUEL_DELTA expression
    (69) expression -> . expression DEAD_HEAT expression
    (70) expression -> . expression OUTLAP expression
    (71) expression -> . expression UNDERCUT expression
    (72) expression -> . expression OVERCUT expression
    (73) expression -> . expression UNDEREQ expression
    (74) expression -> . expression OVEREQ expression
    (75) expression -> . expression BOTH_TYRES expression
    (76) expression -> . expression EITHER_TYRE expression
    (77) expression -> . expression SAFETY expression
    (78) expression -> . expression OVERTAKE expression
    (79) expression -> . GAP expression
    (80) expression -> . REVERSE_GRID expression
    (81) expression -> . REVERSE expression
    (82) expression -> . CORNER expression APEX
    (83) expression -> . ID SETUP expression
    (84) expression -> . ID PITSTOW expression
    (85) expression -> . ID PITGAP expression
    (86) expression -> . ID PITERS expression
    (87) expression -> . ID PITSTINT expression
    (88) expression -> . ID FASTLAP
    (89) expression -> . ID DEGRADATION
    (90) expression -> . SLIPSTREAM expression
    (91) expression -> . POSITION expression
    (92) expression -> . ID CORNER argument_list APEX
    (93) expression -> . ID CORNER APEX
    (96) expression -> . ID
    (97) expression -> . INT_LITERAL
    (98) expression -> . FLOAT_LITERAL
    (99) expression -> . STRING_LITERAL
    (100) expression -> . CHAR_LITERAL
    (101) expression -> . TRUE
    (102) expression -> . FALSE
    (103) expression -> . DNF

    GAP             shift and go to state 50
    REVERSE_GRID    shift and go to state 51
    REVERSE         shift and go to state 52
    CORNER          shift and go to state 38
    ID              shift and go to state 26
    SLIPSTREAM      shift and go to state 53
    POSITION        shift and go to state 54
    INT_LITERAL     shift and go to state 55
    FLOAT_LITERAL   shift and go to state 56
    STRING_LITERAL  shift and go to state 57
    CHAR_LITERAL    shift and go to state 58
    TRUE            shift and go to state 59
    FALSE           shift and go to state 60
    DNF             shift and go to state 61

    expression                     shift and go to state 215

state 204

    (47) case_item -> NO_DATA . MARSHALL block_item_list

    MARSHALL        shift and go to state 216


state 205

    (43) selection_statement -> PITWALL CORNER expression APEX GARAGE case_list . READY
    (45) case_list -> case_list . case_item
    (46) case_item -> . SECTOR expression MARSHALL block_item_list
    (47) case_item -> . NO_DATA MARSHALL block_item_list

    READY           shift and go to state 217
    SECTOR          shift and go to state 203
    NO_DATA         shift and go to state 204

    case_item                      shift and go to state 214

state 206

    (49) iteration_statement -> BOX compound_statement PUSH CORNER expression APEX . STOP

    STOP            shift and go to state 218


state 207

    (50) iteration_statement -> FORMATION_LAP CORNER for_init expression for_semi expression . APEX compound_statement
    (64) expression -> expression . TOW expression
    (65) expression -> expression . GAP expression
    (66) expression -> expression . ERS expression
    (67) expression -> expression . STINT expression
    (68) expression -> expression . FUEL_DELTA expression
    (69) expression -> expression . DEAD_HEAT expression
    (70) expression -> expression . OUTLAP expression
    (71) expression -> expression . UNDERCUT expression
    (72) expression -> expression . OVERCUT expression
    (73) expression -> expression . UNDEREQ expression
    (74) expression -> expression . OVEREQ expression
    (75) expression -> expression . BOTH_TYRES expression
    (76) expression -> expression . EITHER_TYRE expression
    (77) expression -> expression . SAFETY expression
    (78) expression -> expression . OVERTAKE expression

    APEX            shift and go to state 219
    TOW             shift and go to state 78
    GAP             shift and go to state 79
    ERS             shift and go to state 80
    STINT           shift and go to state 81
    FUEL_DELTA      shift and go to state 82
    DEAD_HEAT       shift and go to state 83
    OUTLAP          shift and go to state 84
    UNDERCUT        shift and go to state 85
    OVERCUT         shift and go to state 86
    UNDEREQ         shift and go to state 87
    OVEREQ          shift and go to state 88
    BOTH_TYRES      shift and go to state 89
    EITHER_TYRE     shift and go to state 90
    SAFETY          shift and go to state 91
    OVERTAKE        shift and go to state 92


state 208

    (51) iteration_statement -> FORMATION_LAP CORNER for_init expression for_semi APEX . compound_statement
    (21) compound_statement -> . GARAGE block_item_list READY
    (22) compound_statement -> . GARAGE READY

    GARAGE          shift and go to state 19

    compound_statement             shift and go to state 220

state 209

    (52) iteration_statement -> FORMATION_LAP CORNER for_semi for_semi APEX compound_statement .

    READY           reduce using rule 52 (iteration_statement -> FORMATION_LAP CORNER for_semi for_semi APEX compound_statement .)
    VSC             reduce using rule 52 (iteration_statement -> FORMATION_LAP CORNER for_semi for_semi APEX compound_statement .)
    LAP             reduce using rule 52 (iteration_statement -> FORMATION_LAP CORNER for_semi for_semi APEX compound_statement .)
    SPLIT           reduce using rule 52 (iteration_statement -> FORMATION_LAP CORNER for_semi for_semi APEX compound_statement .)
    PITBOARD        reduce using rule 52 (iteration_statement -> FORMATION_LAP CORNER for_semi for_semi APEX compound_statement .)
    YELLOW_FLAG     reduce using rule 52 (iteration_statement -> FORMATION_LAP CORNER for_semi for_semi APEX compound_statement .)
    RADIO           reduce using rule 52 (iteration_statement -> FORMATION_LAP CORNER for_semi for_semi APEX compound_statement .)
    STOP            reduce using rule 52 (iteration_statement -> FORMATION_LAP CORNER for_semi for_semi APEX compound_statement .)
    GARAGE          reduce using rule 52 (iteration_statement -> FORMATION_LAP CORNER for_semi for_semi APEX compound_statement .)
    STRATEGY_CHECK  reduce using rule 52 (iteration_statement -> FORMATION_LAP CORNER for_semi for_semi APEX compound_statement .)
    GAP_CHECK       reduce using rule 52 (iteration_statement -> FORMATION_LAP CORNER for_semi for_semi APEX compound_statement .)
    PITWALL         reduce using rule 52 (iteration_statement -> FORMATION_LAP CORNER for_semi for_semi APEX compound_statement .)
    PUSH            reduce using rule 52 (iteration_statement -> FORMATION_LAP CORNER for_semi for_semi APEX compound_statement .)
    BOX             reduce using rule 52 (iteration_statement -> FORMATION_LAP CORNER for_semi for_semi APEX compound_statement .)
    FORMATION_LAP   reduce using rule 52 (iteration_statement -> FORMATION_LAP CORNER for_semi for_semi APEX compound_statement .)
    PODIO           reduce using rule 52 (iteration_statement -> FORMATION_LAP CORNER for_semi for_semi APEX compound_statement .)
    BOX_BOX         reduce using rule 52 (iteration_statement -> FORMATION_LAP CORNER for_semi for_semi APEX compound_statement .)
    DRS             reduce using rule 52 (iteration_statement -> FORMATION_LAP CORNER for_semi for_semi APEX compound_statement .)
    BROADCAST       reduce using rule 52 (iteration_statement -> FORMATION_LAP CORNER for_semi for_semi APEX compound_statement .)
    TELEMETRY       reduce using rule 52 (iteration_statement -> FORMATION_LAP CORNER for_semi for_semi APEX compound_statement .)
    CHECKERED_FLAG  reduce using rule 52 (iteration_statement -> FORMATION_LAP CORNER for_semi for_semi APEX compound_statement .)
    GAP             reduce using rule 52 (iteration_statement -> FORMATION_LAP CORNER for_semi for_semi APEX compound_statement .)
    REVERSE_GRID    reduce using rule 52 (iteration_statement -> FORMATION_LAP CORNER for_semi for_semi APEX compound_statement .)
    REVERSE         reduce using rule 52 (iteration_statement -> FORMATION_LAP CORNER for_semi for_semi APEX compound_statement .)
    CORNER          reduce using rule 52 (iteration_statement -> FORMATION_LAP CORNER for_semi for_semi APEX compound_statement .)
    ID              reduce using rule 52 (iteration_statement -> FORMATION_LAP CORNER for_semi for_semi APEX compound_statement .)
    SLIPSTREAM      reduce using rule 52 (iteration_statement -> FORMATION_LAP CORNER for_semi for_semi APEX compound_statement .)
    POSITION        reduce using rule 52 (iteration_statement -> FORMATION_LAP CORNER for_semi for_semi APEX compound_statement .)
    INT_LITERAL     reduce using rule 52 (iteration_statement -> FORMATION_LAP CORNER for_semi for_semi APEX compound_statement .)
    FLOAT_LITERAL   reduce using rule 52 (iteration_statement -> FORMATION_LAP CORNER for_semi for_semi APEX compound_statement .)
    STRING_LITERAL  reduce using rule 52 (iteration_statement -> FORMATION_LAP CORNER for_semi for_semi APEX compound_statement .)
    CHAR_LITERAL    reduce using rule 52 (iteration_statement -> FORMATION_LAP CORNER for_semi for_semi APEX compound_statement .)
    TRUE            reduce using rule 52 (iteration_statement -> FORMATION_LAP CORNER for_semi for_semi APEX compound_statement .)
    FALSE           reduce using rule 52 (iteration_statement -> FORMATION_LAP CORNER for_semi for_semi APEX compound_statement .)
    DNF             reduce using rule 52 (iteration_statement -> FORMATION_LAP CORNER for_semi for_semi APEX compound_statement .)
    SECTOR          reduce using rule 52 (iteration_statement -> FORMATION_LAP CORNER for_semi for_semi APEX compound_statement .)
    NO_DATA         reduce using rule 52 (iteration_statement -> FORMATION_LAP CORNER for_semi for_semi APEX compound_statement .)


state 210

    (54) for_init -> type_specifier ID SETUP expression . for_semi
    (64) expression -> expression . TOW expression
    (65) expression -> expression . GAP expression
    (66) expression -> expression . ERS expression
    (67) expression -> expression . STINT expression
    (68) expression -> expression . FUEL_DELTA expression
    (69) expression -> expression . DEAD_HEAT expression
    (70) expression -> expression . OUTLAP expression
    (71) expression -> expression . UNDERCUT expression
    (72) expression -> expression . OVERCUT expression
    (73) expression -> expression . UNDEREQ expression
    (74) expression -> expression . OVEREQ expression
    (75) expression -> expression . BOTH_TYRES expression
    (76) expression -> expression . EITHER_TYRE expression
    (77) expression -> expression . SAFETY expression
    (78) expression -> expression . OVERTAKE expression
    (53) for_semi -> . STOP

    TOW             shift and go to state 78
    GAP             shift and go to state 79
    ERS             shift and go to state 80
    STINT           shift and go to state 81
    FUEL_DELTA      shift and go to state 82
    DEAD_HEAT       shift and go to state 83
    OUTLAP          shift and go to state 84
    UNDERCUT        shift and go to state 85
    OVERCUT         shift and go to state 86
    UNDEREQ         shift and go to state 87
    OVEREQ          shift and go to state 88
    BOTH_TYRES      shift and go to state 89
    EITHER_TYRE     shift and go to state 90
    SAFETY          shift and go to state 91
    OVERTAKE        shift and go to state 92
    STOP            shift and go to state 152

    for_semi                       shift and go to state 221

state 211

    (40) selection_statement -> STRATEGY_CHECK CORNER expression APEX compound_statement STAY_OUT compound_statement .

    READY           reduce using rule 40 (selection_statement -> STRATEGY_CHECK CORNER expression APEX compound_statement STAY_OUT compound_statement .)
    VSC             reduce using rule 40 (selection_statement -> STRATEGY_CHECK CORNER expression APEX compound_statement STAY_OUT compound_statement .)
    LAP             reduce using rule 40 (selection_statement -> STRATEGY_CHECK CORNER expression APEX compound_statement STAY_OUT compound_statement .)
    SPLIT           reduce using rule 40 (selection_statement -> STRATEGY_CHECK CORNER expression APEX compound_statement STAY_OUT compound_statement .)
    PITBOARD        reduce using rule 40 (selection_statement -> STRATEGY_CHECK CORNER expression APEX compound_statement STAY_OUT compound_statement .)
    YELLOW_FLAG     reduce using rule 40 (selection_statement -> STRATEGY_CHECK CORNER expression APEX compound_statement STAY_OUT compound_statement .)
    RADIO           reduce using rule 40 (selection_statement -> STRATEGY_CHECK CORNER expression APEX compound_statement STAY_OUT compound_statement .)
    STOP            reduce using rule 40 (selection_statement -> STRATEGY_CHECK CORNER expression APEX compound_statement STAY_OUT compound_statement .)
    GARAGE          reduce using rule 40 (selection_statement -> STRATEGY_CHECK CORNER expression APEX compound_statement STAY_OUT compound_statement .)
    STRATEGY_CHECK  reduce using rule 40 (selection_statement -> STRATEGY_CHECK CORNER expression APEX compound_statement STAY_OUT compound_statement .)
    GAP_CHECK       reduce using rule 40 (selection_statement -> STRATEGY_CHECK CORNER expression APEX compound_statement STAY_OUT compound_statement .)
    PITWALL         reduce using rule 40 (selection_statement -> STRATEGY_CHECK CORNER expression APEX compound_statement STAY_OUT compound_statement .)
    PUSH            reduce using rule 40 (selection_statement -> STRATEGY_CHECK CORNER expression APEX compound_statement STAY_OUT compound_statement .)
    BOX             reduce using rule 40 (selection_statement -> STRATEGY_CHECK CORNER expression APEX compound_statement STAY_OUT compound_statement .)
    FORMATION_LAP   reduce using rule 40 (selection_statement -> STRATEGY_CHECK CORNER expression APEX compound_statement STAY_OUT compound_statement .)
    PODIO           reduce using rule 40 (selection_statement -> STRATEGY_CHECK CORNER expression APEX compound_statement STAY_OUT compound_statement .)
    BOX_BOX         reduce using rule 40 (selection_statement -> STRATEGY_CHECK CORNER expression APEX compound_statement STAY_OUT compound_statement .)
    DRS             reduce using rule 40 (selection_statement -> STRATEGY_CHECK CORNER expression APEX compound_statement STAY_OUT compound_statement .)
    BROADCAST       reduce using rule 40 (selection_statement -> STRATEGY_CHECK CORNER expression APEX compound_statement STAY_OUT compound_statement .)
    TELEMETRY       reduce using rule 40 (selection_statement -> STRATEGY_CHECK CORNER expression APEX compound_statement STAY_OUT compound_statement .)
    CHECKERED_FLAG  reduce using rule 40 (selection_statement -> STRATEGY_CHECK CORNER expression APEX compound_statement STAY_OUT compound_statement .)
    GAP             reduce using rule 40 (selection_statement -> STRATEGY_CHECK CORNER expression APEX compound_statement STAY_OUT compound_statement .)
    REVERSE_GRID    reduce using rule 40 (selection_statement -> STRATEGY_CHECK CORNER expression APEX compound_statement STAY_OUT compound_statement .)
    REVERSE         reduce using rule 40 (selection_statement -> STRATEGY_CHECK CORNER expression APEX compound_statement STAY_OUT compound_statement .)
    CORNER          reduce using rule 40 (selection_statement -> STRATEGY_CHECK CORNER expression APEX compound_statement STAY_OUT compound_statement .)
    ID              reduce using rule 40 (selection_statement -> STRATEGY_CHECK CORNER expression APEX compound_statement STAY_OUT compound_statement .)
    SLIPSTREAM      reduce using rule 40 (selection_statement -> STRATEGY_CHECK CORNER expression APEX compound_statement STAY_OUT compound_statement .)
    POSITION        reduce using rule 40 (selection_statement -> STRATEGY_CHECK CORNER expression APEX compound_statement STAY_OUT compound_statement .)
    INT_LITERAL     reduce using rule 40 (selection_statement -> STRATEGY_CHECK CORNER expression APEX compound_statement STAY_OUT compound_statement .)
    FLOAT_LITERAL   reduce using rule 40 (selection_statement -> STRATEGY_CHECK CORNER expression APEX compound_statement STAY_OUT compound_statement .)
    STRING_LITERAL  reduce using rule 40 (selection_statement -> STRATEGY_CHECK CORNER expression APEX compound_statement STAY_OUT compound_statement .)
    CHAR_LITERAL    reduce using rule 40 (selection_statement -> STRATEGY_CHECK CORNER expression APEX compound_statement STAY_OUT compound_statement .)
    TRUE            reduce using rule 40 (selection_statement -> STRATEGY_CHECK CORNER expression APEX compound_statement STAY_OUT compound_statement .)
    FALSE           reduce using rule 40 (selection_statement -> STRATEGY_CHECK CORNER expression APEX compound_statement STAY_OUT compound_statement .)
    DNF             reduce using rule 40 (selection_statement -> STRATEGY_CHECK CORNER expression APEX compound_statement STAY_OUT compound_statement .)
    SECTOR          reduce using rule 40 (selection_statement -> STRATEGY_CHECK CORNER expression APEX compound_statement STAY_OUT compound_statement .)
    NO_DATA         reduce using rule 40 (selection_statement -> STRATEGY_CHECK CORNER expression APEX compound_statement STAY_OUT compound_statement .)


state 212

    (41) selection_statement -> STRATEGY_CHECK CORNER expression APEX compound_statement STAY_OUT selection_statement .

    READY           reduce using rule 41 (selection_statement -> STRATEGY_CHECK CORNER expression APEX compound_statement STAY_OUT selection_statement .)
    VSC             reduce using rule 41 (selection_statement -> STRATEGY_CHECK CORNER expression APEX compound_statement STAY_OUT selection_statement .)
    LAP             reduce using rule 41 (selection_statement -> STRATEGY_CHECK CORNER expression APEX compound_statement STAY_OUT selection_statement .)
    SPLIT           reduce using rule 41 (selection_statement -> STRATEGY_CHECK CORNER expression APEX compound_statement STAY_OUT selection_statement .)
    PITBOARD        reduce using rule 41 (selection_statement -> STRATEGY_CHECK CORNER expression APEX compound_statement STAY_OUT selection_statement .)
    YELLOW_FLAG     reduce using rule 41 (selection_statement -> STRATEGY_CHECK CORNER expression APEX compound_statement STAY_OUT selection_statement .)
    RADIO           reduce using rule 41 (selection_statement -> STRATEGY_CHECK CORNER expression APEX compound_statement STAY_OUT selection_statement .)
    STOP            reduce using rule 41 (selection_statement -> STRATEGY_CHECK CORNER expression APEX compound_statement STAY_OUT selection_statement .)
    GARAGE          reduce using rule 41 (selection_statement -> STRATEGY_CHECK CORNER expression APEX compound_statement STAY_OUT selection_statement .)
    STRATEGY_CHECK  reduce using rule 41 (selection_statement -> STRATEGY_CHECK CORNER expression APEX compound_statement STAY_OUT selection_statement .)
    GAP_CHECK       reduce using rule 41 (selection_statement -> STRATEGY_CHECK CORNER expression APEX compound_statement STAY_OUT selection_statement .)
    PITWALL         reduce using rule 41 (selection_statement -> STRATEGY_CHECK CORNER expression APEX compound_statement STAY_OUT selection_statement .)
    PUSH            reduce using rule 41 (selection_statement -> STRATEGY_CHECK CORNER expression APEX compound_statement STAY_OUT selection_statement .)
    BOX             reduce using rule 41 (selection_statement -> STRATEGY_CHECK CORNER expression APEX compound_statement STAY_OUT selection_statement .)
    FORMATION_LAP   reduce using rule 41 (selection_statement -> STRATEGY_CHECK CORNER expression APEX compound_statement STAY_OUT selection_statement .)
    PODIO           reduce using rule 41 (selection_statement -> STRATEGY_CHECK CORNER expression APEX compound_statement STAY_OUT selection_statement .)
    BOX_BOX         reduce using rule 41 (selection_statement -> STRATEGY_CHECK CORNER expression APEX compound_statement STAY_OUT selection_statement .)
    DRS             reduce using rule 41 (selection_statement -> STRATEGY_CHECK CORNER expression APEX compound_statement STAY_OUT selection_statement .)
    BROADCAST       reduce using rule 41 (selection_statement -> STRATEGY_CHECK CORNER expression APEX compound_statement STAY_OUT selection_statement .)
    TELEMETRY       reduce using rule 41 (selection_statement -> STRATEGY_CHECK CORNER expression APEX compound_statement STAY_OUT selection_statement .)
    CHECKERED_FLAG  reduce using rule 41 (selection_statement -> STRATEGY_CHECK CORNER expression APEX compound_statement STAY_OUT selection_statement .)
    GAP             reduce using rule 41 (selection_statement -> STRATEGY_CHECK CORNER expression APEX compound_statement STAY_OUT selection_statement .)
    REVERSE_GRID    reduce using rule 41 (selection_statement -> STRATEGY_CHECK CORNER expression APEX compound_statement STAY_OUT selection_statement .)
    REVERSE         reduce using rule 41 (selection_statement -> STRATEGY_CHECK CORNER expression APEX compound_statement STAY_OUT selection_statement .)
    CORNER          reduce using rule 41 (selection_statement -> STRATEGY_CHECK CORNER expression APEX compound_statement STAY_OUT selection_statement .)
    ID              reduce using rule 41 (selection_statement -> STRATEGY_CHECK CORNER expression APEX compound_statement STAY_OUT selection_statement .)
    SLIPSTREAM      reduce using rule 41 (selection_statement -> STRATEGY_CHECK CORNER expression APEX compound_statement STAY_OUT selection_statement .)
    POSITION        reduce using rule 41 (selection_statement -> STRATEGY_CHECK CORNER expression APEX compound_statement STAY_OUT selection_statement .)
    INT_LITERAL     reduce using rule 41 (selection_statement -> STRATEGY_CHECK CORNER expression APEX compound_statement STAY_OUT selection_statement .)
    FLOAT_LITERAL   reduce using rule 41 (selection_statement -> STRATEGY_CHECK CORNER expression APEX compound_statement STAY_OUT selection_statement .)
    STRING_LITERAL  reduce using rule 41 (selection_statement -> STRATEGY_CHECK CORNER expression APEX compound_statement STAY_OUT selection_statement .)
    CHAR_LITERAL    reduce using rule 41 (selection_statement -> STRATEGY_CHECK CORNER expression APEX compound_statement STAY_OUT selection_statement .)
    TRUE            reduce using rule 41 (selection_statement -> STRATEGY_CHECK CORNER expression APEX compound_statement STAY_OUT selection_statement .)
    FALSE           reduce using rule 41 (selection_statement -> STRATEGY_CHECK CORNER expression APEX compound_statement STAY_OUT selection_statement .)
    DNF             reduce using rule 41 (selection_statement -> STRATEGY_CHECK CORNER expression APEX compound_statement STAY_OUT selection_statement .)
    SECTOR          reduce using rule 41 (selection_statement -> STRATEGY_CHECK CORNER expression APEX compound_statement STAY_OUT selection_statement .)
    NO_DATA         reduce using rule 41 (selection_statement -> STRATEGY_CHECK CORNER expression APEX compound_statement STAY_OUT selection_statement .)


state 213

    (42) selection_statement -> GAP_CHECK CORNER expression APEX GARAGE case_list READY .

    READY           reduce using rule 42 (selection_statement -> GAP_CHECK CORNER expression APEX GARAGE case_list READY .)
    VSC             reduce using rule 42 (selection_statement -> GAP_CHECK CORNER expression APEX GARAGE case_list READY .)
    LAP             reduce using rule 42 (selection_statement -> GAP_CHECK CORNER expression APEX GARAGE case_list READY .)
    SPLIT           reduce using rule 42 (selection_statement -> GAP_CHECK CORNER expression APEX GARAGE case_list READY .)
    PITBOARD        reduce using rule 42 (selection_statement -> GAP_CHECK CORNER expression APEX GARAGE case_list READY .)
    YELLOW_FLAG     reduce using rule 42 (selection_statement -> GAP_CHECK CORNER expression APEX GARAGE case_list READY .)
    RADIO           reduce using rule 42 (selection_statement -> GAP_CHECK CORNER expression APEX GARAGE case_list READY .)
    STOP            reduce using rule 42 (selection_statement -> GAP_CHECK CORNER expression APEX GARAGE case_list READY .)
    GARAGE          reduce using rule 42 (selection_statement -> GAP_CHECK CORNER expression APEX GARAGE case_list READY .)
    STRATEGY_CHECK  reduce using rule 42 (selection_statement -> GAP_CHECK CORNER expression APEX GARAGE case_list READY .)
    GAP_CHECK       reduce using rule 42 (selection_statement -> GAP_CHECK CORNER expression APEX GARAGE case_list READY .)
    PITWALL         reduce using rule 42 (selection_statement -> GAP_CHECK CORNER expression APEX GARAGE case_list READY .)
    PUSH            reduce using rule 42 (selection_statement -> GAP_CHECK CORNER expression APEX GARAGE case_list READY .)
    BOX             reduce using rule 42 (selection_statement -> GAP_CHECK CORNER expression APEX GARAGE case_list READY .)
    FORMATION_LAP   reduce using rule 42 (selection_statement -> GAP_CHECK CORNER expression APEX GARAGE case_list READY .)
    PODIO           reduce using rule 42 (selection_statement -> GAP_CHECK CORNER expression APEX GARAGE case_list READY .)
    BOX_BOX         reduce using rule 42 (selection_statement -> GAP_CHECK CORNER expression APEX GARAGE case_list READY .)
    DRS             reduce using rule 42 (selection_statement -> GAP_CHECK CORNER expression APEX GARAGE case_list READY .)
    BROADCAST       reduce using rule 42 (selection_statement -> GAP_CHECK CORNER expression APEX GARAGE case_list READY .)
    TELEMETRY       reduce using rule 42 (selection_statement -> GAP_CHECK CORNER expression APEX GARAGE case_list READY .)
    CHECKERED_FLAG  reduce using rule 42 (selection_statement -> GAP_CHECK CORNER expression APEX GARAGE case_list READY .)
    GAP             reduce using rule 42 (selection_statement -> GAP_CHECK CORNER expression APEX GARAGE case_list READY .)
    REVERSE_GRID    reduce using rule 42 (selection_statement -> GAP_CHECK CORNER expression APEX GARAGE case_list READY .)
    REVERSE         reduce using rule 42 (selection_statement -> GAP_CHECK CORNER expression APEX GARAGE case_list READY .)
    CORNER          reduce using rule 42 (selection_statement -> GAP_CHECK CORNER expression APEX GARAGE case_list READY .)
    ID              reduce using rule 42 (selection_statement -> GAP_CHECK CORNER expression APEX GARAGE case_list READY .)
    SLIPSTREAM      reduce using rule 42 (selection_statement -> GAP_CHECK CORNER expression APEX GARAGE case_list READY .)
    POSITION        reduce using rule 42 (selection_statement -> GAP_CHECK CORNER expression APEX GARAGE case_list READY .)
    INT_LITERAL     reduce using rule 42 (selection_statement -> GAP_CHECK CORNER expression APEX GARAGE case_list READY .)
    FLOAT_LITERAL   reduce using rule 42 (selection_statement -> GAP_CHECK CORNER expression APEX GARAGE case_list READY .)
    STRING_LITERAL  reduce using rule 42 (selection_statement -> GAP_CHECK CORNER expression APEX GARAGE case_list READY .)
    CHAR_LITERAL    reduce using rule 42 (selection_statement -> GAP_CHECK CORNER expression APEX GARAGE case_list READY .)
    TRUE            reduce using rule 42 (selection_statement -> GAP_CHECK CORNER expression APEX GARAGE case_list READY .)
    FALSE           reduce using rule 42 (selection_statement -> GAP_CHECK CORNER expression APEX GARAGE case_list READY .)
    DNF             reduce using rule 42 (selection_statement -> GAP_CHECK CORNER expression APEX GARAGE case_list READY .)
    SECTOR          reduce using rule 42 (selection_statement -> GAP_CHECK CORNER expression APEX GARAGE case_list READY .)
    NO_DATA         reduce using rule 42 (selection_statement -> GAP_CHECK CORNER expression APEX GARAGE case_list READY .)


state 214

    (45) case_list -> case_list case_item .

    READY           reduce using rule 45 (case_list -> case_list case_item .)
    SECTOR          reduce using rule 45 (case_list -> case_list case_item .)
    NO_DATA         reduce using rule 45 (case_list -> case_list case_item .)


state 215

    (46) case_item -> SECTOR expression . MARSHALL block_item_list
    (64) expression -> expression . TOW expression
    (65) expression -> expression . GAP expression
    (66) expression -> expression . ERS expression
    (67) expression -> expression . STINT expression
    (68) expression -> expression . FUEL_DELTA expression
    (69) expression -> expression . DEAD_HEAT expression
    (70) expression -> expression . OUTLAP expression
    (71) expression -> expression . UNDERCUT expression
    (72) expression -> expression . OVERCUT expression
    (73) expression -> expression . UNDEREQ expression
    (74) expression -> expression . OVEREQ expression
    (75) expression -> expression . BOTH_TYRES expression
    (76) expression -> expression . EITHER_TYRE expression
    (77) expression -> expression . SAFETY expression
    (78) expression -> expression . OVERTAKE expression

    MARSHALL        shift and go to state 222
    TOW             shift and go to state 78
    GAP             shift and go to state 79
    ERS             shift and go to state 80
    STINT           shift and go to state 81
    FUEL_DELTA      shift and go to state 82
    DEAD_HEAT       shift and go to state 83
    OUTLAP          shift and go to state 84
    UNDERCUT        shift and go to state 85
    OVERCUT         shift and go to state 86
    UNDEREQ         shift and go to state 87
    OVEREQ          shift and go to state 88
    BOTH_TYRES      shift and go to state 89
    EITHER_TYRE     shift and go to state 90
    SAFETY          shift and go to state 91
    OVERTAKE        shift and go to state 92


state 216

    (47) case_item -> NO_DATA MARSHALL . block_item_list
    (23) block_item_list -> . block_item
    (24) block_item_list -> . block_item_list block_item
    (25) block_item -> . declaration
    (26) block_item -> . statement
    (27) declaration -> . type_specifier ID SETUP expression STOP
    (28) declaration -> . type_specifier ID STOP
    (29) declaration -> . VSC type_specifier ID SETUP expression STOP
    (30) statement -> . expression_statement
    (31) statement -> . compound_statement
    (32) statement -> . selection_statement
    (33) statement -> . iteration_statement
    (34) statement -> . jump_statement
    (35) statement -> . io_statement
    (36) statement -> . end_statement
    (16) type_specifier -> . LAP
    (17) type_specifier -> . SPLIT
    (18) type_specifier -> . PITBOARD
    (19) type_specifier -> . YELLOW_FLAG
    (20) type_specifier -> . RADIO
    (37) expression_statement -> . expression STOP
    (38) expression_statement -> . STOP
    (21) compound_statement -> . GARAGE block_item_list READY
    (22) compound_statement -> . GARAGE READY
    (39) selection_statement -> . STRATEGY_CHECK CORNER expression APEX compound_statement
    (40) selection_statement -> . STRATEGY_CHECK CORNER expression APEX compound_statement STAY_OUT compound_statement
    (41) selection_statement -> . STRATEGY_CHECK CORNER expression APEX compound_statement STAY_OUT selection_statement
    (42) selection_statement -> . GAP_CHECK CORNER expression APEX GARAGE case_list READY
    (43) selection_statement -> . PITWALL CORNER expression APEX GARAGE case_list READY
    (48) iteration_statement -> . PUSH CORNER expression APEX compound_statement
    (49) iteration_statement -> . BOX compound_statement PUSH CORNER expression APEX STOP
    (50) iteration_statement -> . FORMATION_LAP CORNER for_init expression for_semi expression APEX compound_statement
    (51) iteration_statement -> . FORMATION_LAP CORNER for_init expression for_semi APEX compound_statement
    (52) iteration_statement -> . FORMATION_LAP CORNER for_semi for_semi APEX compound_statement
    (57) jump_statement -> . PODIO expression STOP
    (58) jump_statement -> . PODIO STOP
    (59) jump_statement -> . BOX_BOX STOP
    (60) jump_statement -> . DRS STOP
    (61) io_statement -> . BROADCAST CORNER expression APEX STOP
    (62) io_statement -> . TELEMETRY CORNER ID APEX STOP
    (63) end_statement -> . CHECKERED_FLAG STOP
    (64) expression -> . expression TOW expression
    (65) expression -> . expression GAP expression
    (66) expression -> . expression ERS expression
    (67) expression -> . expression STINT expression
    (68) expression -> . expression FUEL_DELTA expression
    (69) expression -> . expression DEAD_HEAT expression
    (70) expression -> . expression OUTLAP expression
    (71) expression -> . expression UNDERCUT expression
    (72) expression -> . expression OVERCUT expression
    (73) expression -> . expression UNDEREQ expression
    (74) expression -> . expression OVEREQ expression
    (75) expression -> . expression BOTH_TYRES expression
    (76) expression -> . expression EITHER_TYRE expression
    (77) expression -> . expression SAFETY expression
    (78) expression -> . expression OVERTAKE expression
    (79) expression -> . GAP expression
    (80) expression -> . REVERSE_GRID expression
    (81) expression -> . REVERSE expression
    (82) expression -> . CORNER expression APEX
    (83) expression -> . ID SETUP expression
    (84) expression -> . ID PITSTOW expression
    (85) expression -> . ID PITGAP expression
    (86) expression -> . ID PITERS expression
    (87) expression -> . ID PITSTINT expression
    (88) expression -> . ID FASTLAP
    (89) expression -> . ID DEGRADATION
    (90) expression -> . SLIPSTREAM expression
    (91) expression -> . POSITION expression
    (92) expression -> . ID CORNER argument_list APEX
    (93) expression -> . ID CORNER APEX
    (96) expression -> . ID
    (97) expression -> . INT_LITERAL
    (98) expression -> . FLOAT_LITERAL
    (99) expression -> . STRING_LITERAL
    (100) expression -> . CHAR_LITERAL
    (101) expression -> . TRUE
    (102) expression -> . FALSE
    (103) expression -> . DNF

    VSC             shift and go to state 29
    LAP             shift and go to state 13
    SPLIT           shift and go to state 14
    PITBOARD        shift and go to state 15
    YELLOW_FLAG     shift and go to state 16
    RADIO           shift and go to state 17
    STOP            shift and go to state 28
    GARAGE          shift and go to state 19
    STRATEGY_CHECK  shift and go to state 37
    GAP_CHECK       shift and go to state 39
    PITWALL         shift and go to state 40
    PUSH            shift and go to state 41
    BOX             shift and go to state 42
    FORMATION_LAP   shift and go to state 43
    PODIO           shift and go to state 44
    BOX_BOX         shift and go to state 45
    DRS             shift and go to state 46
    BROADCAST       shift and go to state 47
    TELEMETRY       shift and go to state 48
    CHECKERED_FLAG  shift and go to state 49
    GAP             shift and go to state 50
    REVERSE_GRID    shift and go to state 51
    REVERSE         shift and go to state 52
    CORNER          shift and go to state 38
    ID              shift and go to state 26
    SLIPSTREAM      shift and go to state 53
    POSITION        shift and go to state 54
    INT_LITERAL     shift and go to state 55
    FLOAT_LITERAL   shift and go to state 56
    STRING_LITERAL  shift and go to state 57
    CHAR_LITERAL    shift and go to state 58
    TRUE            shift and go to state 59
    FALSE           shift and go to state 60
    DNF             shift and go to state 61

    block_item_list                shift and go to state 223
    block_item                     shift and go to state 22
    declaration                    shift and go to state 23
    statement                      shift and go to state 24
    type_specifier                 shift and go to state 25
    expression                     shift and go to state 27
    expression_statement           shift and go to state 30
    compound_statement             shift and go to state 31
    selection_statement            shift and go to state 32
    iteration_statement            shift and go to state 33
    jump_statement                 shift and go to state 34
    io_statement                   shift and go to state 35
    end_statement                  shift and go to state 36

state 217

    (43) selection_statement -> PITWALL CORNER expression APEX GARAGE case_list READY .

    READY           reduce using rule 43 (selection_statement -> PITWALL CORNER expression APEX GARAGE case_list READY .)
    VSC             reduce using rule 43 (selection_statement -> PITWALL CORNER expression APEX GARAGE case_list READY .)
    LAP             reduce using rule 43 (selection_statement -> PITWALL CORNER expression APEX GARAGE case_list READY .)
    SPLIT           reduce using rule 43 (selection_statement -> PITWALL CORNER expression APEX GARAGE case_list READY .)
    PITBOARD        reduce using rule 43 (selection_statement -> PITWALL CORNER expression APEX GARAGE case_list READY .)
    YELLOW_FLAG     reduce using rule 43 (selection_statement -> PITWALL CORNER expression APEX GARAGE case_list READY .)
    RADIO           reduce using rule 43 (selection_statement -> PITWALL CORNER expression APEX GARAGE case_list READY .)
    STOP            reduce using rule 43 (selection_statement -> PITWALL CORNER expression APEX GARAGE case_list READY .)
    GARAGE          reduce using rule 43 (selection_statement -> PITWALL CORNER expression APEX GARAGE case_list READY .)
    STRATEGY_CHECK  reduce using rule 43 (selection_statement -> PITWALL CORNER expression APEX GARAGE case_list READY .)
    GAP_CHECK       reduce using rule 43 (selection_statement -> PITWALL CORNER expression APEX GARAGE case_list READY .)
    PITWALL         reduce using rule 43 (selection_statement -> PITWALL CORNER expression APEX GARAGE case_list READY .)
    PUSH            reduce using rule 43 (selection_statement -> PITWALL CORNER expression APEX GARAGE case_list READY .)
    BOX             reduce using rule 43 (selection_statement -> PITWALL CORNER expression APEX GARAGE case_list READY .)
    FORMATION_LAP   reduce using rule 43 (selection_statement -> PITWALL CORNER expression APEX GARAGE case_list READY .)
    PODIO           reduce using rule 43 (selection_statement -> PITWALL CORNER expression APEX GARAGE case_list READY .)
    BOX_BOX         reduce using rule 43 (selection_statement -> PITWALL CORNER expression APEX GARAGE case_list READY .)
    DRS             reduce using rule 43 (selection_statement -> PITWALL CORNER expression APEX GARAGE case_list READY .)
    BROADCAST       reduce using rule 43 (selection_statement -> PITWALL CORNER expression APEX GARAGE case_list READY .)
    TELEMETRY       reduce using rule 43 (selection_statement -> PITWALL CORNER expression APEX GARAGE case_list READY .)
    CHECKERED_FLAG  reduce using rule 43 (selection_statement -> PITWALL CORNER expression APEX GARAGE case_list READY .)
    GAP             reduce using rule 43 (selection_statement -> PITWALL CORNER expression APEX GARAGE case_list READY .)
    REVERSE_GRID    reduce using rule 43 (selection_statement -> PITWALL CORNER expression APEX GARAGE case_list READY .)
    REVERSE         reduce using rule 43 (selection_statement -> PITWALL CORNER expression APEX GARAGE case_list READY .)
    CORNER          reduce using rule 43 (selection_statement -> PITWALL CORNER expression APEX GARAGE case_list READY .)
    ID              reduce using rule 43 (selection_statement -> PITWALL CORNER expression APEX GARAGE case_list READY .)
    SLIPSTREAM      reduce using rule 43 (selection_statement -> PITWALL CORNER expression APEX GARAGE case_list READY .)
    POSITION        reduce using rule 43 (selection_statement -> PITWALL CORNER expression APEX GARAGE case_list READY .)
    INT_LITERAL     reduce using rule 43 (selection_statement -> PITWALL CORNER expression APEX GARAGE case_list READY .)
    FLOAT_LITERAL   reduce using rule 43 (selection_statement -> PITWALL CORNER expression APEX GARAGE case_list READY .)
    STRING_LITERAL  reduce using rule 43 (selection_statement -> PITWALL CORNER expression APEX GARAGE case_list READY .)
    CHAR_LITERAL    reduce using rule 43 (selection_statement -> PITWALL CORNER expression APEX GARAGE case_list READY .)
    TRUE            reduce using rule 43 (selection_statement -> PITWALL CORNER expression APEX GARAGE case_list READY .)
    FALSE           reduce using rule 43 (selection_statement -> PITWALL CORNER expression APEX GARAGE case_list READY .)
    DNF             reduce using rule 43 (selection_statement -> PITWALL CORNER expression APEX GARAGE case_list READY .)
    SECTOR          reduce using rule 43 (selection_statement -> PITWALL CORNER expression APEX GARAGE case_list READY .)
    NO_DATA         reduce using rule 43 (selection_statement -> PITWALL CORNER expression APEX GARAGE case_list READY .)


state 218

    (49) iteration_statement -> BOX compound_statement PUSH CORNER expression APEX STOP .

    READY           reduce using rule 49 (iteration_statement -> BOX compound_statement PUSH CORNER expression APEX STOP .)
    VSC             reduce using rule 49 (iteration_statement -> BOX compound_statement PUSH CORNER expression APEX STOP .)
    LAP             reduce using rule 49 (iteration_statement -> BOX compound_statement PUSH CORNER expression APEX STOP .)
    SPLIT           reduce using rule 49 (iteration_statement -> BOX compound_statement PUSH CORNER expression APEX STOP .)
    PITBOARD        reduce using rule 49 (iteration_statement -> BOX compound_statement PUSH CORNER expression APEX STOP .)
    YELLOW_FLAG     reduce using rule 49 (iteration_statement -> BOX compound_statement PUSH CORNER expression APEX STOP .)
    RADIO           reduce using rule 49 (iteration_statement -> BOX compound_statement PUSH CORNER expression APEX STOP .)
    STOP            reduce using rule 49 (iteration_statement -> BOX compound_statement PUSH CORNER expression APEX STOP .)
    GARAGE          reduce using rule 49 (iteration_statement -> BOX compound_statement PUSH CORNER expression APEX STOP .)
    STRATEGY_CHECK  reduce using rule 49 (iteration_statement -> BOX compound_statement PUSH CORNER expression APEX STOP .)
    GAP_CHECK       reduce using rule 49 (iteration_statement -> BOX compound_statement PUSH CORNER expression APEX STOP .)
    PITWALL         reduce using rule 49 (iteration_statement -> BOX compound_statement PUSH CORNER expression APEX STOP .)
    PUSH            reduce using rule 49 (iteration_statement -> BOX compound_statement PUSH CORNER expression APEX STOP .)
    BOX             reduce using rule 49 (iteration_statement -> BOX compound_statement PUSH CORNER expression APEX STOP .)
    FORMATION_LAP   reduce using rule 49 (iteration_statement -> BOX compound_statement PUSH CORNER expression APEX STOP .)
    PODIO           reduce using rule 49 (iteration_statement -> BOX compound_statement PUSH CORNER expression APEX STOP .)
    BOX_BOX         reduce using rule 49 (iteration_statement -> BOX compound_statement PUSH CORNER expression APEX STOP .)
    DRS             reduce using rule 49 (iteration_statement -> BOX compound_statement PUSH CORNER expression APEX STOP .)
    BROADCAST       reduce using rule 49 (iteration_statement -> BOX compound_statement PUSH CORNER expression APEX STOP .)
    TELEMETRY       reduce using rule 49 (iteration_statement -> BOX compound_statement PUSH CORNER expression APEX STOP .)
    CHECKERED_FLAG  reduce using rule 49 (iteration_statement -> BOX compound_statement PUSH CORNER expression APEX STOP .)
    GAP             reduce using rule 49 (iteration_statement -> BOX compound_statement PUSH CORNER expression APEX STOP .)
    REVERSE_GRID    reduce using rule 49 (iteration_statement -> BOX compound_statement PUSH CORNER expression APEX STOP .)
    REVERSE         reduce using rule 49 (iteration_statement -> BOX compound_statement PUSH CORNER expression APEX STOP .)
    CORNER          reduce using rule 49 (iteration_statement -> BOX compound_statement PUSH CORNER expression APEX STOP .)
    ID              reduce using rule 49 (iteration_statement -> BOX compound_statement PUSH CORNER expression APEX STOP .)
    SLIPSTREAM      reduce using rule 49 (iteration_statement -> BOX compound_statement PUSH CORNER expression APEX STOP .)
    POSITION        reduce using rule 49 (iteration_statement -> BOX compound_statement PUSH CORNER expression APEX STOP .)
    INT_LITERAL     reduce using rule 49 (iteration_statement -> BOX compound_statement PUSH CORNER expression APEX STOP .)
    FLOAT_LITERAL   reduce using rule 49 (iteration_statement -> BOX compound_statement PUSH CORNER expression APEX STOP .)
    STRING_LITERAL  reduce using rule 49 (iteration_statement -> BOX compound_statement PUSH CORNER expression APEX STOP .)
    CHAR_LITERAL    reduce using rule 49 (iteration_statement -> BOX compound_statement PUSH CORNER expression APEX STOP .)
    TRUE            reduce using rule 49 (iteration_statement -> BOX compound_statement PUSH CORNER expression APEX STOP .)
    FALSE           reduce using rule 49 (iteration_statement -> BOX compound_statement PUSH CORNER expression APEX STOP .)
    DNF             reduce using rule 49 (iteration_statement -> BOX compound_statement PUSH CORNER expression APEX STOP .)
    SECTOR          reduce using rule 49 (iteration_statement -> BOX compound_statement PUSH CORNER expression APEX STOP .)
    NO_DATA         reduce using rule 49 (iteration_statement -> BOX compound_statement PUSH CORNER expression APEX STOP .)


state 219

    (50) iteration_statement -> FORMATION_LAP CORNER for_init expression for_semi expression APEX . compound_statement
    (21) compound_statement -> . GARAGE block_item_list READY
    (22) compound_statement -> . GARAGE READY

    GARAGE          shift and go to state 19

    compound_statement             shift and go to state 224

state 220

    (51) iteration_statement -> FORMATION_LAP CORNER for_init expression for_semi APEX compound_statement .

    READY           reduce using rule 51 (iteration_statement -> FORMATION_LAP CORNER for_init expression for_semi APEX compound_statement .)
    VSC             reduce using rule 51 (iteration_statement -> FORMATION_LAP CORNER for_init expression for_semi APEX compound_statement .)
    LAP             reduce using rule 51 (iteration_statement -> FORMATION_LAP CORNER for_init expression for_semi APEX compound_statement .)
    SPLIT           reduce using rule 51 (iteration_statement -> FORMATION_LAP CORNER for_init expression for_semi APEX compound_statement .)
    PITBOARD        reduce using rule 51 (iteration_statement -> FORMATION_LAP CORNER for_init expression for_semi APEX compound_statement .)
    YELLOW_FLAG     reduce using rule 51 (iteration_statement -> FORMATION_LAP CORNER for_init expression for_semi APEX compound_statement .)
    RADIO           reduce using rule 51 (iteration_statement -> FORMATION_LAP CORNER for_init expression for_semi APEX compound_statement .)
    STOP            reduce using rule 51 (iteration_statement -> FORMATION_LAP CORNER for_init expression for_semi APEX compound_statement .)
    GARAGE          reduce using rule 51 (iteration_statement -> FORMATION_LAP CORNER for_init expression for_semi APEX compound_statement .)
    STRATEGY_CHECK  reduce using rule 51 (iteration_statement -> FORMATION_LAP CORNER for_init expression for_semi APEX compound_statement .)
    GAP_CHECK       reduce using rule 51 (iteration_statement -> FORMATION_LAP CORNER for_init expression for_semi APEX compound_statement .)
    PITWALL         reduce using rule 51 (iteration_statement -> FORMATION_LAP CORNER for_init expression for_semi APEX compound_statement .)
    PUSH            reduce using rule 51 (iteration_statement -> FORMATION_LAP CORNER for_init expression for_semi APEX compound_statement .)
    BOX             reduce using rule 51 (iteration_statement -> FORMATION_LAP CORNER for_init expression for_semi APEX compound_statement .)
    FORMATION_LAP   reduce using rule 51 (iteration_statement -> FORMATION_LAP CORNER for_init expression for_semi APEX compound_statement .)
    PODIO           reduce using rule 51 (iteration_statement -> FORMATION_LAP CORNER for_init expression for_semi APEX compound_statement .)
    BOX_BOX         reduce using rule 51 (iteration_statement -> FORMATION_LAP CORNER for_init expression for_semi APEX compound_statement .)
    DRS             reduce using rule 51 (iteration_statement -> FORMATION_LAP CORNER for_init expression for_semi APEX compound_statement .)
    BROADCAST       reduce using rule 51 (iteration_statement -> FORMATION_LAP CORNER for_init expression for_semi APEX compound_statement .)
    TELEMETRY       reduce using rule 51 (iteration_statement -> FORMATION_LAP CORNER for_init expression for_semi APEX compound_statement .)
    CHECKERED_FLAG  reduce using rule 51 (iteration_statement -> FORMATION_LAP CORNER for_init expression for_semi APEX compound_statement .)
    GAP             reduce using rule 51 (iteration_statement -> FORMATION_LAP CORNER for_init expression for_semi APEX compound_statement .)
    REVERSE_GRID    reduce using rule 51 (iteration_statement -> FORMATION_LAP CORNER for_init expression for_semi APEX compound_statement .)
    REVERSE         reduce using rule 51 (iteration_statement -> FORMATION_LAP CORNER for_init expression for_semi APEX compound_statement .)
    CORNER          reduce using rule 51 (iteration_statement -> FORMATION_LAP CORNER for_init expression for_semi APEX compound_statement .)
    ID              reduce using rule 51 (iteration_statement -> FORMATION_LAP CORNER for_init expression for_semi APEX compound_statement .)
    SLIPSTREAM      reduce using rule 51 (iteration_statement -> FORMATION_LAP CORNER for_init expression for_semi APEX compound_statement .)
    POSITION        reduce using rule 51 (iteration_statement -> FORMATION_LAP CORNER for_init expression for_semi APEX compound_statement .)
    INT_LITERAL     reduce using rule 51 (iteration_statement -> FORMATION_LAP CORNER for_init expression for_semi APEX compound_statement .)
    FLOAT_LITERAL   reduce using rule 51 (iteration_statement -> FORMATION_LAP CORNER for_init expression for_semi APEX compound_statement .)
    STRING_LITERAL  reduce using rule 51 (iteration_statement -> FORMATION_LAP CORNER for_init expression for_semi APEX compound_statement .)
    CHAR_LITERAL    reduce using rule 51 (iteration_statement -> FORMATION_LAP CORNER for_init expression for_semi APEX compound_statement .)
    TRUE            reduce using rule 51 (iteration_statement -> FORMATION_LAP CORNER for_init expression for_semi APEX compound_statement .)
    FALSE           reduce using rule 51 (iteration_statement -> FORMATION_LAP CORNER for_init expression for_semi APEX compound_statement .)
    DNF             reduce using rule 51 (iteration_statement -> FORMATION_LAP CORNER for_init expression for_semi APEX compound_statement .)
    SECTOR          reduce using rule 51 (iteration_statement -> FORMATION_LAP CORNER for_init expression for_semi APEX compound_statement .)
    NO_DATA         reduce using rule 51 (iteration_statement -> FORMATION_LAP CORNER for_init expression for_semi APEX compound_statement .)


state 221

    (54) for_init -> type_specifier ID SETUP expression for_semi .

    GAP             reduce using rule 54 (for_init -> type_specifier ID SETUP expression for_semi .)
    REVERSE_GRID    reduce using rule 54 (for_init -> type_specifier ID SETUP expression for_semi .)
    REVERSE         reduce using rule 54 (for_init -> type_specifier ID SETUP expression for_semi .)
    CORNER          reduce using rule 54 (for_init -> type_specifier ID SETUP expression for_semi .)
    ID              reduce using rule 54 (for_init -> type_specifier ID SETUP expression for_semi .)
    SLIPSTREAM      reduce using rule 54 (for_init -> type_specifier ID SETUP expression for_semi .)
    POSITION        reduce using rule 54 (for_init -> type_specifier ID SETUP expression for_semi .)
    INT_LITERAL     reduce using rule 54 (for_init -> type_specifier ID SETUP expression for_semi .)
    FLOAT_LITERAL   reduce using rule 54 (for_init -> type_specifier ID SETUP expression for_semi .)
    STRING_LITERAL  reduce using rule 54 (for_init -> type_specifier ID SETUP expression for_semi .)
    CHAR_LITERAL    reduce using rule 54 (for_init -> type_specifier ID SETUP expression for_semi .)
    TRUE            reduce using rule 54 (for_init -> type_specifier ID SETUP expression for_semi .)
    FALSE           reduce using rule 54 (for_init -> type_specifier ID SETUP expression for_semi .)
    DNF             reduce using rule 54 (for_init -> type_specifier ID SETUP expression for_semi .)


state 222

    (46) case_item -> SECTOR expression MARSHALL . block_item_list
    (23) block_item_list -> . block_item
    (24) block_item_list -> . block_item_list block_item
    (25) block_item -> . declaration
    (26) block_item -> . statement
    (27) declaration -> . type_specifier ID SETUP expression STOP
    (28) declaration -> . type_specifier ID STOP
    (29) declaration -> . VSC type_specifier ID SETUP expression STOP
    (30) statement -> . expression_statement
    (31) statement -> . compound_statement
    (32) statement -> . selection_statement
    (33) statement -> . iteration_statement
    (34) statement -> . jump_statement
    (35) statement -> . io_statement
    (36) statement -> . end_statement
    (16) type_specifier -> . LAP
    (17) type_specifier -> . SPLIT
    (18) type_specifier -> . PITBOARD
    (19) type_specifier -> . YELLOW_FLAG
    (20) type_specifier -> . RADIO
    (37) expression_statement -> . expression STOP
    (38) expression_statement -> . STOP
    (21) compound_statement -> . GARAGE block_item_list READY
    (22) compound_statement -> . GARAGE READY
    (39) selection_statement -> . STRATEGY_CHECK CORNER expression APEX compound_statement
    (40) selection_statement -> . STRATEGY_CHECK CORNER expression APEX compound_statement STAY_OUT compound_statement
    (41) selection_statement -> . STRATEGY_CHECK CORNER expression APEX compound_statement STAY_OUT selection_statement
    (42) selection_statement -> . GAP_CHECK CORNER expression APEX GARAGE case_list READY
    (43) selection_statement -> . PITWALL CORNER expression APEX GARAGE case_list READY
    (48) iteration_statement -> . PUSH CORNER expression APEX compound_statement
    (49) iteration_statement -> . BOX compound_statement PUSH CORNER expression APEX STOP
    (50) iteration_statement -> . FORMATION_LAP CORNER for_init expression for_semi expression APEX compound_statement
    (51) iteration_statement -> . FORMATION_LAP CORNER for_init expression for_semi APEX compound_statement
    (52) iteration_statement -> . FORMATION_LAP CORNER for_semi for_semi APEX compound_statement
    (57) jump_statement -> . PODIO expression STOP
    (58) jump_statement -> . PODIO STOP
    (59) jump_statement -> . BOX_BOX STOP
    (60) jump_statement -> . DRS STOP
    (61) io_statement -> . BROADCAST CORNER expression APEX STOP
    (62) io_statement -> . TELEMETRY CORNER ID APEX STOP
    (63) end_statement -> . CHECKERED_FLAG STOP
    (64) expression -> . expression TOW expression
    (65) expression -> . expression GAP expression
    (66) expression -> . expression ERS expression
    (67) expression -> . expression STINT expression
    (68) expression -> . expression FUEL_DELTA expression
    (69) expression -> . expression DEAD_HEAT expression
    (70) expression -> . expression OUTLAP expression
    (71) expression -> . expression UNDERCUT expression
    (72) expression -> . expression OVERCUT expression
    (73) expression -> . expression UNDEREQ expression
    (74) expression -> . expression OVEREQ expression
    (75) expression -> . expression BOTH_TYRES expression
    (76) expression -> . expression EITHER_TYRE expression
    (77) expression -> . expression SAFETY expression
    (78) expression -> . expression OVERTAKE expression
    (79) expression -> . GAP expression
    (80) expression -> . REVERSE_GRID expression
    (81) expression -> . REVERSE expression
    (82) expression -> . CORNER expression APEX
    (83) expression -> . ID SETUP expression
    (84) expression -> . ID PITSTOW expression
    (85) expression -> . ID PITGAP expression
    (86) expression -> . ID PITERS expression
    (87) expression -> . ID PITSTINT expression
    (88) expression -> . ID FASTLAP
    (89) expression -> . ID DEGRADATION
    (90) expression -> . SLIPSTREAM expression
    (91) expression -> . POSITION expression
    (92) expression -> . ID CORNER argument_list APEX
    (93) expression -> . ID CORNER APEX
    (96) expression -> . ID
    (97) expression -> . INT_LITERAL
    (98) expression -> . FLOAT_LITERAL
    (99) expression -> . STRING_LITERAL
    (100) expression -> . CHAR_LITERAL
    (101) expression -> . TRUE
    (102) expression -> . FALSE
    (103) expression -> . DNF

    VSC             shift and go to state 29
    LAP             shift and go to state 13
    SPLIT           shift and go to state 14
    PITBOARD        shift and go to state 15
    YELLOW_FLAG     shift and go to state 16
    RADIO           shift and go to state 17
    STOP            shift and go to state 28
    GARAGE          shift and go to state 19
    STRATEGY_CHECK  shift and go to state 37
    GAP_CHECK       shift and go to state 39
    PITWALL         shift and go to state 40
    PUSH            shift and go to state 41
    BOX             shift and go to state 42
    FORMATION_LAP   shift and go to state 43
    PODIO           shift and go to state 44
    BOX_BOX         shift and go to state 45
    DRS             shift and go to state 46
    BROADCAST       shift and go to state 47
    TELEMETRY       shift and go to state 48
    CHECKERED_FLAG  shift and go to state 49
    GAP             shift and go to state 50
    REVERSE_GRID    shift and go to state 51
    REVERSE         shift and go to state 52
    CORNER          shift and go to state 38
    ID              shift and go to state 26
    SLIPSTREAM      shift and go to state 53
    POSITION        shift and go to state 54
    INT_LITERAL     shift and go to state 55
    FLOAT_LITERAL   shift and go to state 56
    STRING_LITERAL  shift and go to state 57
    CHAR_LITERAL    shift and go to state 58
    TRUE            shift and go to state 59
    FALSE           shift and go to state 60
    DNF             shift and go to state 61

    expression                     shift and go to state 27
    block_item_list                shift and go to state 225
    block_item                     shift and go to state 22
    declaration                    shift and go to state 23
    statement                      shift and go to state 24
    type_specifier                 shift and go to state 25
    expression_statement           shift and go to state 30
    compound_statement             shift and go to state 31
    selection_statement            shift and go to state 32
    iteration_statement            shift and go to state 33
    jump_statement                 shift and go to state 34
    io_statement                   shift and go to state 35
    end_statement                  shift and go to state 36

state 223

    (47) case_item -> NO_DATA MARSHALL block_item_list .
    (24) block_item_list -> block_item_list . block_item
    (25) block_item -> . declaration
    (26) block_item -> . statement
    (27) declaration -> . type_specifier ID SETUP expression STOP
    (28) declaration -> . type_specifier ID STOP
    (29) declaration -> . VSC type_specifier ID SETUP expression STOP
    (30) statement -> . expression_statement
    (31) statement -> . compound_statement
    (32) statement -> . selection_statement
    (33) statement -> . iteration_statement
    (34) statement -> . jump_statement
    (35) statement -> . io_statement
    (36) statement -> . end_statement
    (16) type_specifier -> . LAP
    (17) type_specifier -> . SPLIT
    (18) type_specifier -> . PITBOARD
    (19) type_specifier -> . YELLOW_FLAG
    (20) type_specifier -> . RADIO
    (37) expression_statement -> . expression STOP
    (38) expression_statement -> . STOP
    (21) compound_statement -> . GARAGE block_item_list READY
    (22) compound_statement -> . GARAGE READY
    (39) selection_statement -> . STRATEGY_CHECK CORNER expression APEX compound_statement
    (40) selection_statement -> . STRATEGY_CHECK CORNER expression APEX compound_statement STAY_OUT compound_statement
    (41) selection_statement -> . STRATEGY_CHECK CORNER expression APEX compound_statement STAY_OUT selection_statement
    (42) selection_statement -> . GAP_CHECK CORNER expression APEX GARAGE case_list READY
    (43) selection_statement -> . PITWALL CORNER expression APEX GARAGE case_list READY
    (48) iteration_statement -> . PUSH CORNER expression APEX compound_statement
    (49) iteration_statement -> . BOX compound_statement PUSH CORNER expression APEX STOP
    (50) iteration_statement -> . FORMATION_LAP CORNER for_init expression for_semi expression APEX compound_statement
    (51) iteration_statement -> . FORMATION_LAP CORNER for_init expression for_semi APEX compound_statement
    (52) iteration_statement -> . FORMATION_LAP CORNER for_semi for_semi APEX compound_statement
    (57) jump_statement -> . PODIO expression STOP
    (58) jump_statement -> . PODIO STOP
    (59) jump_statement -> . BOX_BOX STOP
    (60) jump_statement -> . DRS STOP
    (61) io_statement -> . BROADCAST CORNER expression APEX STOP
    (62) io_statement -> . TELEMETRY CORNER ID APEX STOP
    (63) end_statement -> . CHECKERED_FLAG STOP
    (64) expression -> . expression TOW expression
    (65) expression -> . expression GAP expression
    (66) expression -> . expression ERS expression
    (67) expression -> . expression STINT expression
    (68) expression -> . expression FUEL_DELTA expression
    (69) expression -> . expression DEAD_HEAT expression
    (70) expression -> . expression OUTLAP expression
    (71) expression -> . expression UNDERCUT expression
    (72) expression -> . expression OVERCUT expression
    (73) expression -> . expression UNDEREQ expression
    (74) expression -> . expression OVEREQ expression
    (75) expression -> . expression BOTH_TYRES expression
    (76) expression -> . expression EITHER_TYRE expression
    (77) expression -> . expression SAFETY expression
    (78) expression -> . expression OVERTAKE expression
    (79) expression -> . GAP expression
    (80) expression -> . REVERSE_GRID expression
    (81) expression -> . REVERSE expression
    (82) expression -> . CORNER expression APEX
    (83) expression -> . ID SETUP expression
    (84) expression -> . ID PITSTOW expression
    (85) expression -> . ID PITGAP expression
    (86) expression -> . ID PITERS expression
    (87) expression -> . ID PITSTINT expression
    (88) expression -> . ID FASTLAP
    (89) expression -> . ID DEGRADATION
    (90) expression -> . SLIPSTREAM expression
    (91) expression -> . POSITION expression
    (92) expression -> . ID CORNER argument_list APEX
    (93) expression -> . ID CORNER APEX
    (96) expression -> . ID
    (97) expression -> . INT_LITERAL
    (98) expression -> . FLOAT_LITERAL
    (99) expression -> . STRING_LITERAL
    (100) expression -> . CHAR_LITERAL
    (101) expression -> . TRUE
    (102) expression -> . FALSE
    (103) expression -> . DNF

    READY           reduce using rule 47 (case_item -> NO_DATA MARSHALL block_item_list .)
    SECTOR          reduce using rule 47 (case_item -> NO_DATA MARSHALL block_item_list .)
    NO_DATA         reduce using rule 47 (case_item -> NO_DATA MARSHALL block_item_list .)
    VSC             shift and go to state 29
    LAP             shift and go to state 13
    SPLIT           shift and go to state 14
    PITBOARD        shift and go to state 15
    YELLOW_FLAG     shift and go to state 16
    RADIO           shift and go to state 17
    STOP            shift and go to state 28
    GARAGE          shift and go to state 19
    STRATEGY_CHECK  shift and go to state 37
    GAP_CHECK       shift and go to state 39
    PITWALL         shift and go to state 40
    PUSH            shift and go to state 41
    BOX             shift and go to state 42
    FORMATION_LAP   shift and go to state 43
    PODIO           shift and go to state 44
    BOX_BOX         shift and go to state 45
    DRS             shift and go to state 46
    BROADCAST       shift and go to state 47
    TELEMETRY       shift and go to state 48
    CHECKERED_FLAG  shift and go to state 49
    GAP             shift and go to state 50
    REVERSE_GRID    shift and go to state 51
    REVERSE         shift and go to state 52
    CORNER          shift and go to state 38
    ID              shift and go to state 26
    SLIPSTREAM      shift and go to state 53
    POSITION        shift and go to state 54
    INT_LITERAL     shift and go to state 55
    FLOAT_LITERAL   shift and go to state 56
    STRING_LITERAL  shift and go to state 57
    CHAR_LITERAL    shift and go to state 58
    TRUE            shift and go to state 59
    FALSE           shift and go to state 60
    DNF             shift and go to state 61

    block_item                     shift and go to state 67
    declaration                    shift and go to state 23
    statement                      shift and go to state 24
    type_specifier                 shift and go to state 25
    expression                     shift and go to state 27
    expression_statement           shift and go to state 30
    compound_statement             shift and go to state 31
    selection_statement            shift and go to state 32
    iteration_statement            shift and go to state 33
    jump_statement                 shift and go to state 34
    io_statement                   shift and go to state 35
    end_statement                  shift and go to state 36

state 224

    (50) iteration_statement -> FORMATION_LAP CORNER for_init expression for_semi expression APEX compound_statement .

    READY           reduce using rule 50 (iteration_statement -> FORMATION_LAP CORNER for_init expression for_semi expression APEX compound_statement .)
    VSC             reduce using rule 50 (iteration_statement -> FORMATION_LAP CORNER for_init expression for_semi expression APEX compound_statement .)
    LAP             reduce using rule 50 (iteration_statement -> FORMATION_LAP CORNER for_init expression for_semi expression APEX compound_statement .)
    SPLIT           reduce using rule 50 (iteration_statement -> FORMATION_LAP CORNER for_init expression for_semi expression APEX compound_statement .)
    PITBOARD        reduce using rule 50 (iteration_statement -> FORMATION_LAP CORNER for_init expression for_semi expression APEX compound_statement .)
    YELLOW_FLAG     reduce using rule 50 (iteration_statement -> FORMATION_LAP CORNER for_init expression for_semi expression APEX compound_statement .)
    RADIO           reduce using rule 50 (iteration_statement -> FORMATION_LAP CORNER for_init expression for_semi expression APEX compound_statement .)
    STOP            reduce using rule 50 (iteration_statement -> FORMATION_LAP CORNER for_init expression for_semi expression APEX compound_statement .)
    GARAGE          reduce using rule 50 (iteration_statement -> FORMATION_LAP CORNER for_init expression for_semi expression APEX compound_statement .)
    STRATEGY_CHECK  reduce using rule 50 (iteration_statement -> FORMATION_LAP CORNER for_init expression for_semi expression APEX compound_statement .)
    GAP_CHECK       reduce using rule 50 (iteration_statement -> FORMATION_LAP CORNER for_init expression for_semi expression APEX compound_statement .)
    PITWALL         reduce using rule 50 (iteration_statement -> FORMATION_LAP CORNER for_init expression for_semi expression APEX compound_statement .)
    PUSH            reduce using rule 50 (iteration_statement -> FORMATION_LAP CORNER for_init expression for_semi expression APEX compound_statement .)
    BOX             reduce using rule 50 (iteration_statement -> FORMATION_LAP CORNER for_init expression for_semi expression APEX compound_statement .)
    FORMATION_LAP   reduce using rule 50 (iteration_statement -> FORMATION_LAP CORNER for_init expression for_semi expression APEX compound_statement .)
    PODIO           reduce using rule 50 (iteration_statement -> FORMATION_LAP CORNER for_init expression for_semi expression APEX compound_statement .)
    BOX_BOX         reduce using rule 50 (iteration_statement -> FORMATION_LAP CORNER for_init expression for_semi expression APEX compound_statement .)
    DRS             reduce using rule 50 (iteration_statement -> FORMATION_LAP CORNER for_init expression for_semi expression APEX compound_statement .)
    BROADCAST       reduce using rule 50 (iteration_statement -> FORMATION_LAP CORNER for_init expression for_semi expression APEX compound_statement .)
    TELEMETRY       reduce using rule 50 (iteration_statement -> FORMATION_LAP CORNER for_init expression for_semi expression APEX compound_statement .)
    CHECKERED_FLAG  reduce using rule 50 (iteration_statement -> FORMATION_LAP CORNER for_init expression for_semi expression APEX compound_statement .)
    GAP             reduce using rule 50 (iteration_statement -> FORMATION_LAP CORNER for_init expression for_semi expression APEX compound_statement .)
    REVERSE_GRID    reduce using rule 50 (iteration_statement -> FORMATION_LAP CORNER for_init expression for_semi expression APEX compound_statement .)
    REVERSE         reduce using rule 50 (iteration_statement -> FORMATION_LAP CORNER for_init expression for_semi expression APEX compound_statement .)
    CORNER          reduce using rule 50 (iteration_statement -> FORMATION_LAP CORNER for_init expression for_semi expression APEX compound_statement .)
    ID              reduce using rule 50 (iteration_statement -> FORMATION_LAP CORNER for_init expression for_semi expression APEX compound_statement .)
    SLIPSTREAM      reduce using rule 50 (iteration_statement -> FORMATION_LAP CORNER for_init expression for_semi expression APEX compound_statement .)
    POSITION        reduce using rule 50 (iteration_statement -> FORMATION_LAP CORNER for_init expression for_semi expression APEX compound_statement .)
    INT_LITERAL     reduce using rule 50 (iteration_statement -> FORMATION_LAP CORNER for_init expression for_semi expression APEX compound_statement .)
    FLOAT_LITERAL   reduce using rule 50 (iteration_statement -> FORMATION_LAP CORNER for_init expression for_semi expression APEX compound_statement .)
    STRING_LITERAL  reduce using rule 50 (iteration_statement -> FORMATION_LAP CORNER for_init expression for_semi expression APEX compound_statement .)
    CHAR_LITERAL    reduce using rule 50 (iteration_statement -> FORMATION_LAP CORNER for_init expression for_semi expression APEX compound_statement .)
    TRUE            reduce using rule 50 (iteration_statement -> FORMATION_LAP CORNER for_init expression for_semi expression APEX compound_statement .)
    FALSE           reduce using rule 50 (iteration_statement -> FORMATION_LAP CORNER for_init expression for_semi expression APEX compound_statement .)
    DNF             reduce using rule 50 (iteration_statement -> FORMATION_LAP CORNER for_init expression for_semi expression APEX compound_statement .)
    SECTOR          reduce using rule 50 (iteration_statement -> FORMATION_LAP CORNER for_init expression for_semi expression APEX compound_statement .)
    NO_DATA         reduce using rule 50 (iteration_statement -> FORMATION_LAP CORNER for_init expression for_semi expression APEX compound_statement .)


state 225

    (46) case_item -> SECTOR expression MARSHALL block_item_list .
    (24) block_item_list -> block_item_list . block_item
    (25) block_item -> . declaration
    (26) block_item -> . statement
    (27) declaration -> . type_specifier ID SETUP expression STOP
    (28) declaration -> . type_specifier ID STOP
    (29) declaration -> . VSC type_specifier ID SETUP expression STOP
    (30) statement -> . expression_statement
    (31) statement -> . compound_statement
    (32) statement -> . selection_statement
    (33) statement -> . iteration_statement
    (34) statement -> . jump_statement
    (35) statement -> . io_statement
    (36) statement -> . end_statement
    (16) type_specifier -> . LAP
    (17) type_specifier -> . SPLIT
    (18) type_specifier -> . PITBOARD
    (19) type_specifier -> . YELLOW_FLAG
    (20) type_specifier -> . RADIO
    (37) expression_statement -> . expression STOP
    (38) expression_statement -> . STOP
    (21) compound_statement -> . GARAGE block_item_list READY
    (22) compound_statement -> . GARAGE READY
    (39) selection_statement -> . STRATEGY_CHECK CORNER expression APEX compound_statement
    (40) selection_statement -> . STRATEGY_CHECK CORNER expression APEX compound_statement STAY_OUT compound_statement
    (41) selection_statement -> . STRATEGY_CHECK CORNER expression APEX compound_statement STAY_OUT selection_statement
    (42) selection_statement -> . GAP_CHECK CORNER expression APEX GARAGE case_list READY
    (43) selection_statement -> . PITWALL CORNER expression APEX GARAGE case_list READY
    (48) iteration_statement -> . PUSH CORNER expression APEX compound_statement
    (49) iteration_statement -> . BOX compound_statement PUSH CORNER expression APEX STOP
    (50) iteration_statement -> . FORMATION_LAP CORNER for_init expression for_semi expression APEX compound_statement
    (51) iteration_statement -> . FORMATION_LAP CORNER for_init expression for_semi APEX compound_statement
    (52) iteration_statement -> . FORMATION_LAP CORNER for_semi for_semi APEX compound_statement
    (57) jump_statement -> . PODIO expression STOP
    (58) jump_statement -> . PODIO STOP
    (59) jump_statement -> . BOX_BOX STOP
    (60) jump_statement -> . DRS STOP
    (61) io_statement -> . BROADCAST CORNER expression APEX STOP
    (62) io_statement -> . TELEMETRY CORNER ID APEX STOP
    (63) end_statement -> . CHECKERED_FLAG STOP
    (64) expression -> . expression TOW expression
    (65) expression -> . expression GAP expression
    (66) expression -> . expression ERS expression
    (67) expression -> . expression STINT expression
    (68) expression -> . expression FUEL_DELTA expression
    (69) expression -> . expression DEAD_HEAT expression
    (70) expression -> . expression OUTLAP expression
    (71) expression -> . expression UNDERCUT expression
    (72) expression -> . expression OVERCUT expression
    (73) expression -> . expression UNDEREQ expression
    (74) expression -> . expression OVEREQ expression
    (75) expression -> . expression BOTH_TYRES expression
    (76) expression -> . expression EITHER_TYRE expression
    (77) expression -> . expression SAFETY expression
    (78) expression -> . expression OVERTAKE expression
    (79) expression -> . GAP expression
    (80) expression -> . REVERSE_GRID expression
    (81) expression -> . REVERSE expression
    (82) expression -> . CORNER expression APEX
    (83) expression -> . ID SETUP expression
    (84) expression -> . ID PITSTOW expression
    (85) expression -> . ID PITGAP expression
    (86) expression -> . ID PITERS expression
    (87) expression -> . ID PITSTINT expression
    (88) expression -> . ID FASTLAP
    (89) expression -> . ID DEGRADATION
    (90) expression -> . SLIPSTREAM expression
    (91) expression -> . POSITION expression
    (92) expression -> . ID CORNER argument_list APEX
    (93) expression -> . ID CORNER APEX
    (96) expression -> . ID
    (97) expression -> . INT_LITERAL
    (98) expression -> . FLOAT_LITERAL
    (99) expression -> . STRING_LITERAL
    (100) expression -> . CHAR_LITERAL
    (101) expression -> . TRUE
    (102) expression -> . FALSE
    (103) expression -> . DNF

    READY           reduce using rule 46 (case_item -> SECTOR expression MARSHALL block_item_list .)
    SECTOR          reduce using rule 46 (case_item -> SECTOR expression MARSHALL block_item_list .)
    NO_DATA         reduce using rule 46 (case_item -> SECTOR expression MARSHALL block_item_list .)
    VSC             shift and go to state 29
    LAP             shift and go to state 13
    SPLIT           shift and go to state 14
    PITBOARD        shift and go to state 15
    YELLOW_FLAG     shift and go to state 16
    RADIO           shift and go to state 17
    STOP            shift and go to state 28
    GARAGE          shift and go to state 19
    STRATEGY_CHECK  shift and go to state 37
    GAP_CHECK       shift and go to state 39
    PITWALL         shift and go to state 40
    PUSH            shift and go to state 41
    BOX             shift and go to state 42
    FORMATION_LAP   shift and go to state 43
    PODIO           shift and go to state 44
    BOX_BOX         shift and go to state 45
    DRS             shift and go to state 46
    BROADCAST       shift and go to state 47
    TELEMETRY       shift and go to state 48
    CHECKERED_FLAG  shift and go to state 49
    GAP             shift and go to state 50
    REVERSE_GRID    shift and go to state 51
    REVERSE         shift and go to state 52
    CORNER          shift and go to state 38
    ID              shift and go to state 26
    SLIPSTREAM      shift and go to state 53
    POSITION        shift and go to state 54
    INT_LITERAL     shift and go to state 55
    FLOAT_LITERAL   shift and go to state 56
    STRING_LITERAL  shift and go to state 57
    CHAR_LITERAL    shift and go to state 58
    TRUE            shift and go to state 59
    FALSE           shift and go to state 60
    DNF             shift and go to state 61

    expression                     shift and go to state 27
    block_item                     shift and go to state 67
    declaration                    shift and go to state 23
    statement                      shift and go to state 24
    type_specifier                 shift and go to state 25
    expression_statement           shift and go to state 30
    compound_statement             shift and go to state 31
    selection_statement            shift and go to state 32
    iteration_statement            shift and go to state 33
    jump_statement                 shift and go to state 34
    io_statement                   shift and go to state 35
    end_statement                  shift and go to state 36
WARNING: 
WARNING: Conflicts:
WARNING: 
WARNING: shift/reduce conflict for TOW in state 118 resolved as shift
WARNING: shift/reduce conflict for GAP in state 118 resolved as shift
WARNING: shift/reduce conflict for ERS in state 118 resolved as shift
WARNING: shift/reduce conflict for STINT in state 118 resolved as shift
WARNING: shift/reduce conflict for FUEL_DELTA in state 118 resolved as shift
WARNING: shift/reduce conflict for DEAD_HEAT in state 118 resolved as shift
WARNING: shift/reduce conflict for OUTLAP in state 118 resolved as shift
WARNING: shift/reduce conflict for UNDERCUT in state 118 resolved as shift
WARNING: shift/reduce conflict for OVERCUT in state 118 resolved as shift
WARNING: shift/reduce conflict for UNDEREQ in state 118 resolved as shift
WARNING: shift/reduce conflict for OVEREQ in state 118 resolved as shift
WARNING: shift/reduce conflict for BOTH_TYRES in state 118 resolved as shift
WARNING: shift/reduce conflict for EITHER_TYRE in state 118 resolved as shift
WARNING: shift/reduce conflict for SAFETY in state 118 resolved as shift
WARNING: shift/reduce conflict for OVERTAKE in state 118 resolved as shift
WARNING: shift/reduce conflict for TOW in state 119 resolved as shift
WARNING: shift/reduce conflict for GAP in state 119 resolved as shift
WARNING: shift/reduce conflict for ERS in state 119 resolved as shift
WARNING: shift/reduce conflict for STINT in state 119 resolved as shift
WARNING: shift/reduce conflict for FUEL_DELTA in state 119 resolved as shift
WARNING: shift/reduce conflict for DEAD_HEAT in state 119 resolved as shift
WARNING: shift/reduce conflict for OUTLAP in state 119 resolved as shift
WARNING: shift/reduce conflict for UNDERCUT in state 119 resolved as shift
WARNING: shift/reduce conflict for OVERCUT in state 119 resolved as shift
WARNING: shift/reduce conflict for UNDEREQ in state 119 resolved as shift
WARNING: shift/reduce conflict for OVEREQ in state 119 resolved as shift
WARNING: shift/reduce conflict for BOTH_TYRES in state 119 resolved as shift
WARNING: shift/reduce conflict for EITHER_TYRE in state 119 resolved as shift
WARNING: shift/reduce conflict for SAFETY in state 119 resolved as shift
WARNING: shift/reduce conflict for OVERTAKE in state 119 resolved as shift
WARNING: shift/reduce conflict for TOW in state 120 resolved as shift
WARNING: shift/reduce conflict for GAP in state 120 resolved as shift
WARNING: shift/reduce conflict for ERS in state 120 resolved as shift
WARNING: shift/reduce conflict for STINT in state 120 resolved as shift
WARNING: shift/reduce conflict for FUEL_DELTA in state 120 resolved as shift
WARNING: shift/reduce conflict for DEAD_HEAT in state 120 resolved as shift
WARNING: shift/reduce conflict for OUTLAP in state 120 resolved as shift
WARNING: shift/reduce conflict for UNDERCUT in state 120 resolved as shift
WARNING: shift/reduce conflict for OVERCUT in state 120 resolved as shift
WARNING: shift/reduce conflict for UNDEREQ in state 120 resolved as shift
WARNING: shift/reduce conflict for OVEREQ in state 120 resolved as shift
WARNING: shift/reduce conflict for BOTH_TYRES in state 120 resolved as shift
WARNING: shift/reduce conflict for EITHER_TYRE in state 120 resolved as shift
WARNING: shift/reduce conflict for SAFETY in state 120 resolved as shift
WARNING: shift/reduce conflict for OVERTAKE in state 120 resolved as shift
WARNING: shift/reduce conflict for TOW in state 121 resolved as shift
WARNING: shift/reduce conflict for GAP in state 121 resolved as shift
WARNING: shift/reduce conflict for ERS in state 121 resolved as shift
WARNING: shift/reduce conflict for STINT in state 121 resolved as shift
WARNING: shift/reduce conflict for FUEL_DELTA in state 121 resolved as shift
WARNING: shift/reduce conflict for DEAD_HEAT in state 121 resolved as shift
WARNING: shift/reduce conflict for OUTLAP in state 121 resolved as shift
WARNING: shift/reduce conflict for UNDERCUT in state 121 resolved as shift
WARNING: shift/reduce conflict for OVERCUT in state 121 resolved as shift
WARNING: shift/reduce conflict for UNDEREQ in state 121 resolved as shift
WARNING: shift/reduce conflict for OVEREQ in state 121 resolved as shift
WARNING: shift/reduce conflict for BOTH_TYRES in state 121 resolved as shift
WARNING: shift/reduce conflict for EITHER_TYRE in state 121 resolved as shift
WARNING: shift/reduce conflict for SAFETY in state 121 resolved as shift
WARNING: shift/reduce conflict for OVERTAKE in state 121 resolved as shift
WARNING: shift/reduce conflict for TOW in state 122 resolved as shift
WARNING: shift/reduce conflict for GAP in state 122 resolved as shift
WARNING: shift/reduce conflict for ERS in state 122 resolved as shift
WARNING: shift/reduce conflict for STINT in state 122 resolved as shift
WARNING: shift/reduce conflict for FUEL_DELTA in state 122 resolved as shift
WARNING: shift/reduce conflict for DEAD_HEAT in state 122 resolved as shift
WARNING: shift/reduce conflict for OUTLAP in state 122 resolved as shift
WARNING: shift/reduce conflict for UNDERCUT in state 122 resolved as shift
WARNING: shift/reduce conflict for OVERCUT in state 122 resolved as shift
WARNING: shift/reduce conflict for UNDEREQ in state 122 resolved as shift
WARNING: shift/reduce conflict for OVEREQ in state 122 resolved as shift
WARNING: shift/reduce conflict for BOTH_TYRES in state 122 resolved as shift
WARNING: shift/reduce conflict for EITHER_TYRE in state 122 resolved as shift
WARNING: shift/reduce conflict for SAFETY in state 122 resolved as shift
WARNING: shift/reduce conflict for OVERTAKE in state 122 resolved as shift
