Created by PLY version 3.11 (http://www.dabeaz.com/ply)

Unused terminals:

    BLACK_FLAG
    BLUE_FLAG
    ENDGRID
    GRID
    LAP_NOTE
    PADDOCK
    RED_FLAG
    SAFETY_IN
    SAFETY_OUT
    UNDERCUT_KW

Grammar

Rule 0     S' -> translation_unit
Rule 1     translation_unit -> main_program
Rule 2     translation_unit -> function_list main_program
Rule 3     translation_unit -> main_program function_list
Rule 4     translation_unit -> function_list main_program function_list
Rule 5     function_list -> function_definition
Rule 6     function_list -> function_list function_definition
Rule 7     main_program -> RACE_START GARAGE block_item_list READY
Rule 8     main_program -> RACE_START GARAGE READY
Rule 9     function_definition -> STRATEGY type_specifier ID CORNER parameter_list APEX compound_statement
Rule 10    function_definition -> STRATEGY type_specifier ID CORNER APEX compound_statement
Rule 11    function_definition -> STRATEGY NEUTRO ID CORNER parameter_list APEX compound_statement
Rule 12    function_definition -> STRATEGY NEUTRO ID CORNER APEX compound_statement
Rule 13    parameter_list -> parameter_declaration
Rule 14    parameter_list -> parameter_list ALSO parameter_declaration
Rule 15    parameter_declaration -> type_specifier ID
Rule 16    type_specifier -> LAP
Rule 17    type_specifier -> SPLIT
Rule 18    type_specifier -> PITBOARD
Rule 19    type_specifier -> YELLOW_FLAG
Rule 20    type_specifier -> RADIO
Rule 21    compound_statement -> GARAGE block_item_list READY
Rule 22    compound_statement -> GARAGE READY
Rule 23    block_item_list -> block_item
Rule 24    block_item_list -> block_item_list block_item
Rule 25    block_item -> declaration
Rule 26    block_item -> statement
Rule 27    declaration -> type_specifier ID SETUP expression STOP
Rule 28    declaration -> type_specifier ID STOP
Rule 29    declaration -> VSC type_specifier ID SETUP expression STOP
Rule 30    statement -> expression_statement
Rule 31    statement -> compound_statement
Rule 32    statement -> selection_statement
Rule 33    statement -> iteration_statement
Rule 34    statement -> jump_statement
Rule 35    statement -> io_statement
Rule 36    statement -> end_statement
Rule 37    expression_statement -> expression STOP
Rule 38    expression_statement -> STOP
Rule 39    block_item -> error STOP
Rule 40    compound_statement -> GARAGE error READY
Rule 41    function_definition -> STRATEGY error READY
Rule 42    main_program -> RACE_START GARAGE error READY
Rule 43    selection_statement -> STRATEGY_CHECK CORNER expression APEX compound_statement
Rule 44    selection_statement -> STRATEGY_CHECK CORNER expression APEX compound_statement STAY_OUT compound_statement
Rule 45    selection_statement -> STRATEGY_CHECK CORNER expression APEX compound_statement STAY_OUT selection_statement
Rule 46    selection_statement -> GAP_CHECK CORNER expression APEX GARAGE case_list READY
Rule 47    selection_statement -> PITWALL CORNER expression APEX GARAGE case_list READY
Rule 48    case_list -> case_item
Rule 49    case_list -> case_list case_item
Rule 50    case_item -> SECTOR expression MARSHALL block_item_list
Rule 51    case_item -> NO_DATA MARSHALL block_item_list
Rule 52    iteration_statement -> PUSH CORNER expression APEX compound_statement
Rule 53    iteration_statement -> BOX compound_statement PUSH CORNER expression APEX STOP
Rule 54    iteration_statement -> FORMATION_LAP CORNER for_init expression for_semi expression APEX compound_statement
Rule 55    iteration_statement -> FORMATION_LAP CORNER for_init expression for_semi APEX compound_statement
Rule 56    iteration_statement -> FORMATION_LAP CORNER for_semi for_semi APEX compound_statement
Rule 57    for_semi -> STOP
Rule 58    for_init -> type_specifier ID SETUP expression for_semi
Rule 59    for_init -> expression for_semi
Rule 60    for_init -> for_semi
Rule 61    jump_statement -> PODIO expression STOP
Rule 62    jump_statement -> PODIO STOP
Rule 63    jump_statement -> BOX_BOX STOP
Rule 64    jump_statement -> DRS STOP
Rule 65    io_statement -> BROADCAST CORNER expression APEX STOP
Rule 66    io_statement -> TELEMETRY CORNER ID APEX STOP
Rule 67    end_statement -> CHECKERED_FLAG STOP
Rule 68    expression -> expression TOW expression
Rule 69    expression -> expression GAP expression
Rule 70    expression -> expression ERS expression
Rule 71    expression -> expression STINT expression
Rule 72    expression -> expression FUEL_DELTA expression
Rule 73    expression -> expression DEAD_HEAT expression
Rule 74    expression -> expression OUTLAP expression
Rule 75    expression -> expression UNDERCUT expression
Rule 76    expression -> expression OVERCUT expression
Rule 77    expression -> expression UNDEREQ expression
Rule 78    expression -> expression OVEREQ expression
Rule 79    expression -> expression BOTH_TYRES expression
Rule 80    expression -> expression EITHER_TYRE expression
Rule 81    expression -> expression SAFETY expression
Rule 82    expression -> expression OVERTAKE expression
Rule 83    expression -> GAP expression
Rule 84    expression -> REVERSE_GRID expression
Rule 85    expression -> REVERSE expression
Rule 86    expression -> CORNER expression APEX
Rule 87    expression -> ID SETUP expression
Rule 88    expression -> ID PITSTOW expression
Rule 89    expression -> ID PITGAP expression
Rule 90    expression -> ID PITERS expression
Rule 91    expression -> ID PITSTINT expression
Rule 92    expression -> ID FASTLAP
Rule 93    expression -> ID DEGRADATION
Rule 94    expression -> SLIPSTREAM expression
Rule 95    expression -> POSITION expression
Rule 96    expression -> ID CORNER argument_list APEX
Rule 97    expression -> ID CORNER APEX
Rule 98    argument_list -> expression
Rule 99    argument_list -> argument_list ALSO expression
Rule 100   expression -> ID
Rule 101   expression -> INT_LITERAL
Rule 102   expression -> FLOAT_LITERAL
Rule 103   expression -> STRING_LITERAL
Rule 104   expression -> CHAR_LITERAL
Rule 105   expression -> GREEN_LIGHT
Rule 106   expression -> RED_LIGHT
Rule 107   expression -> DNF

Terminals, with rules where they appear

ALSO                 : 14 99
APEX                 : 9 10 11 12 43 44 45 46 47 52 53 54 55 56 65 66 86 96 97
BLACK_FLAG           : 
BLUE_FLAG            : 
BOTH_TYRES           : 79
BOX                  : 53
BOX_BOX              : 63
BROADCAST            : 65
CHAR_LITERAL         : 104
CHECKERED_FLAG       : 67
CORNER               : 9 10 11 12 43 44 45 46 47 52 53 54 55 56 65 66 86 96 97
DEAD_HEAT            : 73
DEGRADATION          : 93
DNF                  : 107
DRS                  : 64
EITHER_TYRE          : 80
ENDGRID              : 
ERS                  : 70
FASTLAP              : 92
FLOAT_LITERAL        : 102
FORMATION_LAP        : 54 55 56
FUEL_DELTA           : 72
GAP                  : 69 83
GAP_CHECK            : 46
GARAGE               : 7 8 21 22 40 42 46 47
GREEN_LIGHT          : 105
GRID                 : 
ID                   : 9 10 11 12 15 27 28 29 58 66 87 88 89 90 91 92 93 96 97 100
INT_LITERAL          : 101
LAP                  : 16
LAP_NOTE             : 
MARSHALL             : 50 51
NEUTRO               : 11 12
NO_DATA              : 51
OUTLAP               : 74
OVERCUT              : 76
OVEREQ               : 78
OVERTAKE             : 82
PADDOCK              : 
PITBOARD             : 18
PITERS               : 90
PITGAP               : 89
PITSTINT             : 91
PITSTOW              : 88
PITWALL              : 47
PODIO                : 61 62
POSITION             : 95
PUSH                 : 52 53
RACE_START           : 7 8 42
RADIO                : 20
READY                : 7 8 21 22 40 41 42 46 47
RED_FLAG             : 
RED_LIGHT            : 106
REVERSE              : 85
REVERSE_GRID         : 84
SAFETY               : 81
SAFETY_IN            : 
SAFETY_OUT           : 
SECTOR               : 50
SETUP                : 27 29 58 87
SLIPSTREAM           : 94
SPLIT                : 17
STAY_OUT             : 44 45
STINT                : 71
STOP                 : 27 28 29 37 38 39 53 57 61 62 63 64 65 66 67
STRATEGY             : 9 10 11 12 41
STRATEGY_CHECK       : 43 44 45
STRING_LITERAL       : 103
TELEMETRY            : 66
TOW                  : 68
UNDERCUT             : 75
UNDERCUT_KW          : 
UNDEREQ              : 77
VSC                  : 29
YELLOW_FLAG          : 19
error                : 39 40 41 42

Nonterminals, with rules where they appear

argument_list        : 96 99
block_item           : 23 24
block_item_list      : 7 21 24 50 51
case_item            : 48 49
case_list            : 46 47 49
compound_statement   : 9 10 11 12 31 43 44 44 45 52 53 54 55 56
declaration          : 25
end_statement        : 36
expression           : 27 29 37 43 44 45 46 47 50 52 53 54 54 55 58 59 61 65 68 68 69 69 70 70 71 71 72 72 73 73 74 74 75 75 76 76 77 77 78 78 79 79 80 80 81 81 82 82 83 84 85 86 87 88 89 90 91 94 95 98 99
expression_statement : 30
for_init             : 54 55
for_semi             : 54 55 56 56 58 59 60
function_definition  : 5 6
function_list        : 2 3 4 4 6
io_statement         : 35
iteration_statement  : 33
jump_statement       : 34
main_program         : 1 2 3 4
parameter_declaration : 13 14
parameter_list       : 9 11 14
selection_statement  : 32 45
statement            : 26
translation_unit     : 0
type_specifier       : 9 10 15 27 28 29 58

Parsing method: LALR

state 0

    (0) S' -> . translation_unit
    (1) translation_unit -> . main_program
    (2) translation_unit -> . function_list main_program
    (3) translation_unit -> . main_program function_list
    (4) translation_unit -> . function_list main_program function_list
    (7) main_program -> . RACE_START GARAGE block_item_list READY
    (8) main_program -> . RACE_START GARAGE READY
    (42) main_program -> . RACE_START GARAGE error READY
    (5) function_list -> . function_definition
    (6) function_list -> . function_list function_definition
    (9) function_definition -> . STRATEGY type_specifier ID CORNER parameter_list APEX compound_statement
    (10) function_definition -> . STRATEGY type_specifier ID CORNER APEX compound_statement
    (11) function_definition -> . STRATEGY NEUTRO ID CORNER parameter_list APEX compound_statement
    (12) function_definition -> . STRATEGY NEUTRO ID CORNER APEX compound_statement
    (41) function_definition -> . STRATEGY error READY

    RACE_START      shift and go to state 4
    STRATEGY        shift and go to state 6

    translation_unit               shift and go to state 1
    main_program                   shift and go to state 2
    function_list                  shift and go to state 3
    function_definition            shift and go to state 5

state 1

    (0) S' -> translation_unit .



state 2

    (1) translation_unit -> main_program .
    (3) translation_unit -> main_program . function_list
    (5) function_list -> . function_definition
    (6) function_list -> . function_list function_definition
    (9) function_definition -> . STRATEGY type_specifier ID CORNER parameter_list APEX compound_statement
    (10) function_definition -> . STRATEGY type_specifier ID CORNER APEX compound_statement
    (11) function_definition -> . STRATEGY NEUTRO ID CORNER parameter_list APEX compound_statement
    (12) function_definition -> . STRATEGY NEUTRO ID CORNER APEX compound_statement
    (41) function_definition -> . STRATEGY error READY

    $end            reduce using rule 1 (translation_unit -> main_program .)
    STRATEGY        shift and go to state 6

    function_list                  shift and go to state 7
    function_definition            shift and go to state 5

state 3

    (2) translation_unit -> function_list . main_program
    (4) translation_unit -> function_list . main_program function_list
    (6) function_list -> function_list . function_definition
    (7) main_program -> . RACE_START GARAGE block_item_list READY
    (8) main_program -> . RACE_START GARAGE READY
    (42) main_program -> . RACE_START GARAGE error READY
    (9) function_definition -> . STRATEGY type_specifier ID CORNER parameter_list APEX compound_statement
    (10) function_definition -> . STRATEGY type_specifier ID CORNER APEX compound_statement
    (11) function_definition -> . STRATEGY NEUTRO ID CORNER parameter_list APEX compound_statement
    (12) function_definition -> . STRATEGY NEUTRO ID CORNER APEX compound_statement
    (41) function_definition -> . STRATEGY error READY

    RACE_START      shift and go to state 4
    STRATEGY        shift and go to state 6

    main_program                   shift and go to state 8
    function_definition            shift and go to state 9

state 4

    (7) main_program -> RACE_START . GARAGE block_item_list READY
    (8) main_program -> RACE_START . GARAGE READY
    (42) main_program -> RACE_START . GARAGE error READY

    GARAGE          shift and go to state 10


state 5

    (5) function_list -> function_definition .

    RACE_START      reduce using rule 5 (function_list -> function_definition .)
    STRATEGY        reduce using rule 5 (function_list -> function_definition .)
    $end            reduce using rule 5 (function_list -> function_definition .)


state 6

    (9) function_definition -> STRATEGY . type_specifier ID CORNER parameter_list APEX compound_statement
    (10) function_definition -> STRATEGY . type_specifier ID CORNER APEX compound_statement
    (11) function_definition -> STRATEGY . NEUTRO ID CORNER parameter_list APEX compound_statement
    (12) function_definition -> STRATEGY . NEUTRO ID CORNER APEX compound_statement
    (41) function_definition -> STRATEGY . error READY
    (16) type_specifier -> . LAP
    (17) type_specifier -> . SPLIT
    (18) type_specifier -> . PITBOARD
    (19) type_specifier -> . YELLOW_FLAG
    (20) type_specifier -> . RADIO

    NEUTRO          shift and go to state 12
    error           shift and go to state 13
    LAP             shift and go to state 14
    SPLIT           shift and go to state 15
    PITBOARD        shift and go to state 16
    YELLOW_FLAG     shift and go to state 17
    RADIO           shift and go to state 18

    type_specifier                 shift and go to state 11

state 7

    (3) translation_unit -> main_program function_list .
    (6) function_list -> function_list . function_definition
    (9) function_definition -> . STRATEGY type_specifier ID CORNER parameter_list APEX compound_statement
    (10) function_definition -> . STRATEGY type_specifier ID CORNER APEX compound_statement
    (11) function_definition -> . STRATEGY NEUTRO ID CORNER parameter_list APEX compound_statement
    (12) function_definition -> . STRATEGY NEUTRO ID CORNER APEX compound_statement
    (41) function_definition -> . STRATEGY error READY

    $end            reduce using rule 3 (translation_unit -> main_program function_list .)
    STRATEGY        shift and go to state 6

    function_definition            shift and go to state 9

state 8

    (2) translation_unit -> function_list main_program .
    (4) translation_unit -> function_list main_program . function_list
    (5) function_list -> . function_definition
    (6) function_list -> . function_list function_definition
    (9) function_definition -> . STRATEGY type_specifier ID CORNER parameter_list APEX compound_statement
    (10) function_definition -> . STRATEGY type_specifier ID CORNER APEX compound_statement
    (11) function_definition -> . STRATEGY NEUTRO ID CORNER parameter_list APEX compound_statement
    (12) function_definition -> . STRATEGY NEUTRO ID CORNER APEX compound_statement
    (41) function_definition -> . STRATEGY error READY

    $end            reduce using rule 2 (translation_unit -> function_list main_program .)
    STRATEGY        shift and go to state 6

    function_list                  shift and go to state 19
    function_definition            shift and go to state 5

state 9

    (6) function_list -> function_list function_definition .

    RACE_START      reduce using rule 6 (function_list -> function_list function_definition .)
    STRATEGY        reduce using rule 6 (function_list -> function_list function_definition .)
    $end            reduce using rule 6 (function_list -> function_list function_definition .)


state 10

    (7) main_program -> RACE_START GARAGE . block_item_list READY
    (8) main_program -> RACE_START GARAGE . READY
    (42) main_program -> RACE_START GARAGE . error READY
    (23) block_item_list -> . block_item
    (24) block_item_list -> . block_item_list block_item
    (25) block_item -> . declaration
    (26) block_item -> . statement
    (39) block_item -> . error STOP
    (27) declaration -> . type_specifier ID SETUP expression STOP
    (28) declaration -> . type_specifier ID STOP
    (29) declaration -> . VSC type_specifier ID SETUP expression STOP
    (30) statement -> . expression_statement
    (31) statement -> . compound_statement
    (32) statement -> . selection_statement
    (33) statement -> . iteration_statement
    (34) statement -> . jump_statement
    (35) statement -> . io_statement
    (36) statement -> . end_statement
    (16) type_specifier -> . LAP
    (17) type_specifier -> . SPLIT
    (18) type_specifier -> . PITBOARD
    (19) type_specifier -> . YELLOW_FLAG
    (20) type_specifier -> . RADIO
    (37) expression_statement -> . expression STOP
    (38) expression_statement -> . STOP
    (21) compound_statement -> . GARAGE block_item_list READY
    (22) compound_statement -> . GARAGE READY
    (40) compound_statement -> . GARAGE error READY
    (43) selection_statement -> . STRATEGY_CHECK CORNER expression APEX compound_statement
    (44) selection_statement -> . STRATEGY_CHECK CORNER expression APEX compound_statement STAY_OUT compound_statement
    (45) selection_statement -> . STRATEGY_CHECK CORNER expression APEX compound_statement STAY_OUT selection_statement
    (46) selection_statement -> . GAP_CHECK CORNER expression APEX GARAGE case_list READY
    (47) selection_statement -> . PITWALL CORNER expression APEX GARAGE case_list READY
    (52) iteration_statement -> . PUSH CORNER expression APEX compound_statement
    (53) iteration_statement -> . BOX compound_statement PUSH CORNER expression APEX STOP
    (54) iteration_statement -> . FORMATION_LAP CORNER for_init expression for_semi expression APEX compound_statement
    (55) iteration_statement -> . FORMATION_LAP CORNER for_init expression for_semi APEX compound_statement
    (56) iteration_statement -> . FORMATION_LAP CORNER for_semi for_semi APEX compound_statement
    (61) jump_statement -> . PODIO expression STOP
    (62) jump_statement -> . PODIO STOP
    (63) jump_statement -> . BOX_BOX STOP
    (64) jump_statement -> . DRS STOP
    (65) io_statement -> . BROADCAST CORNER expression APEX STOP
    (66) io_statement -> . TELEMETRY CORNER ID APEX STOP
    (67) end_statement -> . CHECKERED_FLAG STOP
    (68) expression -> . expression TOW expression
    (69) expression -> . expression GAP expression
    (70) expression -> . expression ERS expression
    (71) expression -> . expression STINT expression
    (72) expression -> . expression FUEL_DELTA expression
    (73) expression -> . expression DEAD_HEAT expression
    (74) expression -> . expression OUTLAP expression
    (75) expression -> . expression UNDERCUT expression
    (76) expression -> . expression OVERCUT expression
    (77) expression -> . expression UNDEREQ expression
    (78) expression -> . expression OVEREQ expression
    (79) expression -> . expression BOTH_TYRES expression
    (80) expression -> . expression EITHER_TYRE expression
    (81) expression -> . expression SAFETY expression
    (82) expression -> . expression OVERTAKE expression
    (83) expression -> . GAP expression
    (84) expression -> . REVERSE_GRID expression
    (85) expression -> . REVERSE expression
    (86) expression -> . CORNER expression APEX
    (87) expression -> . ID SETUP expression
    (88) expression -> . ID PITSTOW expression
    (89) expression -> . ID PITGAP expression
    (90) expression -> . ID PITERS expression
    (91) expression -> . ID PITSTINT expression
    (92) expression -> . ID FASTLAP
    (93) expression -> . ID DEGRADATION
    (94) expression -> . SLIPSTREAM expression
    (95) expression -> . POSITION expression
    (96) expression -> . ID CORNER argument_list APEX
    (97) expression -> . ID CORNER APEX
    (100) expression -> . ID
    (101) expression -> . INT_LITERAL
    (102) expression -> . FLOAT_LITERAL
    (103) expression -> . STRING_LITERAL
    (104) expression -> . CHAR_LITERAL
    (105) expression -> . GREEN_LIGHT
    (106) expression -> . RED_LIGHT
    (107) expression -> . DNF

    READY           shift and go to state 22
    error           shift and go to state 23
    VSC             shift and go to state 31
    LAP             shift and go to state 14
    SPLIT           shift and go to state 15
    PITBOARD        shift and go to state 16
    YELLOW_FLAG     shift and go to state 17
    RADIO           shift and go to state 18
    STOP            shift and go to state 27
    GARAGE          shift and go to state 20
    STRATEGY_CHECK  shift and go to state 39
    GAP_CHECK       shift and go to state 41
    PITWALL         shift and go to state 42
    PUSH            shift and go to state 43
    BOX             shift and go to state 44
    FORMATION_LAP   shift and go to state 45
    PODIO           shift and go to state 46
    BOX_BOX         shift and go to state 47
    DRS             shift and go to state 48
    BROADCAST       shift and go to state 49
    TELEMETRY       shift and go to state 50
    CHECKERED_FLAG  shift and go to state 51
    GAP             shift and go to state 52
    REVERSE_GRID    shift and go to state 53
    REVERSE         shift and go to state 54
    CORNER          shift and go to state 40
    ID              shift and go to state 29
    SLIPSTREAM      shift and go to state 55
    POSITION        shift and go to state 56
    INT_LITERAL     shift and go to state 57
    FLOAT_LITERAL   shift and go to state 58
    STRING_LITERAL  shift and go to state 59
    CHAR_LITERAL    shift and go to state 60
    GREEN_LIGHT     shift and go to state 61
    RED_LIGHT       shift and go to state 62
    DNF             shift and go to state 63

    block_item_list                shift and go to state 21
    block_item                     shift and go to state 24
    declaration                    shift and go to state 25
    statement                      shift and go to state 26
    type_specifier                 shift and go to state 28
    expression                     shift and go to state 30
    expression_statement           shift and go to state 32
    compound_statement             shift and go to state 33
    selection_statement            shift and go to state 34
    iteration_statement            shift and go to state 35
    jump_statement                 shift and go to state 36
    io_statement                   shift and go to state 37
    end_statement                  shift and go to state 38

state 11

    (9) function_definition -> STRATEGY type_specifier . ID CORNER parameter_list APEX compound_statement
    (10) function_definition -> STRATEGY type_specifier . ID CORNER APEX compound_statement

    ID              shift and go to state 64


state 12

    (11) function_definition -> STRATEGY NEUTRO . ID CORNER parameter_list APEX compound_statement
    (12) function_definition -> STRATEGY NEUTRO . ID CORNER APEX compound_statement

    ID              shift and go to state 65


state 13

    (41) function_definition -> STRATEGY error . READY

    READY           shift and go to state 66


state 14

    (16) type_specifier -> LAP .

    ID              reduce using rule 16 (type_specifier -> LAP .)


state 15

    (17) type_specifier -> SPLIT .

    ID              reduce using rule 17 (type_specifier -> SPLIT .)


state 16

    (18) type_specifier -> PITBOARD .

    ID              reduce using rule 18 (type_specifier -> PITBOARD .)


state 17

    (19) type_specifier -> YELLOW_FLAG .

    ID              reduce using rule 19 (type_specifier -> YELLOW_FLAG .)


state 18

    (20) type_specifier -> RADIO .

    ID              reduce using rule 20 (type_specifier -> RADIO .)


state 19

    (4) translation_unit -> function_list main_program function_list .
    (6) function_list -> function_list . function_definition
    (9) function_definition -> . STRATEGY type_specifier ID CORNER parameter_list APEX compound_statement
    (10) function_definition -> . STRATEGY type_specifier ID CORNER APEX compound_statement
    (11) function_definition -> . STRATEGY NEUTRO ID CORNER parameter_list APEX compound_statement
    (12) function_definition -> . STRATEGY NEUTRO ID CORNER APEX compound_statement
    (41) function_definition -> . STRATEGY error READY

    $end            reduce using rule 4 (translation_unit -> function_list main_program function_list .)
    STRATEGY        shift and go to state 6

    function_definition            shift and go to state 9

state 20

    (21) compound_statement -> GARAGE . block_item_list READY
    (22) compound_statement -> GARAGE . READY
    (40) compound_statement -> GARAGE . error READY
    (23) block_item_list -> . block_item
    (24) block_item_list -> . block_item_list block_item
    (25) block_item -> . declaration
    (26) block_item -> . statement
    (39) block_item -> . error STOP
    (27) declaration -> . type_specifier ID SETUP expression STOP
    (28) declaration -> . type_specifier ID STOP
    (29) declaration -> . VSC type_specifier ID SETUP expression STOP
    (30) statement -> . expression_statement
    (31) statement -> . compound_statement
    (32) statement -> . selection_statement
    (33) statement -> . iteration_statement
    (34) statement -> . jump_statement
    (35) statement -> . io_statement
    (36) statement -> . end_statement
    (16) type_specifier -> . LAP
    (17) type_specifier -> . SPLIT
    (18) type_specifier -> . PITBOARD
    (19) type_specifier -> . YELLOW_FLAG
    (20) type_specifier -> . RADIO
    (37) expression_statement -> . expression STOP
    (38) expression_statement -> . STOP
    (21) compound_statement -> . GARAGE block_item_list READY
    (22) compound_statement -> . GARAGE READY
    (40) compound_statement -> . GARAGE error READY
    (43) selection_statement -> . STRATEGY_CHECK CORNER expression APEX compound_statement
    (44) selection_statement -> . STRATEGY_CHECK CORNER expression APEX compound_statement STAY_OUT compound_statement
    (45) selection_statement -> . STRATEGY_CHECK CORNER expression APEX compound_statement STAY_OUT selection_statement
    (46) selection_statement -> . GAP_CHECK CORNER expression APEX GARAGE case_list READY
    (47) selection_statement -> . PITWALL CORNER expression APEX GARAGE case_list READY
    (52) iteration_statement -> . PUSH CORNER expression APEX compound_statement
    (53) iteration_statement -> . BOX compound_statement PUSH CORNER expression APEX STOP
    (54) iteration_statement -> . FORMATION_LAP CORNER for_init expression for_semi expression APEX compound_statement
    (55) iteration_statement -> . FORMATION_LAP CORNER for_init expression for_semi APEX compound_statement
    (56) iteration_statement -> . FORMATION_LAP CORNER for_semi for_semi APEX compound_statement
    (61) jump_statement -> . PODIO expression STOP
    (62) jump_statement -> . PODIO STOP
    (63) jump_statement -> . BOX_BOX STOP
    (64) jump_statement -> . DRS STOP
    (65) io_statement -> . BROADCAST CORNER expression APEX STOP
    (66) io_statement -> . TELEMETRY CORNER ID APEX STOP
    (67) end_statement -> . CHECKERED_FLAG STOP
    (68) expression -> . expression TOW expression
    (69) expression -> . expression GAP expression
    (70) expression -> . expression ERS expression
    (71) expression -> . expression STINT expression
    (72) expression -> . expression FUEL_DELTA expression
    (73) expression -> . expression DEAD_HEAT expression
    (74) expression -> . expression OUTLAP expression
    (75) expression -> . expression UNDERCUT expression
    (76) expression -> . expression OVERCUT expression
    (77) expression -> . expression UNDEREQ expression
    (78) expression -> . expression OVEREQ expression
    (79) expression -> . expression BOTH_TYRES expression
    (80) expression -> . expression EITHER_TYRE expression
    (81) expression -> . expression SAFETY expression
    (82) expression -> . expression OVERTAKE expression
    (83) expression -> . GAP expression
    (84) expression -> . REVERSE_GRID expression
    (85) expression -> . REVERSE expression
    (86) expression -> . CORNER expression APEX
    (87) expression -> . ID SETUP expression
    (88) expression -> . ID PITSTOW expression
    (89) expression -> . ID PITGAP expression
    (90) expression -> . ID PITERS expression
    (91) expression -> . ID PITSTINT expression
    (92) expression -> . ID FASTLAP
    (93) expression -> . ID DEGRADATION
    (94) expression -> . SLIPSTREAM expression
    (95) expression -> . POSITION expression
    (96) expression -> . ID CORNER argument_list APEX
    (97) expression -> . ID CORNER APEX
    (100) expression -> . ID
    (101) expression -> . INT_LITERAL
    (102) expression -> . FLOAT_LITERAL
    (103) expression -> . STRING_LITERAL
    (104) expression -> . CHAR_LITERAL
    (105) expression -> . GREEN_LIGHT
    (106) expression -> . RED_LIGHT
    (107) expression -> . DNF

    READY           shift and go to state 68
    error           shift and go to state 69
    VSC             shift and go to state 31
    LAP             shift and go to state 14
    SPLIT           shift and go to state 15
    PITBOARD        shift and go to state 16
    YELLOW_FLAG     shift and go to state 17
    RADIO           shift and go to state 18
    STOP            shift and go to state 27
    GARAGE          shift and go to state 20
    STRATEGY_CHECK  shift and go to state 39
    GAP_CHECK       shift and go to state 41
    PITWALL         shift and go to state 42
    PUSH            shift and go to state 43
    BOX             shift and go to state 44
    FORMATION_LAP   shift and go to state 45
    PODIO           shift and go to state 46
    BOX_BOX         shift and go to state 47
    DRS             shift and go to state 48
    BROADCAST       shift and go to state 49
    TELEMETRY       shift and go to state 50
    CHECKERED_FLAG  shift and go to state 51
    GAP             shift and go to state 52
    REVERSE_GRID    shift and go to state 53
    REVERSE         shift and go to state 54
    CORNER          shift and go to state 40
    ID              shift and go to state 29
    SLIPSTREAM      shift and go to state 55
    POSITION        shift and go to state 56
    INT_LITERAL     shift and go to state 57
    FLOAT_LITERAL   shift and go to state 58
    STRING_LITERAL  shift and go to state 59
    CHAR_LITERAL    shift and go to state 60
    GREEN_LIGHT     shift and go to state 61
    RED_LIGHT       shift and go to state 62
    DNF             shift and go to state 63

    block_item_list                shift and go to state 67
    block_item                     shift and go to state 24
    declaration                    shift and go to state 25
    statement                      shift and go to state 26
    type_specifier                 shift and go to state 28
    expression                     shift and go to state 30
    expression_statement           shift and go to state 32
    compound_statement             shift and go to state 33
    selection_statement            shift and go to state 34
    iteration_statement            shift and go to state 35
    jump_statement                 shift and go to state 36
    io_statement                   shift and go to state 37
    end_statement                  shift and go to state 38

state 21

    (7) main_program -> RACE_START GARAGE block_item_list . READY
    (24) block_item_list -> block_item_list . block_item
    (25) block_item -> . declaration
    (26) block_item -> . statement
    (39) block_item -> . error STOP
    (27) declaration -> . type_specifier ID SETUP expression STOP
    (28) declaration -> . type_specifier ID STOP
    (29) declaration -> . VSC type_specifier ID SETUP expression STOP
    (30) statement -> . expression_statement
    (31) statement -> . compound_statement
    (32) statement -> . selection_statement
    (33) statement -> . iteration_statement
    (34) statement -> . jump_statement
    (35) statement -> . io_statement
    (36) statement -> . end_statement
    (16) type_specifier -> . LAP
    (17) type_specifier -> . SPLIT
    (18) type_specifier -> . PITBOARD
    (19) type_specifier -> . YELLOW_FLAG
    (20) type_specifier -> . RADIO
    (37) expression_statement -> . expression STOP
    (38) expression_statement -> . STOP
    (21) compound_statement -> . GARAGE block_item_list READY
    (22) compound_statement -> . GARAGE READY
    (40) compound_statement -> . GARAGE error READY
    (43) selection_statement -> . STRATEGY_CHECK CORNER expression APEX compound_statement
    (44) selection_statement -> . STRATEGY_CHECK CORNER expression APEX compound_statement STAY_OUT compound_statement
    (45) selection_statement -> . STRATEGY_CHECK CORNER expression APEX compound_statement STAY_OUT selection_statement
    (46) selection_statement -> . GAP_CHECK CORNER expression APEX GARAGE case_list READY
    (47) selection_statement -> . PITWALL CORNER expression APEX GARAGE case_list READY
    (52) iteration_statement -> . PUSH CORNER expression APEX compound_statement
    (53) iteration_statement -> . BOX compound_statement PUSH CORNER expression APEX STOP
    (54) iteration_statement -> . FORMATION_LAP CORNER for_init expression for_semi expression APEX compound_statement
    (55) iteration_statement -> . FORMATION_LAP CORNER for_init expression for_semi APEX compound_statement
    (56) iteration_statement -> . FORMATION_LAP CORNER for_semi for_semi APEX compound_statement
    (61) jump_statement -> . PODIO expression STOP
    (62) jump_statement -> . PODIO STOP
    (63) jump_statement -> . BOX_BOX STOP
    (64) jump_statement -> . DRS STOP
    (65) io_statement -> . BROADCAST CORNER expression APEX STOP
    (66) io_statement -> . TELEMETRY CORNER ID APEX STOP
    (67) end_statement -> . CHECKERED_FLAG STOP
    (68) expression -> . expression TOW expression
    (69) expression -> . expression GAP expression
    (70) expression -> . expression ERS expression
    (71) expression -> . expression STINT expression
    (72) expression -> . expression FUEL_DELTA expression
    (73) expression -> . expression DEAD_HEAT expression
    (74) expression -> . expression OUTLAP expression
    (75) expression -> . expression UNDERCUT expression
    (76) expression -> . expression OVERCUT expression
    (77) expression -> . expression UNDEREQ expression
    (78) expression -> . expression OVEREQ expression
    (79) expression -> . expression BOTH_TYRES expression
    (80) expression -> . expression EITHER_TYRE expression
    (81) expression -> . expression SAFETY expression
    (82) expression -> . expression OVERTAKE expression
    (83) expression -> . GAP expression
    (84) expression -> . REVERSE_GRID expression
    (85) expression -> . REVERSE expression
    (86) expression -> . CORNER expression APEX
    (87) expression -> . ID SETUP expression
    (88) expression -> . ID PITSTOW expression
    (89) expression -> . ID PITGAP expression
    (90) expression -> . ID PITERS expression
    (91) expression -> . ID PITSTINT expression
    (92) expression -> . ID FASTLAP
    (93) expression -> . ID DEGRADATION
    (94) expression -> . SLIPSTREAM expression
    (95) expression -> . POSITION expression
    (96) expression -> . ID CORNER argument_list APEX
    (97) expression -> . ID CORNER APEX
    (100) expression -> . ID
    (101) expression -> . INT_LITERAL
    (102) expression -> . FLOAT_LITERAL
    (103) expression -> . STRING_LITERAL
    (104) expression -> . CHAR_LITERAL
    (105) expression -> . GREEN_LIGHT
    (106) expression -> . RED_LIGHT
    (107) expression -> . DNF

    READY           shift and go to state 70
    error           shift and go to state 72
    VSC             shift and go to state 31
    LAP             shift and go to state 14
    SPLIT           shift and go to state 15
    PITBOARD        shift and go to state 16
    YELLOW_FLAG     shift and go to state 17
    RADIO           shift and go to state 18
    STOP            shift and go to state 27
    GARAGE          shift and go to state 20
    STRATEGY_CHECK  shift and go to state 39
    GAP_CHECK       shift and go to state 41
    PITWALL         shift and go to state 42
    PUSH            shift and go to state 43
    BOX             shift and go to state 44
    FORMATION_LAP   shift and go to state 45
    PODIO           shift and go to state 46
    BOX_BOX         shift and go to state 47
    DRS             shift and go to state 48
    BROADCAST       shift and go to state 49
    TELEMETRY       shift and go to state 50
    CHECKERED_FLAG  shift and go to state 51
    GAP             shift and go to state 52
    REVERSE_GRID    shift and go to state 53
    REVERSE         shift and go to state 54
    CORNER          shift and go to state 40
    ID              shift and go to state 29
    SLIPSTREAM      shift and go to state 55
    POSITION        shift and go to state 56
    INT_LITERAL     shift and go to state 57
    FLOAT_LITERAL   shift and go to state 58
    STRING_LITERAL  shift and go to state 59
    CHAR_LITERAL    shift and go to state 60
    GREEN_LIGHT     shift and go to state 61
    RED_LIGHT       shift and go to state 62
    DNF             shift and go to state 63

    block_item                     shift and go to state 71
    declaration                    shift and go to state 25
    statement                      shift and go to state 26
    type_specifier                 shift and go to state 28
    expression                     shift and go to state 30
    expression_statement           shift and go to state 32
    compound_statement             shift and go to state 33
    selection_statement            shift and go to state 34
    iteration_statement            shift and go to state 35
    jump_statement                 shift and go to state 36
    io_statement                   shift and go to state 37
    end_statement                  shift and go to state 38

state 22

    (8) main_program -> RACE_START GARAGE READY .

    STRATEGY        reduce using rule 8 (main_program -> RACE_START GARAGE READY .)
    $end            reduce using rule 8 (main_program -> RACE_START GARAGE READY .)


state 23

    (42) main_program -> RACE_START GARAGE error . READY
    (39) block_item -> error . STOP

    READY           shift and go to state 73
    STOP            shift and go to state 74


state 24

    (23) block_item_list -> block_item .

    READY           reduce using rule 23 (block_item_list -> block_item .)
    error           reduce using rule 23 (block_item_list -> block_item .)
    VSC             reduce using rule 23 (block_item_list -> block_item .)
    LAP             reduce using rule 23 (block_item_list -> block_item .)
    SPLIT           reduce using rule 23 (block_item_list -> block_item .)
    PITBOARD        reduce using rule 23 (block_item_list -> block_item .)
    YELLOW_FLAG     reduce using rule 23 (block_item_list -> block_item .)
    RADIO           reduce using rule 23 (block_item_list -> block_item .)
    STOP            reduce using rule 23 (block_item_list -> block_item .)
    GARAGE          reduce using rule 23 (block_item_list -> block_item .)
    STRATEGY_CHECK  reduce using rule 23 (block_item_list -> block_item .)
    GAP_CHECK       reduce using rule 23 (block_item_list -> block_item .)
    PITWALL         reduce using rule 23 (block_item_list -> block_item .)
    PUSH            reduce using rule 23 (block_item_list -> block_item .)
    BOX             reduce using rule 23 (block_item_list -> block_item .)
    FORMATION_LAP   reduce using rule 23 (block_item_list -> block_item .)
    PODIO           reduce using rule 23 (block_item_list -> block_item .)
    BOX_BOX         reduce using rule 23 (block_item_list -> block_item .)
    DRS             reduce using rule 23 (block_item_list -> block_item .)
    BROADCAST       reduce using rule 23 (block_item_list -> block_item .)
    TELEMETRY       reduce using rule 23 (block_item_list -> block_item .)
    CHECKERED_FLAG  reduce using rule 23 (block_item_list -> block_item .)
    GAP             reduce using rule 23 (block_item_list -> block_item .)
    REVERSE_GRID    reduce using rule 23 (block_item_list -> block_item .)
    REVERSE         reduce using rule 23 (block_item_list -> block_item .)
    CORNER          reduce using rule 23 (block_item_list -> block_item .)
    ID              reduce using rule 23 (block_item_list -> block_item .)
    SLIPSTREAM      reduce using rule 23 (block_item_list -> block_item .)
    POSITION        reduce using rule 23 (block_item_list -> block_item .)
    INT_LITERAL     reduce using rule 23 (block_item_list -> block_item .)
    FLOAT_LITERAL   reduce using rule 23 (block_item_list -> block_item .)
    STRING_LITERAL  reduce using rule 23 (block_item_list -> block_item .)
    CHAR_LITERAL    reduce using rule 23 (block_item_list -> block_item .)
    GREEN_LIGHT     reduce using rule 23 (block_item_list -> block_item .)
    RED_LIGHT       reduce using rule 23 (block_item_list -> block_item .)
    DNF             reduce using rule 23 (block_item_list -> block_item .)
    SECTOR          reduce using rule 23 (block_item_list -> block_item .)
    NO_DATA         reduce using rule 23 (block_item_list -> block_item .)


state 25

    (25) block_item -> declaration .

    READY           reduce using rule 25 (block_item -> declaration .)
    error           reduce using rule 25 (block_item -> declaration .)
    VSC             reduce using rule 25 (block_item -> declaration .)
    LAP             reduce using rule 25 (block_item -> declaration .)
    SPLIT           reduce using rule 25 (block_item -> declaration .)
    PITBOARD        reduce using rule 25 (block_item -> declaration .)
    YELLOW_FLAG     reduce using rule 25 (block_item -> declaration .)
    RADIO           reduce using rule 25 (block_item -> declaration .)
    STOP            reduce using rule 25 (block_item -> declaration .)
    GARAGE          reduce using rule 25 (block_item -> declaration .)
    STRATEGY_CHECK  reduce using rule 25 (block_item -> declaration .)
    GAP_CHECK       reduce using rule 25 (block_item -> declaration .)
    PITWALL         reduce using rule 25 (block_item -> declaration .)
    PUSH            reduce using rule 25 (block_item -> declaration .)
    BOX             reduce using rule 25 (block_item -> declaration .)
    FORMATION_LAP   reduce using rule 25 (block_item -> declaration .)
    PODIO           reduce using rule 25 (block_item -> declaration .)
    BOX_BOX         reduce using rule 25 (block_item -> declaration .)
    DRS             reduce using rule 25 (block_item -> declaration .)
    BROADCAST       reduce using rule 25 (block_item -> declaration .)
    TELEMETRY       reduce using rule 25 (block_item -> declaration .)
    CHECKERED_FLAG  reduce using rule 25 (block_item -> declaration .)
    GAP             reduce using rule 25 (block_item -> declaration .)
    REVERSE_GRID    reduce using rule 25 (block_item -> declaration .)
    REVERSE         reduce using rule 25 (block_item -> declaration .)
    CORNER          reduce using rule 25 (block_item -> declaration .)
    ID              reduce using rule 25 (block_item -> declaration .)
    SLIPSTREAM      reduce using rule 25 (block_item -> declaration .)
    POSITION        reduce using rule 25 (block_item -> declaration .)
    INT_LITERAL     reduce using rule 25 (block_item -> declaration .)
    FLOAT_LITERAL   reduce using rule 25 (block_item -> declaration .)
    STRING_LITERAL  reduce using rule 25 (block_item -> declaration .)
    CHAR_LITERAL    reduce using rule 25 (block_item -> declaration .)
    GREEN_LIGHT     reduce using rule 25 (block_item -> declaration .)
    RED_LIGHT       reduce using rule 25 (block_item -> declaration .)
    DNF             reduce using rule 25 (block_item -> declaration .)
    SECTOR          reduce using rule 25 (block_item -> declaration .)
    NO_DATA         reduce using rule 25 (block_item -> declaration .)


state 26

    (26) block_item -> statement .

    READY           reduce using rule 26 (block_item -> statement .)
    error           reduce using rule 26 (block_item -> statement .)
    VSC             reduce using rule 26 (block_item -> statement .)
    LAP             reduce using rule 26 (block_item -> statement .)
    SPLIT           reduce using rule 26 (block_item -> statement .)
    PITBOARD        reduce using rule 26 (block_item -> statement .)
    YELLOW_FLAG     reduce using rule 26 (block_item -> statement .)
    RADIO           reduce using rule 26 (block_item -> statement .)
    STOP            reduce using rule 26 (block_item -> statement .)
    GARAGE          reduce using rule 26 (block_item -> statement .)
    STRATEGY_CHECK  reduce using rule 26 (block_item -> statement .)
    GAP_CHECK       reduce using rule 26 (block_item -> statement .)
    PITWALL         reduce using rule 26 (block_item -> statement .)
    PUSH            reduce using rule 26 (block_item -> statement .)
    BOX             reduce using rule 26 (block_item -> statement .)
    FORMATION_LAP   reduce using rule 26 (block_item -> statement .)
    PODIO           reduce using rule 26 (block_item -> statement .)
    BOX_BOX         reduce using rule 26 (block_item -> statement .)
    DRS             reduce using rule 26 (block_item -> statement .)
    BROADCAST       reduce using rule 26 (block_item -> statement .)
    TELEMETRY       reduce using rule 26 (block_item -> statement .)
    CHECKERED_FLAG  reduce using rule 26 (block_item -> statement .)
    GAP             reduce using rule 26 (block_item -> statement .)
    REVERSE_GRID    reduce using rule 26 (block_item -> statement .)
    REVERSE         reduce using rule 26 (block_item -> statement .)
    CORNER          reduce using rule 26 (block_item -> statement .)
    ID              reduce using rule 26 (block_item -> statement .)
    SLIPSTREAM      reduce using rule 26 (block_item -> statement .)
    POSITION        reduce using rule 26 (block_item -> statement .)
    INT_LITERAL     reduce using rule 26 (block_item -> statement .)
    FLOAT_LITERAL   reduce using rule 26 (block_item -> statement .)
    STRING_LITERAL  reduce using rule 26 (block_item -> statement .)
    CHAR_LITERAL    reduce using rule 26 (block_item -> statement .)
    GREEN_LIGHT     reduce using rule 26 (block_item -> statement .)
    RED_LIGHT       reduce using rule 26 (block_item -> statement .)
    DNF             reduce using rule 26 (block_item -> statement .)
    SECTOR          reduce using rule 26 (block_item -> statement .)
    NO_DATA         reduce using rule 26 (block_item -> statement .)


state 27

    (38) expression_statement -> STOP .

    READY           reduce using rule 38 (expression_statement -> STOP .)
    error           reduce using rule 38 (expression_statement -> STOP .)
    VSC             reduce using rule 38 (expression_statement -> STOP .)
    LAP             reduce using rule 38 (expression_statement -> STOP .)
    SPLIT           reduce using rule 38 (expression_statement -> STOP .)
    PITBOARD        reduce using rule 38 (expression_statement -> STOP .)
    YELLOW_FLAG     reduce using rule 38 (expression_statement -> STOP .)
    RADIO           reduce using rule 38 (expression_statement -> STOP .)
    STOP            reduce using rule 38 (expression_statement -> STOP .)
    GARAGE          reduce using rule 38 (expression_statement -> STOP .)
    STRATEGY_CHECK  reduce using rule 38 (expression_statement -> STOP .)
    GAP_CHECK       reduce using rule 38 (expression_statement -> STOP .)
    PITWALL         reduce using rule 38 (expression_statement -> STOP .)
    PUSH            reduce using rule 38 (expression_statement -> STOP .)
    BOX             reduce using rule 38 (expression_statement -> STOP .)
    FORMATION_LAP   reduce using rule 38 (expression_statement -> STOP .)
    PODIO           reduce using rule 38 (expression_statement -> STOP .)
    BOX_BOX         reduce using rule 38 (expression_statement -> STOP .)
    DRS             reduce using rule 38 (expression_statement -> STOP .)
    BROADCAST       reduce using rule 38 (expression_statement -> STOP .)
    TELEMETRY       reduce using rule 38 (expression_statement -> STOP .)
    CHECKERED_FLAG  reduce using rule 38 (expression_statement -> STOP .)
    GAP             reduce using rule 38 (expression_statement -> STOP .)
    REVERSE_GRID    reduce using rule 38 (expression_statement -> STOP .)
    REVERSE         reduce using rule 38 (expression_statement -> STOP .)
    CORNER          reduce using rule 38 (expression_statement -> STOP .)
    ID              reduce using rule 38 (expression_statement -> STOP .)
    SLIPSTREAM      reduce using rule 38 (expression_statement -> STOP .)
    POSITION        reduce using rule 38 (expression_statement -> STOP .)
    INT_LITERAL     reduce using rule 38 (expression_statement -> STOP .)
    FLOAT_LITERAL   reduce using rule 38 (expression_statement -> STOP .)
    STRING_LITERAL  reduce using rule 38 (expression_statement -> STOP .)
    CHAR_LITERAL    reduce using rule 38 (expression_statement -> STOP .)
    GREEN_LIGHT     reduce using rule 38 (expression_statement -> STOP .)
    RED_LIGHT       reduce using rule 38 (expression_statement -> STOP .)
    DNF             reduce using rule 38 (expression_statement -> STOP .)
    SECTOR          reduce using rule 38 (expression_statement -> STOP .)
    NO_DATA         reduce using rule 38 (expression_statement -> STOP .)


state 28

    (27) declaration -> type_specifier . ID SETUP expression STOP
    (28) declaration -> type_specifier . ID STOP

    ID              shift and go to state 75


state 29

    (87) expression -> ID . SETUP expression
    (88) expression -> ID . PITSTOW expression
    (89) expression -> ID . PITGAP expression
    (90) expression -> ID . PITERS expression
    (91) expression -> ID . PITSTINT expression
    (92) expression -> ID . FASTLAP
    (93) expression -> ID . DEGRADATION
    (96) expression -> ID . CORNER argument_list APEX
    (97) expression -> ID . CORNER APEX
    (100) expression -> ID .

    SETUP           shift and go to state 76
    PITSTOW         shift and go to state 77
    PITGAP          shift and go to state 78
    PITERS          shift and go to state 79
    PITSTINT        shift and go to state 80
    FASTLAP         shift and go to state 81
    DEGRADATION     shift and go to state 82
    CORNER          shift and go to state 83
    STOP            reduce using rule 100 (expression -> ID .)
    TOW             reduce using rule 100 (expression -> ID .)
    GAP             reduce using rule 100 (expression -> ID .)
    ERS             reduce using rule 100 (expression -> ID .)
    STINT           reduce using rule 100 (expression -> ID .)
    FUEL_DELTA      reduce using rule 100 (expression -> ID .)
    DEAD_HEAT       reduce using rule 100 (expression -> ID .)
    OUTLAP          reduce using rule 100 (expression -> ID .)
    UNDERCUT        reduce using rule 100 (expression -> ID .)
    OVERCUT         reduce using rule 100 (expression -> ID .)
    UNDEREQ         reduce using rule 100 (expression -> ID .)
    OVEREQ          reduce using rule 100 (expression -> ID .)
    BOTH_TYRES      reduce using rule 100 (expression -> ID .)
    EITHER_TYRE     reduce using rule 100 (expression -> ID .)
    SAFETY          reduce using rule 100 (expression -> ID .)
    OVERTAKE        reduce using rule 100 (expression -> ID .)
    APEX            reduce using rule 100 (expression -> ID .)
    ALSO            reduce using rule 100 (expression -> ID .)
    MARSHALL        reduce using rule 100 (expression -> ID .)


state 30

    (37) expression_statement -> expression . STOP
    (68) expression -> expression . TOW expression
    (69) expression -> expression . GAP expression
    (70) expression -> expression . ERS expression
    (71) expression -> expression . STINT expression
    (72) expression -> expression . FUEL_DELTA expression
    (73) expression -> expression . DEAD_HEAT expression
    (74) expression -> expression . OUTLAP expression
    (75) expression -> expression . UNDERCUT expression
    (76) expression -> expression . OVERCUT expression
    (77) expression -> expression . UNDEREQ expression
    (78) expression -> expression . OVEREQ expression
    (79) expression -> expression . BOTH_TYRES expression
    (80) expression -> expression . EITHER_TYRE expression
    (81) expression -> expression . SAFETY expression
    (82) expression -> expression . OVERTAKE expression

    STOP            shift and go to state 84
    TOW             shift and go to state 85
    GAP             shift and go to state 86
    ERS             shift and go to state 87
    STINT           shift and go to state 88
    FUEL_DELTA      shift and go to state 89
    DEAD_HEAT       shift and go to state 90
    OUTLAP          shift and go to state 91
    UNDERCUT        shift and go to state 92
    OVERCUT         shift and go to state 93
    UNDEREQ         shift and go to state 94
    OVEREQ          shift and go to state 95
    BOTH_TYRES      shift and go to state 96
    EITHER_TYRE     shift and go to state 97
    SAFETY          shift and go to state 98
    OVERTAKE        shift and go to state 99


state 31

    (29) declaration -> VSC . type_specifier ID SETUP expression STOP
    (16) type_specifier -> . LAP
    (17) type_specifier -> . SPLIT
    (18) type_specifier -> . PITBOARD
    (19) type_specifier -> . YELLOW_FLAG
    (20) type_specifier -> . RADIO

    LAP             shift and go to state 14
    SPLIT           shift and go to state 15
    PITBOARD        shift and go to state 16
    YELLOW_FLAG     shift and go to state 17
    RADIO           shift and go to state 18

    type_specifier                 shift and go to state 100

state 32

    (30) statement -> expression_statement .

    READY           reduce using rule 30 (statement -> expression_statement .)
    error           reduce using rule 30 (statement -> expression_statement .)
    VSC             reduce using rule 30 (statement -> expression_statement .)
    LAP             reduce using rule 30 (statement -> expression_statement .)
    SPLIT           reduce using rule 30 (statement -> expression_statement .)
    PITBOARD        reduce using rule 30 (statement -> expression_statement .)
    YELLOW_FLAG     reduce using rule 30 (statement -> expression_statement .)
    RADIO           reduce using rule 30 (statement -> expression_statement .)
    STOP            reduce using rule 30 (statement -> expression_statement .)
    GARAGE          reduce using rule 30 (statement -> expression_statement .)
    STRATEGY_CHECK  reduce using rule 30 (statement -> expression_statement .)
    GAP_CHECK       reduce using rule 30 (statement -> expression_statement .)
    PITWALL         reduce using rule 30 (statement -> expression_statement .)
    PUSH            reduce using rule 30 (statement -> expression_statement .)
    BOX             reduce using rule 30 (statement -> expression_statement .)
    FORMATION_LAP   reduce using rule 30 (statement -> expression_statement .)
    PODIO           reduce using rule 30 (statement -> expression_statement .)
    BOX_BOX         reduce using rule 30 (statement -> expression_statement .)
    DRS             reduce using rule 30 (statement -> expression_statement .)
    BROADCAST       reduce using rule 30 (statement -> expression_statement .)
    TELEMETRY       reduce using rule 30 (statement -> expression_statement .)
    CHECKERED_FLAG  reduce using rule 30 (statement -> expression_statement .)
    GAP             reduce using rule 30 (statement -> expression_statement .)
    REVERSE_GRID    reduce using rule 30 (statement -> expression_statement .)
    REVERSE         reduce using rule 30 (statement -> expression_statement .)
    CORNER          reduce using rule 30 (statement -> expression_statement .)
    ID              reduce using rule 30 (statement -> expression_statement .)
    SLIPSTREAM      reduce using rule 30 (statement -> expression_statement .)
    POSITION        reduce using rule 30 (statement -> expression_statement .)
    INT_LITERAL     reduce using rule 30 (statement -> expression_statement .)
    FLOAT_LITERAL   reduce using rule 30 (statement -> expression_statement .)
    STRING_LITERAL  reduce using rule 30 (statement -> expression_statement .)
    CHAR_LITERAL    reduce using rule 30 (statement -> expression_statement .)
    GREEN_LIGHT     reduce using rule 30 (statement -> expression_statement .)
    RED_LIGHT       reduce using rule 30 (statement -> expression_statement .)
    DNF             reduce using rule 30 (statement -> expression_statement .)
    SECTOR          reduce using rule 30 (statement -> expression_statement .)
    NO_DATA         reduce using rule 30 (statement -> expression_statement .)


state 33

    (31) statement -> compound_statement .

    READY           reduce using rule 31 (statement -> compound_statement .)
    error           reduce using rule 31 (statement -> compound_statement .)
    VSC             reduce using rule 31 (statement -> compound_statement .)
    LAP             reduce using rule 31 (statement -> compound_statement .)
    SPLIT           reduce using rule 31 (statement -> compound_statement .)
    PITBOARD        reduce using rule 31 (statement -> compound_statement .)
    YELLOW_FLAG     reduce using rule 31 (statement -> compound_statement .)
    RADIO           reduce using rule 31 (statement -> compound_statement .)
    STOP            reduce using rule 31 (statement -> compound_statement .)
    GARAGE          reduce using rule 31 (statement -> compound_statement .)
    STRATEGY_CHECK  reduce using rule 31 (statement -> compound_statement .)
    GAP_CHECK       reduce using rule 31 (statement -> compound_statement .)
    PITWALL         reduce using rule 31 (statement -> compound_statement .)
    PUSH            reduce using rule 31 (statement -> compound_statement .)
    BOX             reduce using rule 31 (statement -> compound_statement .)
    FORMATION_LAP   reduce using rule 31 (statement -> compound_statement .)
    PODIO           reduce using rule 31 (statement -> compound_statement .)
    BOX_BOX         reduce using rule 31 (statement -> compound_statement .)
    DRS             reduce using rule 31 (statement -> compound_statement .)
    BROADCAST       reduce using rule 31 (statement -> compound_statement .)
    TELEMETRY       reduce using rule 31 (statement -> compound_statement .)
    CHECKERED_FLAG  reduce using rule 31 (statement -> compound_statement .)
    GAP             reduce using rule 31 (statement -> compound_statement .)
    REVERSE_GRID    reduce using rule 31 (statement -> compound_statement .)
    REVERSE         reduce using rule 31 (statement -> compound_statement .)
    CORNER          reduce using rule 31 (statement -> compound_statement .)
    ID              reduce using rule 31 (statement -> compound_statement .)
    SLIPSTREAM      reduce using rule 31 (statement -> compound_statement .)
    POSITION        reduce using rule 31 (statement -> compound_statement .)
    INT_LITERAL     reduce using rule 31 (statement -> compound_statement .)
    FLOAT_LITERAL   reduce using rule 31 (statement -> compound_statement .)
    STRING_LITERAL  reduce using rule 31 (statement -> compound_statement .)
    CHAR_LITERAL    reduce using rule 31 (statement -> compound_statement .)
    GREEN_LIGHT     reduce using rule 31 (statement -> compound_statement .)
    RED_LIGHT       reduce using rule 31 (statement -> compound_statement .)
    DNF             reduce using rule 31 (statement -> compound_statement .)
    SECTOR          reduce using rule 31 (statement -> compound_statement .)
    NO_DATA         reduce using rule 31 (statement -> compound_statement .)


state 34

    (32) statement -> selection_statement .

    READY           reduce using rule 32 (statement -> selection_statement .)
    error           reduce using rule 32 (statement -> selection_statement .)
    VSC             reduce using rule 32 (statement -> selection_statement .)
    LAP             reduce using rule 32 (statement -> selection_statement .)
    SPLIT           reduce using rule 32 (statement -> selection_statement .)
    PITBOARD        reduce using rule 32 (statement -> selection_statement .)
    YELLOW_FLAG     reduce using rule 32 (statement -> selection_statement .)
    RADIO           reduce using rule 32 (statement -> selection_statement .)
    STOP            reduce using rule 32 (statement -> selection_statement .)
    GARAGE          reduce using rule 32 (statement -> selection_statement .)
    STRATEGY_CHECK  reduce using rule 32 (statement -> selection_statement .)
    GAP_CHECK       reduce using rule 32 (statement -> selection_statement .)
    PITWALL         reduce using rule 32 (statement -> selection_statement .)
    PUSH            reduce using rule 32 (statement -> selection_statement .)
    BOX             reduce using rule 32 (statement -> selection_statement .)
    FORMATION_LAP   reduce using rule 32 (statement -> selection_statement .)
    PODIO           reduce using rule 32 (statement -> selection_statement .)
    BOX_BOX         reduce using rule 32 (statement -> selection_statement .)
    DRS             reduce using rule 32 (statement -> selection_statement .)
    BROADCAST       reduce using rule 32 (statement -> selection_statement .)
    TELEMETRY       reduce using rule 32 (statement -> selection_statement .)
    CHECKERED_FLAG  reduce using rule 32 (statement -> selection_statement .)
    GAP             reduce using rule 32 (statement -> selection_statement .)
    REVERSE_GRID    reduce using rule 32 (statement -> selection_statement .)
    REVERSE         reduce using rule 32 (statement -> selection_statement .)
    CORNER          reduce using rule 32 (statement -> selection_statement .)
    ID              reduce using rule 32 (statement -> selection_statement .)
    SLIPSTREAM      reduce using rule 32 (statement -> selection_statement .)
    POSITION        reduce using rule 32 (statement -> selection_statement .)
    INT_LITERAL     reduce using rule 32 (statement -> selection_statement .)
    FLOAT_LITERAL   reduce using rule 32 (statement -> selection_statement .)
    STRING_LITERAL  reduce using rule 32 (statement -> selection_statement .)
    CHAR_LITERAL    reduce using rule 32 (statement -> selection_statement .)
    GREEN_LIGHT     reduce using rule 32 (statement -> selection_statement .)
    RED_LIGHT       reduce using rule 32 (statement -> selection_statement .)
    DNF             reduce using rule 32 (statement -> selection_statement .)
    SECTOR          reduce using rule 32 (statement -> selection_statement .)
    NO_DATA         reduce using rule 32 (statement -> selection_statement .)


state 35

    (33) statement -> iteration_statement .

    READY           reduce using rule 33 (statement -> iteration_statement .)
    error           reduce using rule 33 (statement -> iteration_statement .)
    VSC             reduce using rule 33 (statement -> iteration_statement .)
    LAP             reduce using rule 33 (statement -> iteration_statement .)
    SPLIT           reduce using rule 33 (statement -> iteration_statement .)
    PITBOARD        reduce using rule 33 (statement -> iteration_statement .)
    YELLOW_FLAG     reduce using rule 33 (statement -> iteration_statement .)
    RADIO           reduce using rule 33 (statement -> iteration_statement .)
    STOP            reduce using rule 33 (statement -> iteration_statement .)
    GARAGE          reduce using rule 33 (statement -> iteration_statement .)
    STRATEGY_CHECK  reduce using rule 33 (statement -> iteration_statement .)
    GAP_CHECK       reduce using rule 33 (statement -> iteration_statement .)
    PITWALL         reduce using rule 33 (statement -> iteration_statement .)
    PUSH            reduce using rule 33 (statement -> iteration_statement .)
    BOX             reduce using rule 33 (statement -> iteration_statement .)
    FORMATION_LAP   reduce using rule 33 (statement -> iteration_statement .)
    PODIO           reduce using rule 33 (statement -> iteration_statement .)
    BOX_BOX         reduce using rule 33 (statement -> iteration_statement .)
    DRS             reduce using rule 33 (statement -> iteration_statement .)
    BROADCAST       reduce using rule 33 (statement -> iteration_statement .)
    TELEMETRY       reduce using rule 33 (statement -> iteration_statement .)
    CHECKERED_FLAG  reduce using rule 33 (statement -> iteration_statement .)
    GAP             reduce using rule 33 (statement -> iteration_statement .)
    REVERSE_GRID    reduce using rule 33 (statement -> iteration_statement .)
    REVERSE         reduce using rule 33 (statement -> iteration_statement .)
    CORNER          reduce using rule 33 (statement -> iteration_statement .)
    ID              reduce using rule 33 (statement -> iteration_statement .)
    SLIPSTREAM      reduce using rule 33 (statement -> iteration_statement .)
    POSITION        reduce using rule 33 (statement -> iteration_statement .)
    INT_LITERAL     reduce using rule 33 (statement -> iteration_statement .)
    FLOAT_LITERAL   reduce using rule 33 (statement -> iteration_statement .)
    STRING_LITERAL  reduce using rule 33 (statement -> iteration_statement .)
    CHAR_LITERAL    reduce using rule 33 (statement -> iteration_statement .)
    GREEN_LIGHT     reduce using rule 33 (statement -> iteration_statement .)
    RED_LIGHT       reduce using rule 33 (statement -> iteration_statement .)
    DNF             reduce using rule 33 (statement -> iteration_statement .)
    SECTOR          reduce using rule 33 (statement -> iteration_statement .)
    NO_DATA         reduce using rule 33 (statement -> iteration_statement .)


state 36

    (34) statement -> jump_statement .

    READY           reduce using rule 34 (statement -> jump_statement .)
    error           reduce using rule 34 (statement -> jump_statement .)
    VSC             reduce using rule 34 (statement -> jump_statement .)
    LAP             reduce using rule 34 (statement -> jump_statement .)
    SPLIT           reduce using rule 34 (statement -> jump_statement .)
    PITBOARD        reduce using rule 34 (statement -> jump_statement .)
    YELLOW_FLAG     reduce using rule 34 (statement -> jump_statement .)
    RADIO           reduce using rule 34 (statement -> jump_statement .)
    STOP            reduce using rule 34 (statement -> jump_statement .)
    GARAGE          reduce using rule 34 (statement -> jump_statement .)
    STRATEGY_CHECK  reduce using rule 34 (statement -> jump_statement .)
    GAP_CHECK       reduce using rule 34 (statement -> jump_statement .)
    PITWALL         reduce using rule 34 (statement -> jump_statement .)
    PUSH            reduce using rule 34 (statement -> jump_statement .)
    BOX             reduce using rule 34 (statement -> jump_statement .)
    FORMATION_LAP   reduce using rule 34 (statement -> jump_statement .)
    PODIO           reduce using rule 34 (statement -> jump_statement .)
    BOX_BOX         reduce using rule 34 (statement -> jump_statement .)
    DRS             reduce using rule 34 (statement -> jump_statement .)
    BROADCAST       reduce using rule 34 (statement -> jump_statement .)
    TELEMETRY       reduce using rule 34 (statement -> jump_statement .)
    CHECKERED_FLAG  reduce using rule 34 (statement -> jump_statement .)
    GAP             reduce using rule 34 (statement -> jump_statement .)
    REVERSE_GRID    reduce using rule 34 (statement -> jump_statement .)
    REVERSE         reduce using rule 34 (statement -> jump_statement .)
    CORNER          reduce using rule 34 (statement -> jump_statement .)
    ID              reduce using rule 34 (statement -> jump_statement .)
    SLIPSTREAM      reduce using rule 34 (statement -> jump_statement .)
    POSITION        reduce using rule 34 (statement -> jump_statement .)
    INT_LITERAL     reduce using rule 34 (statement -> jump_statement .)
    FLOAT_LITERAL   reduce using rule 34 (statement -> jump_statement .)
    STRING_LITERAL  reduce using rule 34 (statement -> jump_statement .)
    CHAR_LITERAL    reduce using rule 34 (statement -> jump_statement .)
    GREEN_LIGHT     reduce using rule 34 (statement -> jump_statement .)
    RED_LIGHT       reduce using rule 34 (statement -> jump_statement .)
    DNF             reduce using rule 34 (statement -> jump_statement .)
    SECTOR          reduce using rule 34 (statement -> jump_statement .)
    NO_DATA         reduce using rule 34 (statement -> jump_statement .)


state 37

    (35) statement -> io_statement .

    READY           reduce using rule 35 (statement -> io_statement .)
    error           reduce using rule 35 (statement -> io_statement .)
    VSC             reduce using rule 35 (statement -> io_statement .)
    LAP             reduce using rule 35 (statement -> io_statement .)
    SPLIT           reduce using rule 35 (statement -> io_statement .)
    PITBOARD        reduce using rule 35 (statement -> io_statement .)
    YELLOW_FLAG     reduce using rule 35 (statement -> io_statement .)
    RADIO           reduce using rule 35 (statement -> io_statement .)
    STOP            reduce using rule 35 (statement -> io_statement .)
    GARAGE          reduce using rule 35 (statement -> io_statement .)
    STRATEGY_CHECK  reduce using rule 35 (statement -> io_statement .)
    GAP_CHECK       reduce using rule 35 (statement -> io_statement .)
    PITWALL         reduce using rule 35 (statement -> io_statement .)
    PUSH            reduce using rule 35 (statement -> io_statement .)
    BOX             reduce using rule 35 (statement -> io_statement .)
    FORMATION_LAP   reduce using rule 35 (statement -> io_statement .)
    PODIO           reduce using rule 35 (statement -> io_statement .)
    BOX_BOX         reduce using rule 35 (statement -> io_statement .)
    DRS             reduce using rule 35 (statement -> io_statement .)
    BROADCAST       reduce using rule 35 (statement -> io_statement .)
    TELEMETRY       reduce using rule 35 (statement -> io_statement .)
    CHECKERED_FLAG  reduce using rule 35 (statement -> io_statement .)
    GAP             reduce using rule 35 (statement -> io_statement .)
    REVERSE_GRID    reduce using rule 35 (statement -> io_statement .)
    REVERSE         reduce using rule 35 (statement -> io_statement .)
    CORNER          reduce using rule 35 (statement -> io_statement .)
    ID              reduce using rule 35 (statement -> io_statement .)
    SLIPSTREAM      reduce using rule 35 (statement -> io_statement .)
    POSITION        reduce using rule 35 (statement -> io_statement .)
    INT_LITERAL     reduce using rule 35 (statement -> io_statement .)
    FLOAT_LITERAL   reduce using rule 35 (statement -> io_statement .)
    STRING_LITERAL  reduce using rule 35 (statement -> io_statement .)
    CHAR_LITERAL    reduce using rule 35 (statement -> io_statement .)
    GREEN_LIGHT     reduce using rule 35 (statement -> io_statement .)
    RED_LIGHT       reduce using rule 35 (statement -> io_statement .)
    DNF             reduce using rule 35 (statement -> io_statement .)
    SECTOR          reduce using rule 35 (statement -> io_statement .)
    NO_DATA         reduce using rule 35 (statement -> io_statement .)


state 38

    (36) statement -> end_statement .

    READY           reduce using rule 36 (statement -> end_statement .)
    error           reduce using rule 36 (statement -> end_statement .)
    VSC             reduce using rule 36 (statement -> end_statement .)
    LAP             reduce using rule 36 (statement -> end_statement .)
    SPLIT           reduce using rule 36 (statement -> end_statement .)
    PITBOARD        reduce using rule 36 (statement -> end_statement .)
    YELLOW_FLAG     reduce using rule 36 (statement -> end_statement .)
    RADIO           reduce using rule 36 (statement -> end_statement .)
    STOP            reduce using rule 36 (statement -> end_statement .)
    GARAGE          reduce using rule 36 (statement -> end_statement .)
    STRATEGY_CHECK  reduce using rule 36 (statement -> end_statement .)
    GAP_CHECK       reduce using rule 36 (statement -> end_statement .)
    PITWALL         reduce using rule 36 (statement -> end_statement .)
    PUSH            reduce using rule 36 (statement -> end_statement .)
    BOX             reduce using rule 36 (statement -> end_statement .)
    FORMATION_LAP   reduce using rule 36 (statement -> end_statement .)
    PODIO           reduce using rule 36 (statement -> end_statement .)
    BOX_BOX         reduce using rule 36 (statement -> end_statement .)
    DRS             reduce using rule 36 (statement -> end_statement .)
    BROADCAST       reduce using rule 36 (statement -> end_statement .)
    TELEMETRY       reduce using rule 36 (statement -> end_statement .)
    CHECKERED_FLAG  reduce using rule 36 (statement -> end_statement .)
    GAP             reduce using rule 36 (statement -> end_statement .)
    REVERSE_GRID    reduce using rule 36 (statement -> end_statement .)
    REVERSE         reduce using rule 36 (statement -> end_statement .)
    CORNER          reduce using rule 36 (statement -> end_statement .)
    ID              reduce using rule 36 (statement -> end_statement .)
    SLIPSTREAM      reduce using rule 36 (statement -> end_statement .)
    POSITION        reduce using rule 36 (statement -> end_statement .)
    INT_LITERAL     reduce using rule 36 (statement -> end_statement .)
    FLOAT_LITERAL   reduce using rule 36 (statement -> end_statement .)
    STRING_LITERAL  reduce using rule 36 (statement -> end_statement .)
    CHAR_LITERAL    reduce using rule 36 (statement -> end_statement .)
    GREEN_LIGHT     reduce using rule 36 (statement -> end_statement .)
    RED_LIGHT       reduce using rule 36 (statement -> end_statement .)
    DNF             reduce using rule 36 (statement -> end_statement .)
    SECTOR          reduce using rule 36 (statement -> end_statement .)
    NO_DATA         reduce using rule 36 (statement -> end_statement .)


state 39

    (43) selection_statement -> STRATEGY_CHECK . CORNER expression APEX compound_statement
    (44) selection_statement -> STRATEGY_CHECK . CORNER expression APEX compound_statement STAY_OUT compound_statement
    (45) selection_statement -> STRATEGY_CHECK . CORNER expression APEX compound_statement STAY_OUT selection_statement

    CORNER          shift and go to state 101


state 40

    (86) expression -> CORNER . expression APEX
    (68) expression -> . expression TOW expression
    (69) expression -> . expression GAP expression
    (70) expression -> . expression ERS expression
    (71) expression -> . expression STINT expression
    (72) expression -> . expression FUEL_DELTA expression
    (73) expression -> . expression DEAD_HEAT expression
    (74) expression -> . expression OUTLAP expression
    (75) expression -> . expression UNDERCUT expression
    (76) expression -> . expression OVERCUT expression
    (77) expression -> . expression UNDEREQ expression
    (78) expression -> . expression OVEREQ expression
    (79) expression -> . expression BOTH_TYRES expression
    (80) expression -> . expression EITHER_TYRE expression
    (81) expression -> . expression SAFETY expression
    (82) expression -> . expression OVERTAKE expression
    (83) expression -> . GAP expression
    (84) expression -> . REVERSE_GRID expression
    (85) expression -> . REVERSE expression
    (86) expression -> . CORNER expression APEX
    (87) expression -> . ID SETUP expression
    (88) expression -> . ID PITSTOW expression
    (89) expression -> . ID PITGAP expression
    (90) expression -> . ID PITERS expression
    (91) expression -> . ID PITSTINT expression
    (92) expression -> . ID FASTLAP
    (93) expression -> . ID DEGRADATION
    (94) expression -> . SLIPSTREAM expression
    (95) expression -> . POSITION expression
    (96) expression -> . ID CORNER argument_list APEX
    (97) expression -> . ID CORNER APEX
    (100) expression -> . ID
    (101) expression -> . INT_LITERAL
    (102) expression -> . FLOAT_LITERAL
    (103) expression -> . STRING_LITERAL
    (104) expression -> . CHAR_LITERAL
    (105) expression -> . GREEN_LIGHT
    (106) expression -> . RED_LIGHT
    (107) expression -> . DNF

    GAP             shift and go to state 52
    REVERSE_GRID    shift and go to state 53
    REVERSE         shift and go to state 54
    CORNER          shift and go to state 40
    ID              shift and go to state 29
    SLIPSTREAM      shift and go to state 55
    POSITION        shift and go to state 56
    INT_LITERAL     shift and go to state 57
    FLOAT_LITERAL   shift and go to state 58
    STRING_LITERAL  shift and go to state 59
    CHAR_LITERAL    shift and go to state 60
    GREEN_LIGHT     shift and go to state 61
    RED_LIGHT       shift and go to state 62
    DNF             shift and go to state 63

    expression                     shift and go to state 102

state 41

    (46) selection_statement -> GAP_CHECK . CORNER expression APEX GARAGE case_list READY

    CORNER          shift and go to state 103


state 42

    (47) selection_statement -> PITWALL . CORNER expression APEX GARAGE case_list READY

    CORNER          shift and go to state 104


state 43

    (52) iteration_statement -> PUSH . CORNER expression APEX compound_statement

    CORNER          shift and go to state 105


state 44

    (53) iteration_statement -> BOX . compound_statement PUSH CORNER expression APEX STOP
    (21) compound_statement -> . GARAGE block_item_list READY
    (22) compound_statement -> . GARAGE READY
    (40) compound_statement -> . GARAGE error READY

    GARAGE          shift and go to state 20

    compound_statement             shift and go to state 106

state 45

    (54) iteration_statement -> FORMATION_LAP . CORNER for_init expression for_semi expression APEX compound_statement
    (55) iteration_statement -> FORMATION_LAP . CORNER for_init expression for_semi APEX compound_statement
    (56) iteration_statement -> FORMATION_LAP . CORNER for_semi for_semi APEX compound_statement

    CORNER          shift and go to state 107


state 46

    (61) jump_statement -> PODIO . expression STOP
    (62) jump_statement -> PODIO . STOP
    (68) expression -> . expression TOW expression
    (69) expression -> . expression GAP expression
    (70) expression -> . expression ERS expression
    (71) expression -> . expression STINT expression
    (72) expression -> . expression FUEL_DELTA expression
    (73) expression -> . expression DEAD_HEAT expression
    (74) expression -> . expression OUTLAP expression
    (75) expression -> . expression UNDERCUT expression
    (76) expression -> . expression OVERCUT expression
    (77) expression -> . expression UNDEREQ expression
    (78) expression -> . expression OVEREQ expression
    (79) expression -> . expression BOTH_TYRES expression
    (80) expression -> . expression EITHER_TYRE expression
    (81) expression -> . expression SAFETY expression
    (82) expression -> . expression OVERTAKE expression
    (83) expression -> . GAP expression
    (84) expression -> . REVERSE_GRID expression
    (85) expression -> . REVERSE expression
    (86) expression -> . CORNER expression APEX
    (87) expression -> . ID SETUP expression
    (88) expression -> . ID PITSTOW expression
    (89) expression -> . ID PITGAP expression
    (90) expression -> . ID PITERS expression
    (91) expression -> . ID PITSTINT expression
    (92) expression -> . ID FASTLAP
    (93) expression -> . ID DEGRADATION
    (94) expression -> . SLIPSTREAM expression
    (95) expression -> . POSITION expression
    (96) expression -> . ID CORNER argument_list APEX
    (97) expression -> . ID CORNER APEX
    (100) expression -> . ID
    (101) expression -> . INT_LITERAL
    (102) expression -> . FLOAT_LITERAL
    (103) expression -> . STRING_LITERAL
    (104) expression -> . CHAR_LITERAL
    (105) expression -> . GREEN_LIGHT
    (106) expression -> . RED_LIGHT
    (107) expression -> . DNF

    STOP            shift and go to state 109
    GAP             shift and go to state 52
    REVERSE_GRID    shift and go to state 53
    REVERSE         shift and go to state 54
    CORNER          shift and go to state 40
    ID              shift and go to state 29
    SLIPSTREAM      shift and go to state 55
    POSITION        shift and go to state 56
    INT_LITERAL     shift and go to state 57
    FLOAT_LITERAL   shift and go to state 58
    STRING_LITERAL  shift and go to state 59
    CHAR_LITERAL    shift and go to state 60
    GREEN_LIGHT     shift and go to state 61
    RED_LIGHT       shift and go to state 62
    DNF             shift and go to state 63

    expression                     shift and go to state 108

state 47

    (63) jump_statement -> BOX_BOX . STOP

    STOP            shift and go to state 110


state 48

    (64) jump_statement -> DRS . STOP

    STOP            shift and go to state 111


state 49

    (65) io_statement -> BROADCAST . CORNER expression APEX STOP

    CORNER          shift and go to state 112


state 50

    (66) io_statement -> TELEMETRY . CORNER ID APEX STOP

    CORNER          shift and go to state 113


state 51

    (67) end_statement -> CHECKERED_FLAG . STOP

    STOP            shift and go to state 114


state 52

    (83) expression -> GAP . expression
    (68) expression -> . expression TOW expression
    (69) expression -> . expression GAP expression
    (70) expression -> . expression ERS expression
    (71) expression -> . expression STINT expression
    (72) expression -> . expression FUEL_DELTA expression
    (73) expression -> . expression DEAD_HEAT expression
    (74) expression -> . expression OUTLAP expression
    (75) expression -> . expression UNDERCUT expression
    (76) expression -> . expression OVERCUT expression
    (77) expression -> . expression UNDEREQ expression
    (78) expression -> . expression OVEREQ expression
    (79) expression -> . expression BOTH_TYRES expression
    (80) expression -> . expression EITHER_TYRE expression
    (81) expression -> . expression SAFETY expression
    (82) expression -> . expression OVERTAKE expression
    (83) expression -> . GAP expression
    (84) expression -> . REVERSE_GRID expression
    (85) expression -> . REVERSE expression
    (86) expression -> . CORNER expression APEX
    (87) expression -> . ID SETUP expression
    (88) expression -> . ID PITSTOW expression
    (89) expression -> . ID PITGAP expression
    (90) expression -> . ID PITERS expression
    (91) expression -> . ID PITSTINT expression
    (92) expression -> . ID FASTLAP
    (93) expression -> . ID DEGRADATION
    (94) expression -> . SLIPSTREAM expression
    (95) expression -> . POSITION expression
    (96) expression -> . ID CORNER argument_list APEX
    (97) expression -> . ID CORNER APEX
    (100) expression -> . ID
    (101) expression -> . INT_LITERAL
    (102) expression -> . FLOAT_LITERAL
    (103) expression -> . STRING_LITERAL
    (104) expression -> . CHAR_LITERAL
    (105) expression -> . GREEN_LIGHT
    (106) expression -> . RED_LIGHT
    (107) expression -> . DNF

    GAP             shift and go to state 52
    REVERSE_GRID    shift and go to state 53
    REVERSE         shift and go to state 54
    CORNER          shift and go to state 40
    ID              shift and go to state 29
    SLIPSTREAM      shift and go to state 55
    POSITION        shift and go to state 56
    INT_LITERAL     shift and go to state 57
    FLOAT_LITERAL   shift and go to state 58
    STRING_LITERAL  shift and go to state 59
    CHAR_LITERAL    shift and go to state 60
    GREEN_LIGHT     shift and go to state 61
    RED_LIGHT       shift and go to state 62
    DNF             shift and go to state 63

    expression                     shift and go to state 115

state 53

    (84) expression -> REVERSE_GRID . expression
    (68) expression -> . expression TOW expression
    (69) expression -> . expression GAP expression
    (70) expression -> . expression ERS expression
    (71) expression -> . expression STINT expression
    (72) expression -> . expression FUEL_DELTA expression
    (73) expression -> . expression DEAD_HEAT expression
    (74) expression -> . expression OUTLAP expression
    (75) expression -> . expression UNDERCUT expression
    (76) expression -> . expression OVERCUT expression
    (77) expression -> . expression UNDEREQ expression
    (78) expression -> . expression OVEREQ expression
    (79) expression -> . expression BOTH_TYRES expression
    (80) expression -> . expression EITHER_TYRE expression
    (81) expression -> . expression SAFETY expression
    (82) expression -> . expression OVERTAKE expression
    (83) expression -> . GAP expression
    (84) expression -> . REVERSE_GRID expression
    (85) expression -> . REVERSE expression
    (86) expression -> . CORNER expression APEX
    (87) expression -> . ID SETUP expression
    (88) expression -> . ID PITSTOW expression
    (89) expression -> . ID PITGAP expression
    (90) expression -> . ID PITERS expression
    (91) expression -> . ID PITSTINT expression
    (92) expression -> . ID FASTLAP
    (93) expression -> . ID DEGRADATION
    (94) expression -> . SLIPSTREAM expression
    (95) expression -> . POSITION expression
    (96) expression -> . ID CORNER argument_list APEX
    (97) expression -> . ID CORNER APEX
    (100) expression -> . ID
    (101) expression -> . INT_LITERAL
    (102) expression -> . FLOAT_LITERAL
    (103) expression -> . STRING_LITERAL
    (104) expression -> . CHAR_LITERAL
    (105) expression -> . GREEN_LIGHT
    (106) expression -> . RED_LIGHT
    (107) expression -> . DNF

    GAP             shift and go to state 52
    REVERSE_GRID    shift and go to state 53
    REVERSE         shift and go to state 54
    CORNER          shift and go to state 40
    ID              shift and go to state 29
    SLIPSTREAM      shift and go to state 55
    POSITION        shift and go to state 56
    INT_LITERAL     shift and go to state 57
    FLOAT_LITERAL   shift and go to state 58
    STRING_LITERAL  shift and go to state 59
    CHAR_LITERAL    shift and go to state 60
    GREEN_LIGHT     shift and go to state 61
    RED_LIGHT       shift and go to state 62
    DNF             shift and go to state 63

    expression                     shift and go to state 116

state 54

    (85) expression -> REVERSE . expression
    (68) expression -> . expression TOW expression
    (69) expression -> . expression GAP expression
    (70) expression -> . expression ERS expression
    (71) expression -> . expression STINT expression
    (72) expression -> . expression FUEL_DELTA expression
    (73) expression -> . expression DEAD_HEAT expression
    (74) expression -> . expression OUTLAP expression
    (75) expression -> . expression UNDERCUT expression
    (76) expression -> . expression OVERCUT expression
    (77) expression -> . expression UNDEREQ expression
    (78) expression -> . expression OVEREQ expression
    (79) expression -> . expression BOTH_TYRES expression
    (80) expression -> . expression EITHER_TYRE expression
    (81) expression -> . expression SAFETY expression
    (82) expression -> . expression OVERTAKE expression
    (83) expression -> . GAP expression
    (84) expression -> . REVERSE_GRID expression
    (85) expression -> . REVERSE expression
    (86) expression -> . CORNER expression APEX
    (87) expression -> . ID SETUP expression
    (88) expression -> . ID PITSTOW expression
    (89) expression -> . ID PITGAP expression
    (90) expression -> . ID PITERS expression
    (91) expression -> . ID PITSTINT expression
    (92) expression -> . ID FASTLAP
    (93) expression -> . ID DEGRADATION
    (94) expression -> . SLIPSTREAM expression
    (95) expression -> . POSITION expression
    (96) expression -> . ID CORNER argument_list APEX
    (97) expression -> . ID CORNER APEX
    (100) expression -> . ID
    (101) expression -> . INT_LITERAL
    (102) expression -> . FLOAT_LITERAL
    (103) expression -> . STRING_LITERAL
    (104) expression -> . CHAR_LITERAL
    (105) expression -> . GREEN_LIGHT
    (106) expression -> . RED_LIGHT
    (107) expression -> . DNF

    GAP             shift and go to state 52
    REVERSE_GRID    shift and go to state 53
    REVERSE         shift and go to state 54
    CORNER          shift and go to state 40
    ID              shift and go to state 29
    SLIPSTREAM      shift and go to state 55
    POSITION        shift and go to state 56
    INT_LITERAL     shift and go to state 57
    FLOAT_LITERAL   shift and go to state 58
    STRING_LITERAL  shift and go to state 59
    CHAR_LITERAL    shift and go to state 60
    GREEN_LIGHT     shift and go to state 61
    RED_LIGHT       shift and go to state 62
    DNF             shift and go to state 63

    expression                     shift and go to state 117

state 55

    (94) expression -> SLIPSTREAM . expression
    (68) expression -> . expression TOW expression
    (69) expression -> . expression GAP expression
    (70) expression -> . expression ERS expression
    (71) expression -> . expression STINT expression
    (72) expression -> . expression FUEL_DELTA expression
    (73) expression -> . expression DEAD_HEAT expression
    (74) expression -> . expression OUTLAP expression
    (75) expression -> . expression UNDERCUT expression
    (76) expression -> . expression OVERCUT expression
    (77) expression -> . expression UNDEREQ expression
    (78) expression -> . expression OVEREQ expression
    (79) expression -> . expression BOTH_TYRES expression
    (80) expression -> . expression EITHER_TYRE expression
    (81) expression -> . expression SAFETY expression
    (82) expression -> . expression OVERTAKE expression
    (83) expression -> . GAP expression
    (84) expression -> . REVERSE_GRID expression
    (85) expression -> . REVERSE expression
    (86) expression -> . CORNER expression APEX
    (87) expression -> . ID SETUP expression
    (88) expression -> . ID PITSTOW expression
    (89) expression -> . ID PITGAP expression
    (90) expression -> . ID PITERS expression
    (91) expression -> . ID PITSTINT expression
    (92) expression -> . ID FASTLAP
    (93) expression -> . ID DEGRADATION
    (94) expression -> . SLIPSTREAM expression
    (95) expression -> . POSITION expression
    (96) expression -> . ID CORNER argument_list APEX
    (97) expression -> . ID CORNER APEX
    (100) expression -> . ID
    (101) expression -> . INT_LITERAL
    (102) expression -> . FLOAT_LITERAL
    (103) expression -> . STRING_LITERAL
    (104) expression -> . CHAR_LITERAL
    (105) expression -> . GREEN_LIGHT
    (106) expression -> . RED_LIGHT
    (107) expression -> . DNF

    GAP             shift and go to state 52
    REVERSE_GRID    shift and go to state 53
    REVERSE         shift and go to state 54
    CORNER          shift and go to state 40
    ID              shift and go to state 29
    SLIPSTREAM      shift and go to state 55
    POSITION        shift and go to state 56
    INT_LITERAL     shift and go to state 57
    FLOAT_LITERAL   shift and go to state 58
    STRING_LITERAL  shift and go to state 59
    CHAR_LITERAL    shift and go to state 60
    GREEN_LIGHT     shift and go to state 61
    RED_LIGHT       shift and go to state 62
    DNF             shift and go to state 63

    expression                     shift and go to state 118

state 56

    (95) expression -> POSITION . expression
    (68) expression -> . expression TOW expression
    (69) expression -> . expression GAP expression
    (70) expression -> . expression ERS expression
    (71) expression -> . expression STINT expression
    (72) expression -> . expression FUEL_DELTA expression
    (73) expression -> . expression DEAD_HEAT expression
    (74) expression -> . expression OUTLAP expression
    (75) expression -> . expression UNDERCUT expression
    (76) expression -> . expression OVERCUT expression
    (77) expression -> . expression UNDEREQ expression
    (78) expression -> . expression OVEREQ expression
    (79) expression -> . expression BOTH_TYRES expression
    (80) expression -> . expression EITHER_TYRE expression
    (81) expression -> . expression SAFETY expression
    (82) expression -> . expression OVERTAKE expression
    (83) expression -> . GAP expression
    (84) expression -> . REVERSE_GRID expression
    (85) expression -> . REVERSE expression
    (86) expression -> . CORNER expression APEX
    (87) expression -> . ID SETUP expression
    (88) expression -> . ID PITSTOW expression
    (89) expression -> . ID PITGAP expression
    (90) expression -> . ID PITERS expression
    (91) expression -> . ID PITSTINT expression
    (92) expression -> . ID FASTLAP
    (93) expression -> . ID DEGRADATION
    (94) expression -> . SLIPSTREAM expression
    (95) expression -> . POSITION expression
    (96) expression -> . ID CORNER argument_list APEX
    (97) expression -> . ID CORNER APEX
    (100) expression -> . ID
    (101) expression -> . INT_LITERAL
    (102) expression -> . FLOAT_LITERAL
    (103) expression -> . STRING_LITERAL
    (104) expression -> . CHAR_LITERAL
    (105) expression -> . GREEN_LIGHT
    (106) expression -> . RED_LIGHT
    (107) expression -> . DNF

    GAP             shift and go to state 52
    REVERSE_GRID    shift and go to state 53
    REVERSE         shift and go to state 54
    CORNER          shift and go to state 40
    ID              shift and go to state 29
    SLIPSTREAM      shift and go to state 55
    POSITION        shift and go to state 56
    INT_LITERAL     shift and go to state 57
    FLOAT_LITERAL   shift and go to state 58
    STRING_LITERAL  shift and go to state 59
    CHAR_LITERAL    shift and go to state 60
    GREEN_LIGHT     shift and go to state 61
    RED_LIGHT       shift and go to state 62
    DNF             shift and go to state 63

    expression                     shift and go to state 119

state 57

    (101) expression -> INT_LITERAL .

    STOP            reduce using rule 101 (expression -> INT_LITERAL .)
    TOW             reduce using rule 101 (expression -> INT_LITERAL .)
    GAP             reduce using rule 101 (expression -> INT_LITERAL .)
    ERS             reduce using rule 101 (expression -> INT_LITERAL .)
    STINT           reduce using rule 101 (expression -> INT_LITERAL .)
    FUEL_DELTA      reduce using rule 101 (expression -> INT_LITERAL .)
    DEAD_HEAT       reduce using rule 101 (expression -> INT_LITERAL .)
    OUTLAP          reduce using rule 101 (expression -> INT_LITERAL .)
    UNDERCUT        reduce using rule 101 (expression -> INT_LITERAL .)
    OVERCUT         reduce using rule 101 (expression -> INT_LITERAL .)
    UNDEREQ         reduce using rule 101 (expression -> INT_LITERAL .)
    OVEREQ          reduce using rule 101 (expression -> INT_LITERAL .)
    BOTH_TYRES      reduce using rule 101 (expression -> INT_LITERAL .)
    EITHER_TYRE     reduce using rule 101 (expression -> INT_LITERAL .)
    SAFETY          reduce using rule 101 (expression -> INT_LITERAL .)
    OVERTAKE        reduce using rule 101 (expression -> INT_LITERAL .)
    APEX            reduce using rule 101 (expression -> INT_LITERAL .)
    ALSO            reduce using rule 101 (expression -> INT_LITERAL .)
    MARSHALL        reduce using rule 101 (expression -> INT_LITERAL .)


state 58

    (102) expression -> FLOAT_LITERAL .

    STOP            reduce using rule 102 (expression -> FLOAT_LITERAL .)
    TOW             reduce using rule 102 (expression -> FLOAT_LITERAL .)
    GAP             reduce using rule 102 (expression -> FLOAT_LITERAL .)
    ERS             reduce using rule 102 (expression -> FLOAT_LITERAL .)
    STINT           reduce using rule 102 (expression -> FLOAT_LITERAL .)
    FUEL_DELTA      reduce using rule 102 (expression -> FLOAT_LITERAL .)
    DEAD_HEAT       reduce using rule 102 (expression -> FLOAT_LITERAL .)
    OUTLAP          reduce using rule 102 (expression -> FLOAT_LITERAL .)
    UNDERCUT        reduce using rule 102 (expression -> FLOAT_LITERAL .)
    OVERCUT         reduce using rule 102 (expression -> FLOAT_LITERAL .)
    UNDEREQ         reduce using rule 102 (expression -> FLOAT_LITERAL .)
    OVEREQ          reduce using rule 102 (expression -> FLOAT_LITERAL .)
    BOTH_TYRES      reduce using rule 102 (expression -> FLOAT_LITERAL .)
    EITHER_TYRE     reduce using rule 102 (expression -> FLOAT_LITERAL .)
    SAFETY          reduce using rule 102 (expression -> FLOAT_LITERAL .)
    OVERTAKE        reduce using rule 102 (expression -> FLOAT_LITERAL .)
    APEX            reduce using rule 102 (expression -> FLOAT_LITERAL .)
    ALSO            reduce using rule 102 (expression -> FLOAT_LITERAL .)
    MARSHALL        reduce using rule 102 (expression -> FLOAT_LITERAL .)


state 59

    (103) expression -> STRING_LITERAL .

    STOP            reduce using rule 103 (expression -> STRING_LITERAL .)
    TOW             reduce using rule 103 (expression -> STRING_LITERAL .)
    GAP             reduce using rule 103 (expression -> STRING_LITERAL .)
    ERS             reduce using rule 103 (expression -> STRING_LITERAL .)
    STINT           reduce using rule 103 (expression -> STRING_LITERAL .)
    FUEL_DELTA      reduce using rule 103 (expression -> STRING_LITERAL .)
    DEAD_HEAT       reduce using rule 103 (expression -> STRING_LITERAL .)
    OUTLAP          reduce using rule 103 (expression -> STRING_LITERAL .)
    UNDERCUT        reduce using rule 103 (expression -> STRING_LITERAL .)
    OVERCUT         reduce using rule 103 (expression -> STRING_LITERAL .)
    UNDEREQ         reduce using rule 103 (expression -> STRING_LITERAL .)
    OVEREQ          reduce using rule 103 (expression -> STRING_LITERAL .)
    BOTH_TYRES      reduce using rule 103 (expression -> STRING_LITERAL .)
    EITHER_TYRE     reduce using rule 103 (expression -> STRING_LITERAL .)
    SAFETY          reduce using rule 103 (expression -> STRING_LITERAL .)
    OVERTAKE        reduce using rule 103 (expression -> STRING_LITERAL .)
    APEX            reduce using rule 103 (expression -> STRING_LITERAL .)
    ALSO            reduce using rule 103 (expression -> STRING_LITERAL .)
    MARSHALL        reduce using rule 103 (expression -> STRING_LITERAL .)


state 60

    (104) expression -> CHAR_LITERAL .

    STOP            reduce using rule 104 (expression -> CHAR_LITERAL .)
    TOW             reduce using rule 104 (expression -> CHAR_LITERAL .)
    GAP             reduce using rule 104 (expression -> CHAR_LITERAL .)
    ERS             reduce using rule 104 (expression -> CHAR_LITERAL .)
    STINT           reduce using rule 104 (expression -> CHAR_LITERAL .)
    FUEL_DELTA      reduce using rule 104 (expression -> CHAR_LITERAL .)
    DEAD_HEAT       reduce using rule 104 (expression -> CHAR_LITERAL .)
    OUTLAP          reduce using rule 104 (expression -> CHAR_LITERAL .)
    UNDERCUT        reduce using rule 104 (expression -> CHAR_LITERAL .)
    OVERCUT         reduce using rule 104 (expression -> CHAR_LITERAL .)
    UNDEREQ         reduce using rule 104 (expression -> CHAR_LITERAL .)
    OVEREQ          reduce using rule 104 (expression -> CHAR_LITERAL .)
    BOTH_TYRES      reduce using rule 104 (expression -> CHAR_LITERAL .)
    EITHER_TYRE     reduce using rule 104 (expression -> CHAR_LITERAL .)
    SAFETY          reduce using rule 104 (expression -> CHAR_LITERAL .)
    OVERTAKE        reduce using rule 104 (expression -> CHAR_LITERAL .)
    APEX            reduce using rule 104 (expression -> CHAR_LITERAL .)
    ALSO            reduce using rule 104 (expression -> CHAR_LITERAL .)
    MARSHALL        reduce using rule 104 (expression -> CHAR_LITERAL .)


state 61

    (105) expression -> GREEN_LIGHT .

    STOP            reduce using rule 105 (expression -> GREEN_LIGHT .)
    TOW             reduce using rule 105 (expression -> GREEN_LIGHT .)
    GAP             reduce using rule 105 (expression -> GREEN_LIGHT .)
    ERS             reduce using rule 105 (expression -> GREEN_LIGHT .)
    STINT           reduce using rule 105 (expression -> GREEN_LIGHT .)
    FUEL_DELTA      reduce using rule 105 (expression -> GREEN_LIGHT .)
    DEAD_HEAT       reduce using rule 105 (expression -> GREEN_LIGHT .)
    OUTLAP          reduce using rule 105 (expression -> GREEN_LIGHT .)
    UNDERCUT        reduce using rule 105 (expression -> GREEN_LIGHT .)
    OVERCUT         reduce using rule 105 (expression -> GREEN_LIGHT .)
    UNDEREQ         reduce using rule 105 (expression -> GREEN_LIGHT .)
    OVEREQ          reduce using rule 105 (expression -> GREEN_LIGHT .)
    BOTH_TYRES      reduce using rule 105 (expression -> GREEN_LIGHT .)
    EITHER_TYRE     reduce using rule 105 (expression -> GREEN_LIGHT .)
    SAFETY          reduce using rule 105 (expression -> GREEN_LIGHT .)
    OVERTAKE        reduce using rule 105 (expression -> GREEN_LIGHT .)
    APEX            reduce using rule 105 (expression -> GREEN_LIGHT .)
    ALSO            reduce using rule 105 (expression -> GREEN_LIGHT .)
    MARSHALL        reduce using rule 105 (expression -> GREEN_LIGHT .)


state 62

    (106) expression -> RED_LIGHT .

    STOP            reduce using rule 106 (expression -> RED_LIGHT .)
    TOW             reduce using rule 106 (expression -> RED_LIGHT .)
    GAP             reduce using rule 106 (expression -> RED_LIGHT .)
    ERS             reduce using rule 106 (expression -> RED_LIGHT .)
    STINT           reduce using rule 106 (expression -> RED_LIGHT .)
    FUEL_DELTA      reduce using rule 106 (expression -> RED_LIGHT .)
    DEAD_HEAT       reduce using rule 106 (expression -> RED_LIGHT .)
    OUTLAP          reduce using rule 106 (expression -> RED_LIGHT .)
    UNDERCUT        reduce using rule 106 (expression -> RED_LIGHT .)
    OVERCUT         reduce using rule 106 (expression -> RED_LIGHT .)
    UNDEREQ         reduce using rule 106 (expression -> RED_LIGHT .)
    OVEREQ          reduce using rule 106 (expression -> RED_LIGHT .)
    BOTH_TYRES      reduce using rule 106 (expression -> RED_LIGHT .)
    EITHER_TYRE     reduce using rule 106 (expression -> RED_LIGHT .)
    SAFETY          reduce using rule 106 (expression -> RED_LIGHT .)
    OVERTAKE        reduce using rule 106 (expression -> RED_LIGHT .)
    APEX            reduce using rule 106 (expression -> RED_LIGHT .)
    ALSO            reduce using rule 106 (expression -> RED_LIGHT .)
    MARSHALL        reduce using rule 106 (expression -> RED_LIGHT .)


state 63

    (107) expression -> DNF .

    STOP            reduce using rule 107 (expression -> DNF .)
    TOW             reduce using rule 107 (expression -> DNF .)
    GAP             reduce using rule 107 (expression -> DNF .)
    ERS             reduce using rule 107 (expression -> DNF .)
    STINT           reduce using rule 107 (expression -> DNF .)
    FUEL_DELTA      reduce using rule 107 (expression -> DNF .)
    DEAD_HEAT       reduce using rule 107 (expression -> DNF .)
    OUTLAP          reduce using rule 107 (expression -> DNF .)
    UNDERCUT        reduce using rule 107 (expression -> DNF .)
    OVERCUT         reduce using rule 107 (expression -> DNF .)
    UNDEREQ         reduce using rule 107 (expression -> DNF .)
    OVEREQ          reduce using rule 107 (expression -> DNF .)
    BOTH_TYRES      reduce using rule 107 (expression -> DNF .)
    EITHER_TYRE     reduce using rule 107 (expression -> DNF .)
    SAFETY          reduce using rule 107 (expression -> DNF .)
    OVERTAKE        reduce using rule 107 (expression -> DNF .)
    APEX            reduce using rule 107 (expression -> DNF .)
    ALSO            reduce using rule 107 (expression -> DNF .)
    MARSHALL        reduce using rule 107 (expression -> DNF .)


state 64

    (9) function_definition -> STRATEGY type_specifier ID . CORNER parameter_list APEX compound_statement
    (10) function_definition -> STRATEGY type_specifier ID . CORNER APEX compound_statement

    CORNER          shift and go to state 120


state 65

    (11) function_definition -> STRATEGY NEUTRO ID . CORNER parameter_list APEX compound_statement
    (12) function_definition -> STRATEGY NEUTRO ID . CORNER APEX compound_statement

    CORNER          shift and go to state 121


state 66

    (41) function_definition -> STRATEGY error READY .

    RACE_START      reduce using rule 41 (function_definition -> STRATEGY error READY .)
    STRATEGY        reduce using rule 41 (function_definition -> STRATEGY error READY .)
    $end            reduce using rule 41 (function_definition -> STRATEGY error READY .)


state 67

    (21) compound_statement -> GARAGE block_item_list . READY
    (24) block_item_list -> block_item_list . block_item
    (25) block_item -> . declaration
    (26) block_item -> . statement
    (39) block_item -> . error STOP
    (27) declaration -> . type_specifier ID SETUP expression STOP
    (28) declaration -> . type_specifier ID STOP
    (29) declaration -> . VSC type_specifier ID SETUP expression STOP
    (30) statement -> . expression_statement
    (31) statement -> . compound_statement
    (32) statement -> . selection_statement
    (33) statement -> . iteration_statement
    (34) statement -> . jump_statement
    (35) statement -> . io_statement
    (36) statement -> . end_statement
    (16) type_specifier -> . LAP
    (17) type_specifier -> . SPLIT
    (18) type_specifier -> . PITBOARD
    (19) type_specifier -> . YELLOW_FLAG
    (20) type_specifier -> . RADIO
    (37) expression_statement -> . expression STOP
    (38) expression_statement -> . STOP
    (21) compound_statement -> . GARAGE block_item_list READY
    (22) compound_statement -> . GARAGE READY
    (40) compound_statement -> . GARAGE error READY
    (43) selection_statement -> . STRATEGY_CHECK CORNER expression APEX compound_statement
    (44) selection_statement -> . STRATEGY_CHECK CORNER expression APEX compound_statement STAY_OUT compound_statement
    (45) selection_statement -> . STRATEGY_CHECK CORNER expression APEX compound_statement STAY_OUT selection_statement
    (46) selection_statement -> . GAP_CHECK CORNER expression APEX GARAGE case_list READY
    (47) selection_statement -> . PITWALL CORNER expression APEX GARAGE case_list READY
    (52) iteration_statement -> . PUSH CORNER expression APEX compound_statement
    (53) iteration_statement -> . BOX compound_statement PUSH CORNER expression APEX STOP
    (54) iteration_statement -> . FORMATION_LAP CORNER for_init expression for_semi expression APEX compound_statement
    (55) iteration_statement -> . FORMATION_LAP CORNER for_init expression for_semi APEX compound_statement
    (56) iteration_statement -> . FORMATION_LAP CORNER for_semi for_semi APEX compound_statement
    (61) jump_statement -> . PODIO expression STOP
    (62) jump_statement -> . PODIO STOP
    (63) jump_statement -> . BOX_BOX STOP
    (64) jump_statement -> . DRS STOP
    (65) io_statement -> . BROADCAST CORNER expression APEX STOP
    (66) io_statement -> . TELEMETRY CORNER ID APEX STOP
    (67) end_statement -> . CHECKERED_FLAG STOP
    (68) expression -> . expression TOW expression
    (69) expression -> . expression GAP expression
    (70) expression -> . expression ERS expression
    (71) expression -> . expression STINT expression
    (72) expression -> . expression FUEL_DELTA expression
    (73) expression -> . expression DEAD_HEAT expression
    (74) expression -> . expression OUTLAP expression
    (75) expression -> . expression UNDERCUT expression
    (76) expression -> . expression OVERCUT expression
    (77) expression -> . expression UNDEREQ expression
    (78) expression -> . expression OVEREQ expression
    (79) expression -> . expression BOTH_TYRES expression
    (80) expression -> . expression EITHER_TYRE expression
    (81) expression -> . expression SAFETY expression
    (82) expression -> . expression OVERTAKE expression
    (83) expression -> . GAP expression
    (84) expression -> . REVERSE_GRID expression
    (85) expression -> . REVERSE expression
    (86) expression -> . CORNER expression APEX
    (87) expression -> . ID SETUP expression
    (88) expression -> . ID PITSTOW expression
    (89) expression -> . ID PITGAP expression
    (90) expression -> . ID PITERS expression
    (91) expression -> . ID PITSTINT expression
    (92) expression -> . ID FASTLAP
    (93) expression -> . ID DEGRADATION
    (94) expression -> . SLIPSTREAM expression
    (95) expression -> . POSITION expression
    (96) expression -> . ID CORNER argument_list APEX
    (97) expression -> . ID CORNER APEX
    (100) expression -> . ID
    (101) expression -> . INT_LITERAL
    (102) expression -> . FLOAT_LITERAL
    (103) expression -> . STRING_LITERAL
    (104) expression -> . CHAR_LITERAL
    (105) expression -> . GREEN_LIGHT
    (106) expression -> . RED_LIGHT
    (107) expression -> . DNF

    READY           shift and go to state 122
    error           shift and go to state 72
    VSC             shift and go to state 31
    LAP             shift and go to state 14
    SPLIT           shift and go to state 15
    PITBOARD        shift and go to state 16
    YELLOW_FLAG     shift and go to state 17
    RADIO           shift and go to state 18
    STOP            shift and go to state 27
    GARAGE          shift and go to state 20
    STRATEGY_CHECK  shift and go to state 39
    GAP_CHECK       shift and go to state 41
    PITWALL         shift and go to state 42
    PUSH            shift and go to state 43
    BOX             shift and go to state 44
    FORMATION_LAP   shift and go to state 45
    PODIO           shift and go to state 46
    BOX_BOX         shift and go to state 47
    DRS             shift and go to state 48
    BROADCAST       shift and go to state 49
    TELEMETRY       shift and go to state 50
    CHECKERED_FLAG  shift and go to state 51
    GAP             shift and go to state 52
    REVERSE_GRID    shift and go to state 53
    REVERSE         shift and go to state 54
    CORNER          shift and go to state 40
    ID              shift and go to state 29
    SLIPSTREAM      shift and go to state 55
    POSITION        shift and go to state 56
    INT_LITERAL     shift and go to state 57
    FLOAT_LITERAL   shift and go to state 58
    STRING_LITERAL  shift and go to state 59
    CHAR_LITERAL    shift and go to state 60
    GREEN_LIGHT     shift and go to state 61
    RED_LIGHT       shift and go to state 62
    DNF             shift and go to state 63

    block_item                     shift and go to state 71
    declaration                    shift and go to state 25
    statement                      shift and go to state 26
    type_specifier                 shift and go to state 28
    expression                     shift and go to state 30
    expression_statement           shift and go to state 32
    compound_statement             shift and go to state 33
    selection_statement            shift and go to state 34
    iteration_statement            shift and go to state 35
    jump_statement                 shift and go to state 36
    io_statement                   shift and go to state 37
    end_statement                  shift and go to state 38

state 68

    (22) compound_statement -> GARAGE READY .

    READY           reduce using rule 22 (compound_statement -> GARAGE READY .)
    error           reduce using rule 22 (compound_statement -> GARAGE READY .)
    VSC             reduce using rule 22 (compound_statement -> GARAGE READY .)
    LAP             reduce using rule 22 (compound_statement -> GARAGE READY .)
    SPLIT           reduce using rule 22 (compound_statement -> GARAGE READY .)
    PITBOARD        reduce using rule 22 (compound_statement -> GARAGE READY .)
    YELLOW_FLAG     reduce using rule 22 (compound_statement -> GARAGE READY .)
    RADIO           reduce using rule 22 (compound_statement -> GARAGE READY .)
    STOP            reduce using rule 22 (compound_statement -> GARAGE READY .)
    GARAGE          reduce using rule 22 (compound_statement -> GARAGE READY .)
    STRATEGY_CHECK  reduce using rule 22 (compound_statement -> GARAGE READY .)
    GAP_CHECK       reduce using rule 22 (compound_statement -> GARAGE READY .)
    PITWALL         reduce using rule 22 (compound_statement -> GARAGE READY .)
    PUSH            reduce using rule 22 (compound_statement -> GARAGE READY .)
    BOX             reduce using rule 22 (compound_statement -> GARAGE READY .)
    FORMATION_LAP   reduce using rule 22 (compound_statement -> GARAGE READY .)
    PODIO           reduce using rule 22 (compound_statement -> GARAGE READY .)
    BOX_BOX         reduce using rule 22 (compound_statement -> GARAGE READY .)
    DRS             reduce using rule 22 (compound_statement -> GARAGE READY .)
    BROADCAST       reduce using rule 22 (compound_statement -> GARAGE READY .)
    TELEMETRY       reduce using rule 22 (compound_statement -> GARAGE READY .)
    CHECKERED_FLAG  reduce using rule 22 (compound_statement -> GARAGE READY .)
    GAP             reduce using rule 22 (compound_statement -> GARAGE READY .)
    REVERSE_GRID    reduce using rule 22 (compound_statement -> GARAGE READY .)
    REVERSE         reduce using rule 22 (compound_statement -> GARAGE READY .)
    CORNER          reduce using rule 22 (compound_statement -> GARAGE READY .)
    ID              reduce using rule 22 (compound_statement -> GARAGE READY .)
    SLIPSTREAM      reduce using rule 22 (compound_statement -> GARAGE READY .)
    POSITION        reduce using rule 22 (compound_statement -> GARAGE READY .)
    INT_LITERAL     reduce using rule 22 (compound_statement -> GARAGE READY .)
    FLOAT_LITERAL   reduce using rule 22 (compound_statement -> GARAGE READY .)
    STRING_LITERAL  reduce using rule 22 (compound_statement -> GARAGE READY .)
    CHAR_LITERAL    reduce using rule 22 (compound_statement -> GARAGE READY .)
    GREEN_LIGHT     reduce using rule 22 (compound_statement -> GARAGE READY .)
    RED_LIGHT       reduce using rule 22 (compound_statement -> GARAGE READY .)
    DNF             reduce using rule 22 (compound_statement -> GARAGE READY .)
    RACE_START      reduce using rule 22 (compound_statement -> GARAGE READY .)
    STRATEGY        reduce using rule 22 (compound_statement -> GARAGE READY .)
    $end            reduce using rule 22 (compound_statement -> GARAGE READY .)
    STAY_OUT        reduce using rule 22 (compound_statement -> GARAGE READY .)
    SECTOR          reduce using rule 22 (compound_statement -> GARAGE READY .)
    NO_DATA         reduce using rule 22 (compound_statement -> GARAGE READY .)


state 69

    (40) compound_statement -> GARAGE error . READY
    (39) block_item -> error . STOP

    READY           shift and go to state 123
    STOP            shift and go to state 74


state 70

    (7) main_program -> RACE_START GARAGE block_item_list READY .

    STRATEGY        reduce using rule 7 (main_program -> RACE_START GARAGE block_item_list READY .)
    $end            reduce using rule 7 (main_program -> RACE_START GARAGE block_item_list READY .)


state 71

    (24) block_item_list -> block_item_list block_item .

    READY           reduce using rule 24 (block_item_list -> block_item_list block_item .)
    error           reduce using rule 24 (block_item_list -> block_item_list block_item .)
    VSC             reduce using rule 24 (block_item_list -> block_item_list block_item .)
    LAP             reduce using rule 24 (block_item_list -> block_item_list block_item .)
    SPLIT           reduce using rule 24 (block_item_list -> block_item_list block_item .)
    PITBOARD        reduce using rule 24 (block_item_list -> block_item_list block_item .)
    YELLOW_FLAG     reduce using rule 24 (block_item_list -> block_item_list block_item .)
    RADIO           reduce using rule 24 (block_item_list -> block_item_list block_item .)
    STOP            reduce using rule 24 (block_item_list -> block_item_list block_item .)
    GARAGE          reduce using rule 24 (block_item_list -> block_item_list block_item .)
    STRATEGY_CHECK  reduce using rule 24 (block_item_list -> block_item_list block_item .)
    GAP_CHECK       reduce using rule 24 (block_item_list -> block_item_list block_item .)
    PITWALL         reduce using rule 24 (block_item_list -> block_item_list block_item .)
    PUSH            reduce using rule 24 (block_item_list -> block_item_list block_item .)
    BOX             reduce using rule 24 (block_item_list -> block_item_list block_item .)
    FORMATION_LAP   reduce using rule 24 (block_item_list -> block_item_list block_item .)
    PODIO           reduce using rule 24 (block_item_list -> block_item_list block_item .)
    BOX_BOX         reduce using rule 24 (block_item_list -> block_item_list block_item .)
    DRS             reduce using rule 24 (block_item_list -> block_item_list block_item .)
    BROADCAST       reduce using rule 24 (block_item_list -> block_item_list block_item .)
    TELEMETRY       reduce using rule 24 (block_item_list -> block_item_list block_item .)
    CHECKERED_FLAG  reduce using rule 24 (block_item_list -> block_item_list block_item .)
    GAP             reduce using rule 24 (block_item_list -> block_item_list block_item .)
    REVERSE_GRID    reduce using rule 24 (block_item_list -> block_item_list block_item .)
    REVERSE         reduce using rule 24 (block_item_list -> block_item_list block_item .)
    CORNER          reduce using rule 24 (block_item_list -> block_item_list block_item .)
    ID              reduce using rule 24 (block_item_list -> block_item_list block_item .)
    SLIPSTREAM      reduce using rule 24 (block_item_list -> block_item_list block_item .)
    POSITION        reduce using rule 24 (block_item_list -> block_item_list block_item .)
    INT_LITERAL     reduce using rule 24 (block_item_list -> block_item_list block_item .)
    FLOAT_LITERAL   reduce using rule 24 (block_item_list -> block_item_list block_item .)
    STRING_LITERAL  reduce using rule 24 (block_item_list -> block_item_list block_item .)
    CHAR_LITERAL    reduce using rule 24 (block_item_list -> block_item_list block_item .)
    GREEN_LIGHT     reduce using rule 24 (block_item_list -> block_item_list block_item .)
    RED_LIGHT       reduce using rule 24 (block_item_list -> block_item_list block_item .)
    DNF             reduce using rule 24 (block_item_list -> block_item_list block_item .)
    SECTOR          reduce using rule 24 (block_item_list -> block_item_list block_item .)
    NO_DATA         reduce using rule 24 (block_item_list -> block_item_list block_item .)


state 72

    (39) block_item -> error . STOP

    STOP            shift and go to state 74


state 73

    (42) main_program -> RACE_START GARAGE error READY .

    STRATEGY        reduce using rule 42 (main_program -> RACE_START GARAGE error READY .)
    $end            reduce using rule 42 (main_program -> RACE_START GARAGE error READY .)


state 74

    (39) block_item -> error STOP .

    READY           reduce using rule 39 (block_item -> error STOP .)
    error           reduce using rule 39 (block_item -> error STOP .)
    VSC             reduce using rule 39 (block_item -> error STOP .)
    LAP             reduce using rule 39 (block_item -> error STOP .)
    SPLIT           reduce using rule 39 (block_item -> error STOP .)
    PITBOARD        reduce using rule 39 (block_item -> error STOP .)
    YELLOW_FLAG     reduce using rule 39 (block_item -> error STOP .)
    RADIO           reduce using rule 39 (block_item -> error STOP .)
    STOP            reduce using rule 39 (block_item -> error STOP .)
    GARAGE          reduce using rule 39 (block_item -> error STOP .)
    STRATEGY_CHECK  reduce using rule 39 (block_item -> error STOP .)
    GAP_CHECK       reduce using rule 39 (block_item -> error STOP .)
    PITWALL         reduce using rule 39 (block_item -> error STOP .)
    PUSH            reduce using rule 39 (block_item -> error STOP .)
    BOX             reduce using rule 39 (block_item -> error STOP .)
    FORMATION_LAP   reduce using rule 39 (block_item -> error STOP .)
    PODIO           reduce using rule 39 (block_item -> error STOP .)
    BOX_BOX         reduce using rule 39 (block_item -> error STOP .)
    DRS             reduce using rule 39 (block_item -> error STOP .)
    BROADCAST       reduce using rule 39 (block_item -> error STOP .)
    TELEMETRY       reduce using rule 39 (block_item -> error STOP .)
    CHECKERED_FLAG  reduce using rule 39 (block_item -> error STOP .)
    GAP             reduce using rule 39 (block_item -> error STOP .)
    REVERSE_GRID    reduce using rule 39 (block_item -> error STOP .)
    REVERSE         reduce using rule 39 (block_item -> error STOP .)
    CORNER          reduce using rule 39 (block_item -> error STOP .)
    ID              reduce using rule 39 (block_item -> error STOP .)
    SLIPSTREAM      reduce using rule 39 (block_item -> error STOP .)
    POSITION        reduce using rule 39 (block_item -> error STOP .)
    INT_LITERAL     reduce using rule 39 (block_item -> error STOP .)
    FLOAT_LITERAL   reduce using rule 39 (block_item -> error STOP .)
    STRING_LITERAL  reduce using rule 39 (block_item -> error STOP .)
    CHAR_LITERAL    reduce using rule 39 (block_item -> error STOP .)
    GREEN_LIGHT     reduce using rule 39 (block_item -> error STOP .)
    RED_LIGHT       reduce using rule 39 (block_item -> error STOP .)
    DNF             reduce using rule 39 (block_item -> error STOP .)
    SECTOR          reduce using rule 39 (block_item -> error STOP .)
    NO_DATA         reduce using rule 39 (block_item -> error STOP .)


state 75

    (27) declaration -> type_specifier ID . SETUP expression STOP
    (28) declaration -> type_specifier ID . STOP

    SETUP           shift and go to state 124
    STOP            shift and go to state 125


state 76

    (87) expression -> ID SETUP . expression
    (68) expression -> . expression TOW expression
    (69) expression -> . expression GAP expression
    (70) expression -> . expression ERS expression
    (71) expression -> . expression STINT expression
    (72) expression -> . expression FUEL_DELTA expression
    (73) expression -> . expression DEAD_HEAT expression
    (74) expression -> . expression OUTLAP expression
    (75) expression -> . expression UNDERCUT expression
    (76) expression -> . expression OVERCUT expression
    (77) expression -> . expression UNDEREQ expression
    (78) expression -> . expression OVEREQ expression
    (79) expression -> . expression BOTH_TYRES expression
    (80) expression -> . expression EITHER_TYRE expression
    (81) expression -> . expression SAFETY expression
    (82) expression -> . expression OVERTAKE expression
    (83) expression -> . GAP expression
    (84) expression -> . REVERSE_GRID expression
    (85) expression -> . REVERSE expression
    (86) expression -> . CORNER expression APEX
    (87) expression -> . ID SETUP expression
    (88) expression -> . ID PITSTOW expression
    (89) expression -> . ID PITGAP expression
    (90) expression -> . ID PITERS expression
    (91) expression -> . ID PITSTINT expression
    (92) expression -> . ID FASTLAP
    (93) expression -> . ID DEGRADATION
    (94) expression -> . SLIPSTREAM expression
    (95) expression -> . POSITION expression
    (96) expression -> . ID CORNER argument_list APEX
    (97) expression -> . ID CORNER APEX
    (100) expression -> . ID
    (101) expression -> . INT_LITERAL
    (102) expression -> . FLOAT_LITERAL
    (103) expression -> . STRING_LITERAL
    (104) expression -> . CHAR_LITERAL
    (105) expression -> . GREEN_LIGHT
    (106) expression -> . RED_LIGHT
    (107) expression -> . DNF

    GAP             shift and go to state 52
    REVERSE_GRID    shift and go to state 53
    REVERSE         shift and go to state 54
    CORNER          shift and go to state 40
    ID              shift and go to state 29
    SLIPSTREAM      shift and go to state 55
    POSITION        shift and go to state 56
    INT_LITERAL     shift and go to state 57
    FLOAT_LITERAL   shift and go to state 58
    STRING_LITERAL  shift and go to state 59
    CHAR_LITERAL    shift and go to state 60
    GREEN_LIGHT     shift and go to state 61
    RED_LIGHT       shift and go to state 62
    DNF             shift and go to state 63

    expression                     shift and go to state 126

state 77

    (88) expression -> ID PITSTOW . expression
    (68) expression -> . expression TOW expression
    (69) expression -> . expression GAP expression
    (70) expression -> . expression ERS expression
    (71) expression -> . expression STINT expression
    (72) expression -> . expression FUEL_DELTA expression
    (73) expression -> . expression DEAD_HEAT expression
    (74) expression -> . expression OUTLAP expression
    (75) expression -> . expression UNDERCUT expression
    (76) expression -> . expression OVERCUT expression
    (77) expression -> . expression UNDEREQ expression
    (78) expression -> . expression OVEREQ expression
    (79) expression -> . expression BOTH_TYRES expression
    (80) expression -> . expression EITHER_TYRE expression
    (81) expression -> . expression SAFETY expression
    (82) expression -> . expression OVERTAKE expression
    (83) expression -> . GAP expression
    (84) expression -> . REVERSE_GRID expression
    (85) expression -> . REVERSE expression
    (86) expression -> . CORNER expression APEX
    (87) expression -> . ID SETUP expression
    (88) expression -> . ID PITSTOW expression
    (89) expression -> . ID PITGAP expression
    (90) expression -> . ID PITERS expression
    (91) expression -> . ID PITSTINT expression
    (92) expression -> . ID FASTLAP
    (93) expression -> . ID DEGRADATION
    (94) expression -> . SLIPSTREAM expression
    (95) expression -> . POSITION expression
    (96) expression -> . ID CORNER argument_list APEX
    (97) expression -> . ID CORNER APEX
    (100) expression -> . ID
    (101) expression -> . INT_LITERAL
    (102) expression -> . FLOAT_LITERAL
    (103) expression -> . STRING_LITERAL
    (104) expression -> . CHAR_LITERAL
    (105) expression -> . GREEN_LIGHT
    (106) expression -> . RED_LIGHT
    (107) expression -> . DNF

    GAP             shift and go to state 52
    REVERSE_GRID    shift and go to state 53
    REVERSE         shift and go to state 54
    CORNER          shift and go to state 40
    ID              shift and go to state 29
    SLIPSTREAM      shift and go to state 55
    POSITION        shift and go to state 56
    INT_LITERAL     shift and go to state 57
    FLOAT_LITERAL   shift and go to state 58
    STRING_LITERAL  shift and go to state 59
    CHAR_LITERAL    shift and go to state 60
    GREEN_LIGHT     shift and go to state 61
    RED_LIGHT       shift and go to state 62
    DNF             shift and go to state 63

    expression                     shift and go to state 127

state 78

    (89) expression -> ID PITGAP . expression
    (68) expression -> . expression TOW expression
    (69) expression -> . expression GAP expression
    (70) expression -> . expression ERS expression
    (71) expression -> . expression STINT expression
    (72) expression -> . expression FUEL_DELTA expression
    (73) expression -> . expression DEAD_HEAT expression
    (74) expression -> . expression OUTLAP expression
    (75) expression -> . expression UNDERCUT expression
    (76) expression -> . expression OVERCUT expression
    (77) expression -> . expression UNDEREQ expression
    (78) expression -> . expression OVEREQ expression
    (79) expression -> . expression BOTH_TYRES expression
    (80) expression -> . expression EITHER_TYRE expression
    (81) expression -> . expression SAFETY expression
    (82) expression -> . expression OVERTAKE expression
    (83) expression -> . GAP expression
    (84) expression -> . REVERSE_GRID expression
    (85) expression -> . REVERSE expression
    (86) expression -> . CORNER expression APEX
    (87) expression -> . ID SETUP expression
    (88) expression -> . ID PITSTOW expression
    (89) expression -> . ID PITGAP expression
    (90) expression -> . ID PITERS expression
    (91) expression -> . ID PITSTINT expression
    (92) expression -> . ID FASTLAP
    (93) expression -> . ID DEGRADATION
    (94) expression -> . SLIPSTREAM expression
    (95) expression -> . POSITION expression
    (96) expression -> . ID CORNER argument_list APEX
    (97) expression -> . ID CORNER APEX
    (100) expression -> . ID
    (101) expression -> . INT_LITERAL
    (102) expression -> . FLOAT_LITERAL
    (103) expression -> . STRING_LITERAL
    (104) expression -> . CHAR_LITERAL
    (105) expression -> . GREEN_LIGHT
    (106) expression -> . RED_LIGHT
    (107) expression -> . DNF

    GAP             shift and go to state 52
    REVERSE_GRID    shift and go to state 53
    REVERSE         shift and go to state 54
    CORNER          shift and go to state 40
    ID              shift and go to state 29
    SLIPSTREAM      shift and go to state 55
    POSITION        shift and go to state 56
    INT_LITERAL     shift and go to state 57
    FLOAT_LITERAL   shift and go to state 58
    STRING_LITERAL  shift and go to state 59
    CHAR_LITERAL    shift and go to state 60
    GREEN_LIGHT     shift and go to state 61
    RED_LIGHT       shift and go to state 62
    DNF             shift and go to state 63

    expression                     shift and go to state 128

state 79

    (90) expression -> ID PITERS . expression
    (68) expression -> . expression TOW expression
    (69) expression -> . expression GAP expression
    (70) expression -> . expression ERS expression
    (71) expression -> . expression STINT expression
    (72) expression -> . expression FUEL_DELTA expression
    (73) expression -> . expression DEAD_HEAT expression
    (74) expression -> . expression OUTLAP expression
    (75) expression -> . expression UNDERCUT expression
    (76) expression -> . expression OVERCUT expression
    (77) expression -> . expression UNDEREQ expression
    (78) expression -> . expression OVEREQ expression
    (79) expression -> . expression BOTH_TYRES expression
    (80) expression -> . expression EITHER_TYRE expression
    (81) expression -> . expression SAFETY expression
    (82) expression -> . expression OVERTAKE expression
    (83) expression -> . GAP expression
    (84) expression -> . REVERSE_GRID expression
    (85) expression -> . REVERSE expression
    (86) expression -> . CORNER expression APEX
    (87) expression -> . ID SETUP expression
    (88) expression -> . ID PITSTOW expression
    (89) expression -> . ID PITGAP expression
    (90) expression -> . ID PITERS expression
    (91) expression -> . ID PITSTINT expression
    (92) expression -> . ID FASTLAP
    (93) expression -> . ID DEGRADATION
    (94) expression -> . SLIPSTREAM expression
    (95) expression -> . POSITION expression
    (96) expression -> . ID CORNER argument_list APEX
    (97) expression -> . ID CORNER APEX
    (100) expression -> . ID
    (101) expression -> . INT_LITERAL
    (102) expression -> . FLOAT_LITERAL
    (103) expression -> . STRING_LITERAL
    (104) expression -> . CHAR_LITERAL
    (105) expression -> . GREEN_LIGHT
    (106) expression -> . RED_LIGHT
    (107) expression -> . DNF

    GAP             shift and go to state 52
    REVERSE_GRID    shift and go to state 53
    REVERSE         shift and go to state 54
    CORNER          shift and go to state 40
    ID              shift and go to state 29
    SLIPSTREAM      shift and go to state 55
    POSITION        shift and go to state 56
    INT_LITERAL     shift and go to state 57
    FLOAT_LITERAL   shift and go to state 58
    STRING_LITERAL  shift and go to state 59
    CHAR_LITERAL    shift and go to state 60
    GREEN_LIGHT     shift and go to state 61
    RED_LIGHT       shift and go to state 62
    DNF             shift and go to state 63

    expression                     shift and go to state 129

state 80

    (91) expression -> ID PITSTINT . expression
    (68) expression -> . expression TOW expression
    (69) expression -> . expression GAP expression
    (70) expression -> . expression ERS expression
    (71) expression -> . expression STINT expression
    (72) expression -> . expression FUEL_DELTA expression
    (73) expression -> . expression DEAD_HEAT expression
    (74) expression -> . expression OUTLAP expression
    (75) expression -> . expression UNDERCUT expression
    (76) expression -> . expression OVERCUT expression
    (77) expression -> . expression UNDEREQ expression
    (78) expression -> . expression OVEREQ expression
    (79) expression -> . expression BOTH_TYRES expression
    (80) expression -> . expression EITHER_TYRE expression
    (81) expression -> . expression SAFETY expression
    (82) expression -> . expression OVERTAKE expression
    (83) expression -> . GAP expression
    (84) expression -> . REVERSE_GRID expression
    (85) expression -> . REVERSE expression
    (86) expression -> . CORNER expression APEX
    (87) expression -> . ID SETUP expression
    (88) expression -> . ID PITSTOW expression
    (89) expression -> . ID PITGAP expression
    (90) expression -> . ID PITERS expression
    (91) expression -> . ID PITSTINT expression
    (92) expression -> . ID FASTLAP
    (93) expression -> . ID DEGRADATION
    (94) expression -> . SLIPSTREAM expression
    (95) expression -> . POSITION expression
    (96) expression -> . ID CORNER argument_list APEX
    (97) expression -> . ID CORNER APEX
    (100) expression -> . ID
    (101) expression -> . INT_LITERAL
    (102) expression -> . FLOAT_LITERAL
    (103) expression -> . STRING_LITERAL
    (104) expression -> . CHAR_LITERAL
    (105) expression -> . GREEN_LIGHT
    (106) expression -> . RED_LIGHT
    (107) expression -> . DNF

    GAP             shift and go to state 52
    REVERSE_GRID    shift and go to state 53
    REVERSE         shift and go to state 54
    CORNER          shift and go to state 40
    ID              shift and go to state 29
    SLIPSTREAM      shift and go to state 55
    POSITION        shift and go to state 56
    INT_LITERAL     shift and go to state 57
    FLOAT_LITERAL   shift and go to state 58
    STRING_LITERAL  shift and go to state 59
    CHAR_LITERAL    shift and go to state 60
    GREEN_LIGHT     shift and go to state 61
    RED_LIGHT       shift and go to state 62
    DNF             shift and go to state 63

    expression                     shift and go to state 130

state 81

    (92) expression -> ID FASTLAP .

    STOP            reduce using rule 92 (expression -> ID FASTLAP .)
    TOW             reduce using rule 92 (expression -> ID FASTLAP .)
    GAP             reduce using rule 92 (expression -> ID FASTLAP .)
    ERS             reduce using rule 92 (expression -> ID FASTLAP .)
    STINT           reduce using rule 92 (expression -> ID FASTLAP .)
    FUEL_DELTA      reduce using rule 92 (expression -> ID FASTLAP .)
    DEAD_HEAT       reduce using rule 92 (expression -> ID FASTLAP .)
    OUTLAP          reduce using rule 92 (expression -> ID FASTLAP .)
    UNDERCUT        reduce using rule 92 (expression -> ID FASTLAP .)
    OVERCUT         reduce using rule 92 (expression -> ID FASTLAP .)
    UNDEREQ         reduce using rule 92 (expression -> ID FASTLAP .)
    OVEREQ          reduce using rule 92 (expression -> ID FASTLAP .)
    BOTH_TYRES      reduce using rule 92 (expression -> ID FASTLAP .)
    EITHER_TYRE     reduce using rule 92 (expression -> ID FASTLAP .)
    SAFETY          reduce using rule 92 (expression -> ID FASTLAP .)
    OVERTAKE        reduce using rule 92 (expression -> ID FASTLAP .)
    APEX            reduce using rule 92 (expression -> ID FASTLAP .)
    ALSO            reduce using rule 92 (expression -> ID FASTLAP .)
    MARSHALL        reduce using rule 92 (expression -> ID FASTLAP .)


state 82

    (93) expression -> ID DEGRADATION .

    STOP            reduce using rule 93 (expression -> ID DEGRADATION .)
    TOW             reduce using rule 93 (expression -> ID DEGRADATION .)
    GAP             reduce using rule 93 (expression -> ID DEGRADATION .)
    ERS             reduce using rule 93 (expression -> ID DEGRADATION .)
    STINT           reduce using rule 93 (expression -> ID DEGRADATION .)
    FUEL_DELTA      reduce using rule 93 (expression -> ID DEGRADATION .)
    DEAD_HEAT       reduce using rule 93 (expression -> ID DEGRADATION .)
    OUTLAP          reduce using rule 93 (expression -> ID DEGRADATION .)
    UNDERCUT        reduce using rule 93 (expression -> ID DEGRADATION .)
    OVERCUT         reduce using rule 93 (expression -> ID DEGRADATION .)
    UNDEREQ         reduce using rule 93 (expression -> ID DEGRADATION .)
    OVEREQ          reduce using rule 93 (expression -> ID DEGRADATION .)
    BOTH_TYRES      reduce using rule 93 (expression -> ID DEGRADATION .)
    EITHER_TYRE     reduce using rule 93 (expression -> ID DEGRADATION .)
    SAFETY          reduce using rule 93 (expression -> ID DEGRADATION .)
    OVERTAKE        reduce using rule 93 (expression -> ID DEGRADATION .)
    APEX            reduce using rule 93 (expression -> ID DEGRADATION .)
    ALSO            reduce using rule 93 (expression -> ID DEGRADATION .)
    MARSHALL        reduce using rule 93 (expression -> ID DEGRADATION .)


state 83

    (96) expression -> ID CORNER . argument_list APEX
    (97) expression -> ID CORNER . APEX
    (98) argument_list -> . expression
    (99) argument_list -> . argument_list ALSO expression
    (68) expression -> . expression TOW expression
    (69) expression -> . expression GAP expression
    (70) expression -> . expression ERS expression
    (71) expression -> . expression STINT expression
    (72) expression -> . expression FUEL_DELTA expression
    (73) expression -> . expression DEAD_HEAT expression
    (74) expression -> . expression OUTLAP expression
    (75) expression -> . expression UNDERCUT expression
    (76) expression -> . expression OVERCUT expression
    (77) expression -> . expression UNDEREQ expression
    (78) expression -> . expression OVEREQ expression
    (79) expression -> . expression BOTH_TYRES expression
    (80) expression -> . expression EITHER_TYRE expression
    (81) expression -> . expression SAFETY expression
    (82) expression -> . expression OVERTAKE expression
    (83) expression -> . GAP expression
    (84) expression -> . REVERSE_GRID expression
    (85) expression -> . REVERSE expression
    (86) expression -> . CORNER expression APEX
    (87) expression -> . ID SETUP expression
    (88) expression -> . ID PITSTOW expression
    (89) expression -> . ID PITGAP expression
    (90) expression -> . ID PITERS expression
    (91) expression -> . ID PITSTINT expression
    (92) expression -> . ID FASTLAP
    (93) expression -> . ID DEGRADATION
    (94) expression -> . SLIPSTREAM expression
    (95) expression -> . POSITION expression
    (96) expression -> . ID CORNER argument_list APEX
    (97) expression -> . ID CORNER APEX
    (100) expression -> . ID
    (101) expression -> . INT_LITERAL
    (102) expression -> . FLOAT_LITERAL
    (103) expression -> . STRING_LITERAL
    (104) expression -> . CHAR_LITERAL
    (105) expression -> . GREEN_LIGHT
    (106) expression -> . RED_LIGHT
    (107) expression -> . DNF

    APEX            shift and go to state 132
    GAP             shift and go to state 52
    REVERSE_GRID    shift and go to state 53
    REVERSE         shift and go to state 54
    CORNER          shift and go to state 40
    ID              shift and go to state 29
    SLIPSTREAM      shift and go to state 55
    POSITION        shift and go to state 56
    INT_LITERAL     shift and go to state 57
    FLOAT_LITERAL   shift and go to state 58
    STRING_LITERAL  shift and go to state 59
    CHAR_LITERAL    shift and go to state 60
    GREEN_LIGHT     shift and go to state 61
    RED_LIGHT       shift and go to state 62
    DNF             shift and go to state 63

    argument_list                  shift and go to state 131
    expression                     shift and go to state 133

state 84

    (37) expression_statement -> expression STOP .

    READY           reduce using rule 37 (expression_statement -> expression STOP .)
    error           reduce using rule 37 (expression_statement -> expression STOP .)
    VSC             reduce using rule 37 (expression_statement -> expression STOP .)
    LAP             reduce using rule 37 (expression_statement -> expression STOP .)
    SPLIT           reduce using rule 37 (expression_statement -> expression STOP .)
    PITBOARD        reduce using rule 37 (expression_statement -> expression STOP .)
    YELLOW_FLAG     reduce using rule 37 (expression_statement -> expression STOP .)
    RADIO           reduce using rule 37 (expression_statement -> expression STOP .)
    STOP            reduce using rule 37 (expression_statement -> expression STOP .)
    GARAGE          reduce using rule 37 (expression_statement -> expression STOP .)
    STRATEGY_CHECK  reduce using rule 37 (expression_statement -> expression STOP .)
    GAP_CHECK       reduce using rule 37 (expression_statement -> expression STOP .)
    PITWALL         reduce using rule 37 (expression_statement -> expression STOP .)
    PUSH            reduce using rule 37 (expression_statement -> expression STOP .)
    BOX             reduce using rule 37 (expression_statement -> expression STOP .)
    FORMATION_LAP   reduce using rule 37 (expression_statement -> expression STOP .)
    PODIO           reduce using rule 37 (expression_statement -> expression STOP .)
    BOX_BOX         reduce using rule 37 (expression_statement -> expression STOP .)
    DRS             reduce using rule 37 (expression_statement -> expression STOP .)
    BROADCAST       reduce using rule 37 (expression_statement -> expression STOP .)
    TELEMETRY       reduce using rule 37 (expression_statement -> expression STOP .)
    CHECKERED_FLAG  reduce using rule 37 (expression_statement -> expression STOP .)
    GAP             reduce using rule 37 (expression_statement -> expression STOP .)
    REVERSE_GRID    reduce using rule 37 (expression_statement -> expression STOP .)
    REVERSE         reduce using rule 37 (expression_statement -> expression STOP .)
    CORNER          reduce using rule 37 (expression_statement -> expression STOP .)
    ID              reduce using rule 37 (expression_statement -> expression STOP .)
    SLIPSTREAM      reduce using rule 37 (expression_statement -> expression STOP .)
    POSITION        reduce using rule 37 (expression_statement -> expression STOP .)
    INT_LITERAL     reduce using rule 37 (expression_statement -> expression STOP .)
    FLOAT_LITERAL   reduce using rule 37 (expression_statement -> expression STOP .)
    STRING_LITERAL  reduce using rule 37 (expression_statement -> expression STOP .)
    CHAR_LITERAL    reduce using rule 37 (expression_statement -> expression STOP .)
    GREEN_LIGHT     reduce using rule 37 (expression_statement -> expression STOP .)
    RED_LIGHT       reduce using rule 37 (expression_statement -> expression STOP .)
    DNF             reduce using rule 37 (expression_statement -> expression STOP .)
    SECTOR          reduce using rule 37 (expression_statement -> expression STOP .)
    NO_DATA         reduce using rule 37 (expression_statement -> expression STOP .)


state 85

    (68) expression -> expression TOW . expression
    (68) expression -> . expression TOW expression
    (69) expression -> . expression GAP expression
    (70) expression -> . expression ERS expression
    (71) expression -> . expression STINT expression
    (72) expression -> . expression FUEL_DELTA expression
    (73) expression -> . expression DEAD_HEAT expression
    (74) expression -> . expression OUTLAP expression
    (75) expression -> . expression UNDERCUT expression
    (76) expression -> . expression OVERCUT expression
    (77) expression -> . expression UNDEREQ expression
    (78) expression -> . expression OVEREQ expression
    (79) expression -> . expression BOTH_TYRES expression
    (80) expression -> . expression EITHER_TYRE expression
    (81) expression -> . expression SAFETY expression
    (82) expression -> . expression OVERTAKE expression
    (83) expression -> . GAP expression
    (84) expression -> . REVERSE_GRID expression
    (85) expression -> . REVERSE expression
    (86) expression -> . CORNER expression APEX
    (87) expression -> . ID SETUP expression
    (88) expression -> . ID PITSTOW expression
    (89) expression -> . ID PITGAP expression
    (90) expression -> . ID PITERS expression
    (91) expression -> . ID PITSTINT expression
    (92) expression -> . ID FASTLAP
    (93) expression -> . ID DEGRADATION
    (94) expression -> . SLIPSTREAM expression
    (95) expression -> . POSITION expression
    (96) expression -> . ID CORNER argument_list APEX
    (97) expression -> . ID CORNER APEX
    (100) expression -> . ID
    (101) expression -> . INT_LITERAL
    (102) expression -> . FLOAT_LITERAL
    (103) expression -> . STRING_LITERAL
    (104) expression -> . CHAR_LITERAL
    (105) expression -> . GREEN_LIGHT
    (106) expression -> . RED_LIGHT
    (107) expression -> . DNF

    GAP             shift and go to state 52
    REVERSE_GRID    shift and go to state 53
    REVERSE         shift and go to state 54
    CORNER          shift and go to state 40
    ID              shift and go to state 29
    SLIPSTREAM      shift and go to state 55
    POSITION        shift and go to state 56
    INT_LITERAL     shift and go to state 57
    FLOAT_LITERAL   shift and go to state 58
    STRING_LITERAL  shift and go to state 59
    CHAR_LITERAL    shift and go to state 60
    GREEN_LIGHT     shift and go to state 61
    RED_LIGHT       shift and go to state 62
    DNF             shift and go to state 63

    expression                     shift and go to state 134

state 86

    (69) expression -> expression GAP . expression
    (68) expression -> . expression TOW expression
    (69) expression -> . expression GAP expression
    (70) expression -> . expression ERS expression
    (71) expression -> . expression STINT expression
    (72) expression -> . expression FUEL_DELTA expression
    (73) expression -> . expression DEAD_HEAT expression
    (74) expression -> . expression OUTLAP expression
    (75) expression -> . expression UNDERCUT expression
    (76) expression -> . expression OVERCUT expression
    (77) expression -> . expression UNDEREQ expression
    (78) expression -> . expression OVEREQ expression
    (79) expression -> . expression BOTH_TYRES expression
    (80) expression -> . expression EITHER_TYRE expression
    (81) expression -> . expression SAFETY expression
    (82) expression -> . expression OVERTAKE expression
    (83) expression -> . GAP expression
    (84) expression -> . REVERSE_GRID expression
    (85) expression -> . REVERSE expression
    (86) expression -> . CORNER expression APEX
    (87) expression -> . ID SETUP expression
    (88) expression -> . ID PITSTOW expression
    (89) expression -> . ID PITGAP expression
    (90) expression -> . ID PITERS expression
    (91) expression -> . ID PITSTINT expression
    (92) expression -> . ID FASTLAP
    (93) expression -> . ID DEGRADATION
    (94) expression -> . SLIPSTREAM expression
    (95) expression -> . POSITION expression
    (96) expression -> . ID CORNER argument_list APEX
    (97) expression -> . ID CORNER APEX
    (100) expression -> . ID
    (101) expression -> . INT_LITERAL
    (102) expression -> . FLOAT_LITERAL
    (103) expression -> . STRING_LITERAL
    (104) expression -> . CHAR_LITERAL
    (105) expression -> . GREEN_LIGHT
    (106) expression -> . RED_LIGHT
    (107) expression -> . DNF

    GAP             shift and go to state 52
    REVERSE_GRID    shift and go to state 53
    REVERSE         shift and go to state 54
    CORNER          shift and go to state 40
    ID              shift and go to state 29
    SLIPSTREAM      shift and go to state 55
    POSITION        shift and go to state 56
    INT_LITERAL     shift and go to state 57
    FLOAT_LITERAL   shift and go to state 58
    STRING_LITERAL  shift and go to state 59
    CHAR_LITERAL    shift and go to state 60
    GREEN_LIGHT     shift and go to state 61
    RED_LIGHT       shift and go to state 62
    DNF             shift and go to state 63

    expression                     shift and go to state 135

state 87

    (70) expression -> expression ERS . expression
    (68) expression -> . expression TOW expression
    (69) expression -> . expression GAP expression
    (70) expression -> . expression ERS expression
    (71) expression -> . expression STINT expression
    (72) expression -> . expression FUEL_DELTA expression
    (73) expression -> . expression DEAD_HEAT expression
    (74) expression -> . expression OUTLAP expression
    (75) expression -> . expression UNDERCUT expression
    (76) expression -> . expression OVERCUT expression
    (77) expression -> . expression UNDEREQ expression
    (78) expression -> . expression OVEREQ expression
    (79) expression -> . expression BOTH_TYRES expression
    (80) expression -> . expression EITHER_TYRE expression
    (81) expression -> . expression SAFETY expression
    (82) expression -> . expression OVERTAKE expression
    (83) expression -> . GAP expression
    (84) expression -> . REVERSE_GRID expression
    (85) expression -> . REVERSE expression
    (86) expression -> . CORNER expression APEX
    (87) expression -> . ID SETUP expression
    (88) expression -> . ID PITSTOW expression
    (89) expression -> . ID PITGAP expression
    (90) expression -> . ID PITERS expression
    (91) expression -> . ID PITSTINT expression
    (92) expression -> . ID FASTLAP
    (93) expression -> . ID DEGRADATION
    (94) expression -> . SLIPSTREAM expression
    (95) expression -> . POSITION expression
    (96) expression -> . ID CORNER argument_list APEX
    (97) expression -> . ID CORNER APEX
    (100) expression -> . ID
    (101) expression -> . INT_LITERAL
    (102) expression -> . FLOAT_LITERAL
    (103) expression -> . STRING_LITERAL
    (104) expression -> . CHAR_LITERAL
    (105) expression -> . GREEN_LIGHT
    (106) expression -> . RED_LIGHT
    (107) expression -> . DNF

    GAP             shift and go to state 52
    REVERSE_GRID    shift and go to state 53
    REVERSE         shift and go to state 54
    CORNER          shift and go to state 40
    ID              shift and go to state 29
    SLIPSTREAM      shift and go to state 55
    POSITION        shift and go to state 56
    INT_LITERAL     shift and go to state 57
    FLOAT_LITERAL   shift and go to state 58
    STRING_LITERAL  shift and go to state 59
    CHAR_LITERAL    shift and go to state 60
    GREEN_LIGHT     shift and go to state 61
    RED_LIGHT       shift and go to state 62
    DNF             shift and go to state 63

    expression                     shift and go to state 136

state 88

    (71) expression -> expression STINT . expression
    (68) expression -> . expression TOW expression
    (69) expression -> . expression GAP expression
    (70) expression -> . expression ERS expression
    (71) expression -> . expression STINT expression
    (72) expression -> . expression FUEL_DELTA expression
    (73) expression -> . expression DEAD_HEAT expression
    (74) expression -> . expression OUTLAP expression
    (75) expression -> . expression UNDERCUT expression
    (76) expression -> . expression OVERCUT expression
    (77) expression -> . expression UNDEREQ expression
    (78) expression -> . expression OVEREQ expression
    (79) expression -> . expression BOTH_TYRES expression
    (80) expression -> . expression EITHER_TYRE expression
    (81) expression -> . expression SAFETY expression
    (82) expression -> . expression OVERTAKE expression
    (83) expression -> . GAP expression
    (84) expression -> . REVERSE_GRID expression
    (85) expression -> . REVERSE expression
    (86) expression -> . CORNER expression APEX
    (87) expression -> . ID SETUP expression
    (88) expression -> . ID PITSTOW expression
    (89) expression -> . ID PITGAP expression
    (90) expression -> . ID PITERS expression
    (91) expression -> . ID PITSTINT expression
    (92) expression -> . ID FASTLAP
    (93) expression -> . ID DEGRADATION
    (94) expression -> . SLIPSTREAM expression
    (95) expression -> . POSITION expression
    (96) expression -> . ID CORNER argument_list APEX
    (97) expression -> . ID CORNER APEX
    (100) expression -> . ID
    (101) expression -> . INT_LITERAL
    (102) expression -> . FLOAT_LITERAL
    (103) expression -> . STRING_LITERAL
    (104) expression -> . CHAR_LITERAL
    (105) expression -> . GREEN_LIGHT
    (106) expression -> . RED_LIGHT
    (107) expression -> . DNF

    GAP             shift and go to state 52
    REVERSE_GRID    shift and go to state 53
    REVERSE         shift and go to state 54
    CORNER          shift and go to state 40
    ID              shift and go to state 29
    SLIPSTREAM      shift and go to state 55
    POSITION        shift and go to state 56
    INT_LITERAL     shift and go to state 57
    FLOAT_LITERAL   shift and go to state 58
    STRING_LITERAL  shift and go to state 59
    CHAR_LITERAL    shift and go to state 60
    GREEN_LIGHT     shift and go to state 61
    RED_LIGHT       shift and go to state 62
    DNF             shift and go to state 63

    expression                     shift and go to state 137

state 89

    (72) expression -> expression FUEL_DELTA . expression
    (68) expression -> . expression TOW expression
    (69) expression -> . expression GAP expression
    (70) expression -> . expression ERS expression
    (71) expression -> . expression STINT expression
    (72) expression -> . expression FUEL_DELTA expression
    (73) expression -> . expression DEAD_HEAT expression
    (74) expression -> . expression OUTLAP expression
    (75) expression -> . expression UNDERCUT expression
    (76) expression -> . expression OVERCUT expression
    (77) expression -> . expression UNDEREQ expression
    (78) expression -> . expression OVEREQ expression
    (79) expression -> . expression BOTH_TYRES expression
    (80) expression -> . expression EITHER_TYRE expression
    (81) expression -> . expression SAFETY expression
    (82) expression -> . expression OVERTAKE expression
    (83) expression -> . GAP expression
    (84) expression -> . REVERSE_GRID expression
    (85) expression -> . REVERSE expression
    (86) expression -> . CORNER expression APEX
    (87) expression -> . ID SETUP expression
    (88) expression -> . ID PITSTOW expression
    (89) expression -> . ID PITGAP expression
    (90) expression -> . ID PITERS expression
    (91) expression -> . ID PITSTINT expression
    (92) expression -> . ID FASTLAP
    (93) expression -> . ID DEGRADATION
    (94) expression -> . SLIPSTREAM expression
    (95) expression -> . POSITION expression
    (96) expression -> . ID CORNER argument_list APEX
    (97) expression -> . ID CORNER APEX
    (100) expression -> . ID
    (101) expression -> . INT_LITERAL
    (102) expression -> . FLOAT_LITERAL
    (103) expression -> . STRING_LITERAL
    (104) expression -> . CHAR_LITERAL
    (105) expression -> . GREEN_LIGHT
    (106) expression -> . RED_LIGHT
    (107) expression -> . DNF

    GAP             shift and go to state 52
    REVERSE_GRID    shift and go to state 53
    REVERSE         shift and go to state 54
    CORNER          shift and go to state 40
    ID              shift and go to state 29
    SLIPSTREAM      shift and go to state 55
    POSITION        shift and go to state 56
    INT_LITERAL     shift and go to state 57
    FLOAT_LITERAL   shift and go to state 58
    STRING_LITERAL  shift and go to state 59
    CHAR_LITERAL    shift and go to state 60
    GREEN_LIGHT     shift and go to state 61
    RED_LIGHT       shift and go to state 62
    DNF             shift and go to state 63

    expression                     shift and go to state 138

state 90

    (73) expression -> expression DEAD_HEAT . expression
    (68) expression -> . expression TOW expression
    (69) expression -> . expression GAP expression
    (70) expression -> . expression ERS expression
    (71) expression -> . expression STINT expression
    (72) expression -> . expression FUEL_DELTA expression
    (73) expression -> . expression DEAD_HEAT expression
    (74) expression -> . expression OUTLAP expression
    (75) expression -> . expression UNDERCUT expression
    (76) expression -> . expression OVERCUT expression
    (77) expression -> . expression UNDEREQ expression
    (78) expression -> . expression OVEREQ expression
    (79) expression -> . expression BOTH_TYRES expression
    (80) expression -> . expression EITHER_TYRE expression
    (81) expression -> . expression SAFETY expression
    (82) expression -> . expression OVERTAKE expression
    (83) expression -> . GAP expression
    (84) expression -> . REVERSE_GRID expression
    (85) expression -> . REVERSE expression
    (86) expression -> . CORNER expression APEX
    (87) expression -> . ID SETUP expression
    (88) expression -> . ID PITSTOW expression
    (89) expression -> . ID PITGAP expression
    (90) expression -> . ID PITERS expression
    (91) expression -> . ID PITSTINT expression
    (92) expression -> . ID FASTLAP
    (93) expression -> . ID DEGRADATION
    (94) expression -> . SLIPSTREAM expression
    (95) expression -> . POSITION expression
    (96) expression -> . ID CORNER argument_list APEX
    (97) expression -> . ID CORNER APEX
    (100) expression -> . ID
    (101) expression -> . INT_LITERAL
    (102) expression -> . FLOAT_LITERAL
    (103) expression -> . STRING_LITERAL
    (104) expression -> . CHAR_LITERAL
    (105) expression -> . GREEN_LIGHT
    (106) expression -> . RED_LIGHT
    (107) expression -> . DNF

    GAP             shift and go to state 52
    REVERSE_GRID    shift and go to state 53
    REVERSE         shift and go to state 54
    CORNER          shift and go to state 40
    ID              shift and go to state 29
    SLIPSTREAM      shift and go to state 55
    POSITION        shift and go to state 56
    INT_LITERAL     shift and go to state 57
    FLOAT_LITERAL   shift and go to state 58
    STRING_LITERAL  shift and go to state 59
    CHAR_LITERAL    shift and go to state 60
    GREEN_LIGHT     shift and go to state 61
    RED_LIGHT       shift and go to state 62
    DNF             shift and go to state 63

    expression                     shift and go to state 139

state 91

    (74) expression -> expression OUTLAP . expression
    (68) expression -> . expression TOW expression
    (69) expression -> . expression GAP expression
    (70) expression -> . expression ERS expression
    (71) expression -> . expression STINT expression
    (72) expression -> . expression FUEL_DELTA expression
    (73) expression -> . expression DEAD_HEAT expression
    (74) expression -> . expression OUTLAP expression
    (75) expression -> . expression UNDERCUT expression
    (76) expression -> . expression OVERCUT expression
    (77) expression -> . expression UNDEREQ expression
    (78) expression -> . expression OVEREQ expression
    (79) expression -> . expression BOTH_TYRES expression
    (80) expression -> . expression EITHER_TYRE expression
    (81) expression -> . expression SAFETY expression
    (82) expression -> . expression OVERTAKE expression
    (83) expression -> . GAP expression
    (84) expression -> . REVERSE_GRID expression
    (85) expression -> . REVERSE expression
    (86) expression -> . CORNER expression APEX
    (87) expression -> . ID SETUP expression
    (88) expression -> . ID PITSTOW expression
    (89) expression -> . ID PITGAP expression
    (90) expression -> . ID PITERS expression
    (91) expression -> . ID PITSTINT expression
    (92) expression -> . ID FASTLAP
    (93) expression -> . ID DEGRADATION
    (94) expression -> . SLIPSTREAM expression
    (95) expression -> . POSITION expression
    (96) expression -> . ID CORNER argument_list APEX
    (97) expression -> . ID CORNER APEX
    (100) expression -> . ID
    (101) expression -> . INT_LITERAL
    (102) expression -> . FLOAT_LITERAL
    (103) expression -> . STRING_LITERAL
    (104) expression -> . CHAR_LITERAL
    (105) expression -> . GREEN_LIGHT
    (106) expression -> . RED_LIGHT
    (107) expression -> . DNF

    GAP             shift and go to state 52
    REVERSE_GRID    shift and go to state 53
    REVERSE         shift and go to state 54
    CORNER          shift and go to state 40
    ID              shift and go to state 29
    SLIPSTREAM      shift and go to state 55
    POSITION        shift and go to state 56
    INT_LITERAL     shift and go to state 57
    FLOAT_LITERAL   shift and go to state 58
    STRING_LITERAL  shift and go to state 59
    CHAR_LITERAL    shift and go to state 60
    GREEN_LIGHT     shift and go to state 61
    RED_LIGHT       shift and go to state 62
    DNF             shift and go to state 63

    expression                     shift and go to state 140

state 92

    (75) expression -> expression UNDERCUT . expression
    (68) expression -> . expression TOW expression
    (69) expression -> . expression GAP expression
    (70) expression -> . expression ERS expression
    (71) expression -> . expression STINT expression
    (72) expression -> . expression FUEL_DELTA expression
    (73) expression -> . expression DEAD_HEAT expression
    (74) expression -> . expression OUTLAP expression
    (75) expression -> . expression UNDERCUT expression
    (76) expression -> . expression OVERCUT expression
    (77) expression -> . expression UNDEREQ expression
    (78) expression -> . expression OVEREQ expression
    (79) expression -> . expression BOTH_TYRES expression
    (80) expression -> . expression EITHER_TYRE expression
    (81) expression -> . expression SAFETY expression
    (82) expression -> . expression OVERTAKE expression
    (83) expression -> . GAP expression
    (84) expression -> . REVERSE_GRID expression
    (85) expression -> . REVERSE expression
    (86) expression -> . CORNER expression APEX
    (87) expression -> . ID SETUP expression
    (88) expression -> . ID PITSTOW expression
    (89) expression -> . ID PITGAP expression
    (90) expression -> . ID PITERS expression
    (91) expression -> . ID PITSTINT expression
    (92) expression -> . ID FASTLAP
    (93) expression -> . ID DEGRADATION
    (94) expression -> . SLIPSTREAM expression
    (95) expression -> . POSITION expression
    (96) expression -> . ID CORNER argument_list APEX
    (97) expression -> . ID CORNER APEX
    (100) expression -> . ID
    (101) expression -> . INT_LITERAL
    (102) expression -> . FLOAT_LITERAL
    (103) expression -> . STRING_LITERAL
    (104) expression -> . CHAR_LITERAL
    (105) expression -> . GREEN_LIGHT
    (106) expression -> . RED_LIGHT
    (107) expression -> . DNF

    GAP             shift and go to state 52
    REVERSE_GRID    shift and go to state 53
    REVERSE         shift and go to state 54
    CORNER          shift and go to state 40
    ID              shift and go to state 29
    SLIPSTREAM      shift and go to state 55
    POSITION        shift and go to state 56
    INT_LITERAL     shift and go to state 57
    FLOAT_LITERAL   shift and go to state 58
    STRING_LITERAL  shift and go to state 59
    CHAR_LITERAL    shift and go to state 60
    GREEN_LIGHT     shift and go to state 61
    RED_LIGHT       shift and go to state 62
    DNF             shift and go to state 63

    expression                     shift and go to state 141

state 93

    (76) expression -> expression OVERCUT . expression
    (68) expression -> . expression TOW expression
    (69) expression -> . expression GAP expression
    (70) expression -> . expression ERS expression
    (71) expression -> . expression STINT expression
    (72) expression -> . expression FUEL_DELTA expression
    (73) expression -> . expression DEAD_HEAT expression
    (74) expression -> . expression OUTLAP expression
    (75) expression -> . expression UNDERCUT expression
    (76) expression -> . expression OVERCUT expression
    (77) expression -> . expression UNDEREQ expression
    (78) expression -> . expression OVEREQ expression
    (79) expression -> . expression BOTH_TYRES expression
    (80) expression -> . expression EITHER_TYRE expression
    (81) expression -> . expression SAFETY expression
    (82) expression -> . expression OVERTAKE expression
    (83) expression -> . GAP expression
    (84) expression -> . REVERSE_GRID expression
    (85) expression -> . REVERSE expression
    (86) expression -> . CORNER expression APEX
    (87) expression -> . ID SETUP expression
    (88) expression -> . ID PITSTOW expression
    (89) expression -> . ID PITGAP expression
    (90) expression -> . ID PITERS expression
    (91) expression -> . ID PITSTINT expression
    (92) expression -> . ID FASTLAP
    (93) expression -> . ID DEGRADATION
    (94) expression -> . SLIPSTREAM expression
    (95) expression -> . POSITION expression
    (96) expression -> . ID CORNER argument_list APEX
    (97) expression -> . ID CORNER APEX
    (100) expression -> . ID
    (101) expression -> . INT_LITERAL
    (102) expression -> . FLOAT_LITERAL
    (103) expression -> . STRING_LITERAL
    (104) expression -> . CHAR_LITERAL
    (105) expression -> . GREEN_LIGHT
    (106) expression -> . RED_LIGHT
    (107) expression -> . DNF

    GAP             shift and go to state 52
    REVERSE_GRID    shift and go to state 53
    REVERSE         shift and go to state 54
    CORNER          shift and go to state 40
    ID              shift and go to state 29
    SLIPSTREAM      shift and go to state 55
    POSITION        shift and go to state 56
    INT_LITERAL     shift and go to state 57
    FLOAT_LITERAL   shift and go to state 58
    STRING_LITERAL  shift and go to state 59
    CHAR_LITERAL    shift and go to state 60
    GREEN_LIGHT     shift and go to state 61
    RED_LIGHT       shift and go to state 62
    DNF             shift and go to state 63

    expression                     shift and go to state 142

state 94

    (77) expression -> expression UNDEREQ . expression
    (68) expression -> . expression TOW expression
    (69) expression -> . expression GAP expression
    (70) expression -> . expression ERS expression
    (71) expression -> . expression STINT expression
    (72) expression -> . expression FUEL_DELTA expression
    (73) expression -> . expression DEAD_HEAT expression
    (74) expression -> . expression OUTLAP expression
    (75) expression -> . expression UNDERCUT expression
    (76) expression -> . expression OVERCUT expression
    (77) expression -> . expression UNDEREQ expression
    (78) expression -> . expression OVEREQ expression
    (79) expression -> . expression BOTH_TYRES expression
    (80) expression -> . expression EITHER_TYRE expression
    (81) expression -> . expression SAFETY expression
    (82) expression -> . expression OVERTAKE expression
    (83) expression -> . GAP expression
    (84) expression -> . REVERSE_GRID expression
    (85) expression -> . REVERSE expression
    (86) expression -> . CORNER expression APEX
    (87) expression -> . ID SETUP expression
    (88) expression -> . ID PITSTOW expression
    (89) expression -> . ID PITGAP expression
    (90) expression -> . ID PITERS expression
    (91) expression -> . ID PITSTINT expression
    (92) expression -> . ID FASTLAP
    (93) expression -> . ID DEGRADATION
    (94) expression -> . SLIPSTREAM expression
    (95) expression -> . POSITION expression
    (96) expression -> . ID CORNER argument_list APEX
    (97) expression -> . ID CORNER APEX
    (100) expression -> . ID
    (101) expression -> . INT_LITERAL
    (102) expression -> . FLOAT_LITERAL
    (103) expression -> . STRING_LITERAL
    (104) expression -> . CHAR_LITERAL
    (105) expression -> . GREEN_LIGHT
    (106) expression -> . RED_LIGHT
    (107) expression -> . DNF

    GAP             shift and go to state 52
    REVERSE_GRID    shift and go to state 53
    REVERSE         shift and go to state 54
    CORNER          shift and go to state 40
    ID              shift and go to state 29
    SLIPSTREAM      shift and go to state 55
    POSITION        shift and go to state 56
    INT_LITERAL     shift and go to state 57
    FLOAT_LITERAL   shift and go to state 58
    STRING_LITERAL  shift and go to state 59
    CHAR_LITERAL    shift and go to state 60
    GREEN_LIGHT     shift and go to state 61
    RED_LIGHT       shift and go to state 62
    DNF             shift and go to state 63

    expression                     shift and go to state 143

state 95

    (78) expression -> expression OVEREQ . expression
    (68) expression -> . expression TOW expression
    (69) expression -> . expression GAP expression
    (70) expression -> . expression ERS expression
    (71) expression -> . expression STINT expression
    (72) expression -> . expression FUEL_DELTA expression
    (73) expression -> . expression DEAD_HEAT expression
    (74) expression -> . expression OUTLAP expression
    (75) expression -> . expression UNDERCUT expression
    (76) expression -> . expression OVERCUT expression
    (77) expression -> . expression UNDEREQ expression
    (78) expression -> . expression OVEREQ expression
    (79) expression -> . expression BOTH_TYRES expression
    (80) expression -> . expression EITHER_TYRE expression
    (81) expression -> . expression SAFETY expression
    (82) expression -> . expression OVERTAKE expression
    (83) expression -> . GAP expression
    (84) expression -> . REVERSE_GRID expression
    (85) expression -> . REVERSE expression
    (86) expression -> . CORNER expression APEX
    (87) expression -> . ID SETUP expression
    (88) expression -> . ID PITSTOW expression
    (89) expression -> . ID PITGAP expression
    (90) expression -> . ID PITERS expression
    (91) expression -> . ID PITSTINT expression
    (92) expression -> . ID FASTLAP
    (93) expression -> . ID DEGRADATION
    (94) expression -> . SLIPSTREAM expression
    (95) expression -> . POSITION expression
    (96) expression -> . ID CORNER argument_list APEX
    (97) expression -> . ID CORNER APEX
    (100) expression -> . ID
    (101) expression -> . INT_LITERAL
    (102) expression -> . FLOAT_LITERAL
    (103) expression -> . STRING_LITERAL
    (104) expression -> . CHAR_LITERAL
    (105) expression -> . GREEN_LIGHT
    (106) expression -> . RED_LIGHT
    (107) expression -> . DNF

    GAP             shift and go to state 52
    REVERSE_GRID    shift and go to state 53
    REVERSE         shift and go to state 54
    CORNER          shift and go to state 40
    ID              shift and go to state 29
    SLIPSTREAM      shift and go to state 55
    POSITION        shift and go to state 56
    INT_LITERAL     shift and go to state 57
    FLOAT_LITERAL   shift and go to state 58
    STRING_LITERAL  shift and go to state 59
    CHAR_LITERAL    shift and go to state 60
    GREEN_LIGHT     shift and go to state 61
    RED_LIGHT       shift and go to state 62
    DNF             shift and go to state 63

    expression                     shift and go to state 144

state 96

    (79) expression -> expression BOTH_TYRES . expression
    (68) expression -> . expression TOW expression
    (69) expression -> . expression GAP expression
    (70) expression -> . expression ERS expression
    (71) expression -> . expression STINT expression
    (72) expression -> . expression FUEL_DELTA expression
    (73) expression -> . expression DEAD_HEAT expression
    (74) expression -> . expression OUTLAP expression
    (75) expression -> . expression UNDERCUT expression
    (76) expression -> . expression OVERCUT expression
    (77) expression -> . expression UNDEREQ expression
    (78) expression -> . expression OVEREQ expression
    (79) expression -> . expression BOTH_TYRES expression
    (80) expression -> . expression EITHER_TYRE expression
    (81) expression -> . expression SAFETY expression
    (82) expression -> . expression OVERTAKE expression
    (83) expression -> . GAP expression
    (84) expression -> . REVERSE_GRID expression
    (85) expression -> . REVERSE expression
    (86) expression -> . CORNER expression APEX
    (87) expression -> . ID SETUP expression
    (88) expression -> . ID PITSTOW expression
    (89) expression -> . ID PITGAP expression
    (90) expression -> . ID PITERS expression
    (91) expression -> . ID PITSTINT expression
    (92) expression -> . ID FASTLAP
    (93) expression -> . ID DEGRADATION
    (94) expression -> . SLIPSTREAM expression
    (95) expression -> . POSITION expression
    (96) expression -> . ID CORNER argument_list APEX
    (97) expression -> . ID CORNER APEX
    (100) expression -> . ID
    (101) expression -> . INT_LITERAL
    (102) expression -> . FLOAT_LITERAL
    (103) expression -> . STRING_LITERAL
    (104) expression -> . CHAR_LITERAL
    (105) expression -> . GREEN_LIGHT
    (106) expression -> . RED_LIGHT
    (107) expression -> . DNF

    GAP             shift and go to state 52
    REVERSE_GRID    shift and go to state 53
    REVERSE         shift and go to state 54
    CORNER          shift and go to state 40
    ID              shift and go to state 29
    SLIPSTREAM      shift and go to state 55
    POSITION        shift and go to state 56
    INT_LITERAL     shift and go to state 57
    FLOAT_LITERAL   shift and go to state 58
    STRING_LITERAL  shift and go to state 59
    CHAR_LITERAL    shift and go to state 60
    GREEN_LIGHT     shift and go to state 61
    RED_LIGHT       shift and go to state 62
    DNF             shift and go to state 63

    expression                     shift and go to state 145

state 97

    (80) expression -> expression EITHER_TYRE . expression
    (68) expression -> . expression TOW expression
    (69) expression -> . expression GAP expression
    (70) expression -> . expression ERS expression
    (71) expression -> . expression STINT expression
    (72) expression -> . expression FUEL_DELTA expression
    (73) expression -> . expression DEAD_HEAT expression
    (74) expression -> . expression OUTLAP expression
    (75) expression -> . expression UNDERCUT expression
    (76) expression -> . expression OVERCUT expression
    (77) expression -> . expression UNDEREQ expression
    (78) expression -> . expression OVEREQ expression
    (79) expression -> . expression BOTH_TYRES expression
    (80) expression -> . expression EITHER_TYRE expression
    (81) expression -> . expression SAFETY expression
    (82) expression -> . expression OVERTAKE expression
    (83) expression -> . GAP expression
    (84) expression -> . REVERSE_GRID expression
    (85) expression -> . REVERSE expression
    (86) expression -> . CORNER expression APEX
    (87) expression -> . ID SETUP expression
    (88) expression -> . ID PITSTOW expression
    (89) expression -> . ID PITGAP expression
    (90) expression -> . ID PITERS expression
    (91) expression -> . ID PITSTINT expression
    (92) expression -> . ID FASTLAP
    (93) expression -> . ID DEGRADATION
    (94) expression -> . SLIPSTREAM expression
    (95) expression -> . POSITION expression
    (96) expression -> . ID CORNER argument_list APEX
    (97) expression -> . ID CORNER APEX
    (100) expression -> . ID
    (101) expression -> . INT_LITERAL
    (102) expression -> . FLOAT_LITERAL
    (103) expression -> . STRING_LITERAL
    (104) expression -> . CHAR_LITERAL
    (105) expression -> . GREEN_LIGHT
    (106) expression -> . RED_LIGHT
    (107) expression -> . DNF

    GAP             shift and go to state 52
    REVERSE_GRID    shift and go to state 53
    REVERSE         shift and go to state 54
    CORNER          shift and go to state 40
    ID              shift and go to state 29
    SLIPSTREAM      shift and go to state 55
    POSITION        shift and go to state 56
    INT_LITERAL     shift and go to state 57
    FLOAT_LITERAL   shift and go to state 58
    STRING_LITERAL  shift and go to state 59
    CHAR_LITERAL    shift and go to state 60
    GREEN_LIGHT     shift and go to state 61
    RED_LIGHT       shift and go to state 62
    DNF             shift and go to state 63

    expression                     shift and go to state 146

state 98

    (81) expression -> expression SAFETY . expression
    (68) expression -> . expression TOW expression
    (69) expression -> . expression GAP expression
    (70) expression -> . expression ERS expression
    (71) expression -> . expression STINT expression
    (72) expression -> . expression FUEL_DELTA expression
    (73) expression -> . expression DEAD_HEAT expression
    (74) expression -> . expression OUTLAP expression
    (75) expression -> . expression UNDERCUT expression
    (76) expression -> . expression OVERCUT expression
    (77) expression -> . expression UNDEREQ expression
    (78) expression -> . expression OVEREQ expression
    (79) expression -> . expression BOTH_TYRES expression
    (80) expression -> . expression EITHER_TYRE expression
    (81) expression -> . expression SAFETY expression
    (82) expression -> . expression OVERTAKE expression
    (83) expression -> . GAP expression
    (84) expression -> . REVERSE_GRID expression
    (85) expression -> . REVERSE expression
    (86) expression -> . CORNER expression APEX
    (87) expression -> . ID SETUP expression
    (88) expression -> . ID PITSTOW expression
    (89) expression -> . ID PITGAP expression
    (90) expression -> . ID PITERS expression
    (91) expression -> . ID PITSTINT expression
    (92) expression -> . ID FASTLAP
    (93) expression -> . ID DEGRADATION
    (94) expression -> . SLIPSTREAM expression
    (95) expression -> . POSITION expression
    (96) expression -> . ID CORNER argument_list APEX
    (97) expression -> . ID CORNER APEX
    (100) expression -> . ID
    (101) expression -> . INT_LITERAL
    (102) expression -> . FLOAT_LITERAL
    (103) expression -> . STRING_LITERAL
    (104) expression -> . CHAR_LITERAL
    (105) expression -> . GREEN_LIGHT
    (106) expression -> . RED_LIGHT
    (107) expression -> . DNF

    GAP             shift and go to state 52
    REVERSE_GRID    shift and go to state 53
    REVERSE         shift and go to state 54
    CORNER          shift and go to state 40
    ID              shift and go to state 29
    SLIPSTREAM      shift and go to state 55
    POSITION        shift and go to state 56
    INT_LITERAL     shift and go to state 57
    FLOAT_LITERAL   shift and go to state 58
    STRING_LITERAL  shift and go to state 59
    CHAR_LITERAL    shift and go to state 60
    GREEN_LIGHT     shift and go to state 61
    RED_LIGHT       shift and go to state 62
    DNF             shift and go to state 63

    expression                     shift and go to state 147

state 99

    (82) expression -> expression OVERTAKE . expression
    (68) expression -> . expression TOW expression
    (69) expression -> . expression GAP expression
    (70) expression -> . expression ERS expression
    (71) expression -> . expression STINT expression
    (72) expression -> . expression FUEL_DELTA expression
    (73) expression -> . expression DEAD_HEAT expression
    (74) expression -> . expression OUTLAP expression
    (75) expression -> . expression UNDERCUT expression
    (76) expression -> . expression OVERCUT expression
    (77) expression -> . expression UNDEREQ expression
    (78) expression -> . expression OVEREQ expression
    (79) expression -> . expression BOTH_TYRES expression
    (80) expression -> . expression EITHER_TYRE expression
    (81) expression -> . expression SAFETY expression
    (82) expression -> . expression OVERTAKE expression
    (83) expression -> . GAP expression
    (84) expression -> . REVERSE_GRID expression
    (85) expression -> . REVERSE expression
    (86) expression -> . CORNER expression APEX
    (87) expression -> . ID SETUP expression
    (88) expression -> . ID PITSTOW expression
    (89) expression -> . ID PITGAP expression
    (90) expression -> . ID PITERS expression
    (91) expression -> . ID PITSTINT expression
    (92) expression -> . ID FASTLAP
    (93) expression -> . ID DEGRADATION
    (94) expression -> . SLIPSTREAM expression
    (95) expression -> . POSITION expression
    (96) expression -> . ID CORNER argument_list APEX
    (97) expression -> . ID CORNER APEX
    (100) expression -> . ID
    (101) expression -> . INT_LITERAL
    (102) expression -> . FLOAT_LITERAL
    (103) expression -> . STRING_LITERAL
    (104) expression -> . CHAR_LITERAL
    (105) expression -> . GREEN_LIGHT
    (106) expression -> . RED_LIGHT
    (107) expression -> . DNF

    GAP             shift and go to state 52
    REVERSE_GRID    shift and go to state 53
    REVERSE         shift and go to state 54
    CORNER          shift and go to state 40
    ID              shift and go to state 29
    SLIPSTREAM      shift and go to state 55
    POSITION        shift and go to state 56
    INT_LITERAL     shift and go to state 57
    FLOAT_LITERAL   shift and go to state 58
    STRING_LITERAL  shift and go to state 59
    CHAR_LITERAL    shift and go to state 60
    GREEN_LIGHT     shift and go to state 61
    RED_LIGHT       shift and go to state 62
    DNF             shift and go to state 63

    expression                     shift and go to state 148

state 100

    (29) declaration -> VSC type_specifier . ID SETUP expression STOP

    ID              shift and go to state 149


state 101

    (43) selection_statement -> STRATEGY_CHECK CORNER . expression APEX compound_statement
    (44) selection_statement -> STRATEGY_CHECK CORNER . expression APEX compound_statement STAY_OUT compound_statement
    (45) selection_statement -> STRATEGY_CHECK CORNER . expression APEX compound_statement STAY_OUT selection_statement
    (68) expression -> . expression TOW expression
    (69) expression -> . expression GAP expression
    (70) expression -> . expression ERS expression
    (71) expression -> . expression STINT expression
    (72) expression -> . expression FUEL_DELTA expression
    (73) expression -> . expression DEAD_HEAT expression
    (74) expression -> . expression OUTLAP expression
    (75) expression -> . expression UNDERCUT expression
    (76) expression -> . expression OVERCUT expression
    (77) expression -> . expression UNDEREQ expression
    (78) expression -> . expression OVEREQ expression
    (79) expression -> . expression BOTH_TYRES expression
    (80) expression -> . expression EITHER_TYRE expression
    (81) expression -> . expression SAFETY expression
    (82) expression -> . expression OVERTAKE expression
    (83) expression -> . GAP expression
    (84) expression -> . REVERSE_GRID expression
    (85) expression -> . REVERSE expression
    (86) expression -> . CORNER expression APEX
    (87) expression -> . ID SETUP expression
    (88) expression -> . ID PITSTOW expression
    (89) expression -> . ID PITGAP expression
    (90) expression -> . ID PITERS expression
    (91) expression -> . ID PITSTINT expression
    (92) expression -> . ID FASTLAP
    (93) expression -> . ID DEGRADATION
    (94) expression -> . SLIPSTREAM expression
    (95) expression -> . POSITION expression
    (96) expression -> . ID CORNER argument_list APEX
    (97) expression -> . ID CORNER APEX
    (100) expression -> . ID
    (101) expression -> . INT_LITERAL
    (102) expression -> . FLOAT_LITERAL
    (103) expression -> . STRING_LITERAL
    (104) expression -> . CHAR_LITERAL
    (105) expression -> . GREEN_LIGHT
    (106) expression -> . RED_LIGHT
    (107) expression -> . DNF

    GAP             shift and go to state 52
    REVERSE_GRID    shift and go to state 53
    REVERSE         shift and go to state 54
    CORNER          shift and go to state 40
    ID              shift and go to state 29
    SLIPSTREAM      shift and go to state 55
    POSITION        shift and go to state 56
    INT_LITERAL     shift and go to state 57
    FLOAT_LITERAL   shift and go to state 58
    STRING_LITERAL  shift and go to state 59
    CHAR_LITERAL    shift and go to state 60
    GREEN_LIGHT     shift and go to state 61
    RED_LIGHT       shift and go to state 62
    DNF             shift and go to state 63

    expression                     shift and go to state 150

state 102

    (86) expression -> CORNER expression . APEX
    (68) expression -> expression . TOW expression
    (69) expression -> expression . GAP expression
    (70) expression -> expression . ERS expression
    (71) expression -> expression . STINT expression
    (72) expression -> expression . FUEL_DELTA expression
    (73) expression -> expression . DEAD_HEAT expression
    (74) expression -> expression . OUTLAP expression
    (75) expression -> expression . UNDERCUT expression
    (76) expression -> expression . OVERCUT expression
    (77) expression -> expression . UNDEREQ expression
    (78) expression -> expression . OVEREQ expression
    (79) expression -> expression . BOTH_TYRES expression
    (80) expression -> expression . EITHER_TYRE expression
    (81) expression -> expression . SAFETY expression
    (82) expression -> expression . OVERTAKE expression

    APEX            shift and go to state 151
    TOW             shift and go to state 85
    GAP             shift and go to state 86
    ERS             shift and go to state 87
    STINT           shift and go to state 88
    FUEL_DELTA      shift and go to state 89
    DEAD_HEAT       shift and go to state 90
    OUTLAP          shift and go to state 91
    UNDERCUT        shift and go to state 92
    OVERCUT         shift and go to state 93
    UNDEREQ         shift and go to state 94
    OVEREQ          shift and go to state 95
    BOTH_TYRES      shift and go to state 96
    EITHER_TYRE     shift and go to state 97
    SAFETY          shift and go to state 98
    OVERTAKE        shift and go to state 99


state 103

    (46) selection_statement -> GAP_CHECK CORNER . expression APEX GARAGE case_list READY
    (68) expression -> . expression TOW expression
    (69) expression -> . expression GAP expression
    (70) expression -> . expression ERS expression
    (71) expression -> . expression STINT expression
    (72) expression -> . expression FUEL_DELTA expression
    (73) expression -> . expression DEAD_HEAT expression
    (74) expression -> . expression OUTLAP expression
    (75) expression -> . expression UNDERCUT expression
    (76) expression -> . expression OVERCUT expression
    (77) expression -> . expression UNDEREQ expression
    (78) expression -> . expression OVEREQ expression
    (79) expression -> . expression BOTH_TYRES expression
    (80) expression -> . expression EITHER_TYRE expression
    (81) expression -> . expression SAFETY expression
    (82) expression -> . expression OVERTAKE expression
    (83) expression -> . GAP expression
    (84) expression -> . REVERSE_GRID expression
    (85) expression -> . REVERSE expression
    (86) expression -> . CORNER expression APEX
    (87) expression -> . ID SETUP expression
    (88) expression -> . ID PITSTOW expression
    (89) expression -> . ID PITGAP expression
    (90) expression -> . ID PITERS expression
    (91) expression -> . ID PITSTINT expression
    (92) expression -> . ID FASTLAP
    (93) expression -> . ID DEGRADATION
    (94) expression -> . SLIPSTREAM expression
    (95) expression -> . POSITION expression
    (96) expression -> . ID CORNER argument_list APEX
    (97) expression -> . ID CORNER APEX
    (100) expression -> . ID
    (101) expression -> . INT_LITERAL
    (102) expression -> . FLOAT_LITERAL
    (103) expression -> . STRING_LITERAL
    (104) expression -> . CHAR_LITERAL
    (105) expression -> . GREEN_LIGHT
    (106) expression -> . RED_LIGHT
    (107) expression -> . DNF

    GAP             shift and go to state 52
    REVERSE_GRID    shift and go to state 53
    REVERSE         shift and go to state 54
    CORNER          shift and go to state 40
    ID              shift and go to state 29
    SLIPSTREAM      shift and go to state 55
    POSITION        shift and go to state 56
    INT_LITERAL     shift and go to state 57
    FLOAT_LITERAL   shift and go to state 58
    STRING_LITERAL  shift and go to state 59
    CHAR_LITERAL    shift and go to state 60
    GREEN_LIGHT     shift and go to state 61
    RED_LIGHT       shift and go to state 62
    DNF             shift and go to state 63

    expression                     shift and go to state 152

state 104

    (47) selection_statement -> PITWALL CORNER . expression APEX GARAGE case_list READY
    (68) expression -> . expression TOW expression
    (69) expression -> . expression GAP expression
    (70) expression -> . expression ERS expression
    (71) expression -> . expression STINT expression
    (72) expression -> . expression FUEL_DELTA expression
    (73) expression -> . expression DEAD_HEAT expression
    (74) expression -> . expression OUTLAP expression
    (75) expression -> . expression UNDERCUT expression
    (76) expression -> . expression OVERCUT expression
    (77) expression -> . expression UNDEREQ expression
    (78) expression -> . expression OVEREQ expression
    (79) expression -> . expression BOTH_TYRES expression
    (80) expression -> . expression EITHER_TYRE expression
    (81) expression -> . expression SAFETY expression
    (82) expression -> . expression OVERTAKE expression
    (83) expression -> . GAP expression
    (84) expression -> . REVERSE_GRID expression
    (85) expression -> . REVERSE expression
    (86) expression -> . CORNER expression APEX
    (87) expression -> . ID SETUP expression
    (88) expression -> . ID PITSTOW expression
    (89) expression -> . ID PITGAP expression
    (90) expression -> . ID PITERS expression
    (91) expression -> . ID PITSTINT expression
    (92) expression -> . ID FASTLAP
    (93) expression -> . ID DEGRADATION
    (94) expression -> . SLIPSTREAM expression
    (95) expression -> . POSITION expression
    (96) expression -> . ID CORNER argument_list APEX
    (97) expression -> . ID CORNER APEX
    (100) expression -> . ID
    (101) expression -> . INT_LITERAL
    (102) expression -> . FLOAT_LITERAL
    (103) expression -> . STRING_LITERAL
    (104) expression -> . CHAR_LITERAL
    (105) expression -> . GREEN_LIGHT
    (106) expression -> . RED_LIGHT
    (107) expression -> . DNF

    GAP             shift and go to state 52
    REVERSE_GRID    shift and go to state 53
    REVERSE         shift and go to state 54
    CORNER          shift and go to state 40
    ID              shift and go to state 29
    SLIPSTREAM      shift and go to state 55
    POSITION        shift and go to state 56
    INT_LITERAL     shift and go to state 57
    FLOAT_LITERAL   shift and go to state 58
    STRING_LITERAL  shift and go to state 59
    CHAR_LITERAL    shift and go to state 60
    GREEN_LIGHT     shift and go to state 61
    RED_LIGHT       shift and go to state 62
    DNF             shift and go to state 63

    expression                     shift and go to state 153

state 105

    (52) iteration_statement -> PUSH CORNER . expression APEX compound_statement
    (68) expression -> . expression TOW expression
    (69) expression -> . expression GAP expression
    (70) expression -> . expression ERS expression
    (71) expression -> . expression STINT expression
    (72) expression -> . expression FUEL_DELTA expression
    (73) expression -> . expression DEAD_HEAT expression
    (74) expression -> . expression OUTLAP expression
    (75) expression -> . expression UNDERCUT expression
    (76) expression -> . expression OVERCUT expression
    (77) expression -> . expression UNDEREQ expression
    (78) expression -> . expression OVEREQ expression
    (79) expression -> . expression BOTH_TYRES expression
    (80) expression -> . expression EITHER_TYRE expression
    (81) expression -> . expression SAFETY expression
    (82) expression -> . expression OVERTAKE expression
    (83) expression -> . GAP expression
    (84) expression -> . REVERSE_GRID expression
    (85) expression -> . REVERSE expression
    (86) expression -> . CORNER expression APEX
    (87) expression -> . ID SETUP expression
    (88) expression -> . ID PITSTOW expression
    (89) expression -> . ID PITGAP expression
    (90) expression -> . ID PITERS expression
    (91) expression -> . ID PITSTINT expression
    (92) expression -> . ID FASTLAP
    (93) expression -> . ID DEGRADATION
    (94) expression -> . SLIPSTREAM expression
    (95) expression -> . POSITION expression
    (96) expression -> . ID CORNER argument_list APEX
    (97) expression -> . ID CORNER APEX
    (100) expression -> . ID
    (101) expression -> . INT_LITERAL
    (102) expression -> . FLOAT_LITERAL
    (103) expression -> . STRING_LITERAL
    (104) expression -> . CHAR_LITERAL
    (105) expression -> . GREEN_LIGHT
    (106) expression -> . RED_LIGHT
    (107) expression -> . DNF

    GAP             shift and go to state 52
    REVERSE_GRID    shift and go to state 53
    REVERSE         shift and go to state 54
    CORNER          shift and go to state 40
    ID              shift and go to state 29
    SLIPSTREAM      shift and go to state 55
    POSITION        shift and go to state 56
    INT_LITERAL     shift and go to state 57
    FLOAT_LITERAL   shift and go to state 58
    STRING_LITERAL  shift and go to state 59
    CHAR_LITERAL    shift and go to state 60
    GREEN_LIGHT     shift and go to state 61
    RED_LIGHT       shift and go to state 62
    DNF             shift and go to state 63

    expression                     shift and go to state 154

state 106

    (53) iteration_statement -> BOX compound_statement . PUSH CORNER expression APEX STOP

    PUSH            shift and go to state 155


state 107

    (54) iteration_statement -> FORMATION_LAP CORNER . for_init expression for_semi expression APEX compound_statement
    (55) iteration_statement -> FORMATION_LAP CORNER . for_init expression for_semi APEX compound_statement
    (56) iteration_statement -> FORMATION_LAP CORNER . for_semi for_semi APEX compound_statement
    (58) for_init -> . type_specifier ID SETUP expression for_semi
    (59) for_init -> . expression for_semi
    (60) for_init -> . for_semi
    (57) for_semi -> . STOP
    (16) type_specifier -> . LAP
    (17) type_specifier -> . SPLIT
    (18) type_specifier -> . PITBOARD
    (19) type_specifier -> . YELLOW_FLAG
    (20) type_specifier -> . RADIO
    (68) expression -> . expression TOW expression
    (69) expression -> . expression GAP expression
    (70) expression -> . expression ERS expression
    (71) expression -> . expression STINT expression
    (72) expression -> . expression FUEL_DELTA expression
    (73) expression -> . expression DEAD_HEAT expression
    (74) expression -> . expression OUTLAP expression
    (75) expression -> . expression UNDERCUT expression
    (76) expression -> . expression OVERCUT expression
    (77) expression -> . expression UNDEREQ expression
    (78) expression -> . expression OVEREQ expression
    (79) expression -> . expression BOTH_TYRES expression
    (80) expression -> . expression EITHER_TYRE expression
    (81) expression -> . expression SAFETY expression
    (82) expression -> . expression OVERTAKE expression
    (83) expression -> . GAP expression
    (84) expression -> . REVERSE_GRID expression
    (85) expression -> . REVERSE expression
    (86) expression -> . CORNER expression APEX
    (87) expression -> . ID SETUP expression
    (88) expression -> . ID PITSTOW expression
    (89) expression -> . ID PITGAP expression
    (90) expression -> . ID PITERS expression
    (91) expression -> . ID PITSTINT expression
    (92) expression -> . ID FASTLAP
    (93) expression -> . ID DEGRADATION
    (94) expression -> . SLIPSTREAM expression
    (95) expression -> . POSITION expression
    (96) expression -> . ID CORNER argument_list APEX
    (97) expression -> . ID CORNER APEX
    (100) expression -> . ID
    (101) expression -> . INT_LITERAL
    (102) expression -> . FLOAT_LITERAL
    (103) expression -> . STRING_LITERAL
    (104) expression -> . CHAR_LITERAL
    (105) expression -> . GREEN_LIGHT
    (106) expression -> . RED_LIGHT
    (107) expression -> . DNF

    STOP            shift and go to state 160
    LAP             shift and go to state 14
    SPLIT           shift and go to state 15
    PITBOARD        shift and go to state 16
    YELLOW_FLAG     shift and go to state 17
    RADIO           shift and go to state 18
    GAP             shift and go to state 52
    REVERSE_GRID    shift and go to state 53
    REVERSE         shift and go to state 54
    CORNER          shift and go to state 40
    ID              shift and go to state 29
    SLIPSTREAM      shift and go to state 55
    POSITION        shift and go to state 56
    INT_LITERAL     shift and go to state 57
    FLOAT_LITERAL   shift and go to state 58
    STRING_LITERAL  shift and go to state 59
    CHAR_LITERAL    shift and go to state 60
    GREEN_LIGHT     shift and go to state 61
    RED_LIGHT       shift and go to state 62
    DNF             shift and go to state 63

    for_init                       shift and go to state 156
    expression                     shift and go to state 157
    for_semi                       shift and go to state 158
    type_specifier                 shift and go to state 159

state 108

    (61) jump_statement -> PODIO expression . STOP
    (68) expression -> expression . TOW expression
    (69) expression -> expression . GAP expression
    (70) expression -> expression . ERS expression
    (71) expression -> expression . STINT expression
    (72) expression -> expression . FUEL_DELTA expression
    (73) expression -> expression . DEAD_HEAT expression
    (74) expression -> expression . OUTLAP expression
    (75) expression -> expression . UNDERCUT expression
    (76) expression -> expression . OVERCUT expression
    (77) expression -> expression . UNDEREQ expression
    (78) expression -> expression . OVEREQ expression
    (79) expression -> expression . BOTH_TYRES expression
    (80) expression -> expression . EITHER_TYRE expression
    (81) expression -> expression . SAFETY expression
    (82) expression -> expression . OVERTAKE expression

    STOP            shift and go to state 161
    TOW             shift and go to state 85
    GAP             shift and go to state 86
    ERS             shift and go to state 87
    STINT           shift and go to state 88
    FUEL_DELTA      shift and go to state 89
    DEAD_HEAT       shift and go to state 90
    OUTLAP          shift and go to state 91
    UNDERCUT        shift and go to state 92
    OVERCUT         shift and go to state 93
    UNDEREQ         shift and go to state 94
    OVEREQ          shift and go to state 95
    BOTH_TYRES      shift and go to state 96
    EITHER_TYRE     shift and go to state 97
    SAFETY          shift and go to state 98
    OVERTAKE        shift and go to state 99


state 109

    (62) jump_statement -> PODIO STOP .

    READY           reduce using rule 62 (jump_statement -> PODIO STOP .)
    error           reduce using rule 62 (jump_statement -> PODIO STOP .)
    VSC             reduce using rule 62 (jump_statement -> PODIO STOP .)
    LAP             reduce using rule 62 (jump_statement -> PODIO STOP .)
    SPLIT           reduce using rule 62 (jump_statement -> PODIO STOP .)
    PITBOARD        reduce using rule 62 (jump_statement -> PODIO STOP .)
    YELLOW_FLAG     reduce using rule 62 (jump_statement -> PODIO STOP .)
    RADIO           reduce using rule 62 (jump_statement -> PODIO STOP .)
    STOP            reduce using rule 62 (jump_statement -> PODIO STOP .)
    GARAGE          reduce using rule 62 (jump_statement -> PODIO STOP .)
    STRATEGY_CHECK  reduce using rule 62 (jump_statement -> PODIO STOP .)
    GAP_CHECK       reduce using rule 62 (jump_statement -> PODIO STOP .)
    PITWALL         reduce using rule 62 (jump_statement -> PODIO STOP .)
    PUSH            reduce using rule 62 (jump_statement -> PODIO STOP .)
    BOX             reduce using rule 62 (jump_statement -> PODIO STOP .)
    FORMATION_LAP   reduce using rule 62 (jump_statement -> PODIO STOP .)
    PODIO           reduce using rule 62 (jump_statement -> PODIO STOP .)
    BOX_BOX         reduce using rule 62 (jump_statement -> PODIO STOP .)
    DRS             reduce using rule 62 (jump_statement -> PODIO STOP .)
    BROADCAST       reduce using rule 62 (jump_statement -> PODIO STOP .)
    TELEMETRY       reduce using rule 62 (jump_statement -> PODIO STOP .)
    CHECKERED_FLAG  reduce using rule 62 (jump_statement -> PODIO STOP .)
    GAP             reduce using rule 62 (jump_statement -> PODIO STOP .)
    REVERSE_GRID    reduce using rule 62 (jump_statement -> PODIO STOP .)
    REVERSE         reduce using rule 62 (jump_statement -> PODIO STOP .)
    CORNER          reduce using rule 62 (jump_statement -> PODIO STOP .)
    ID              reduce using rule 62 (jump_statement -> PODIO STOP .)
    SLIPSTREAM      reduce using rule 62 (jump_statement -> PODIO STOP .)
    POSITION        reduce using rule 62 (jump_statement -> PODIO STOP .)
    INT_LITERAL     reduce using rule 62 (jump_statement -> PODIO STOP .)
    FLOAT_LITERAL   reduce using rule 62 (jump_statement -> PODIO STOP .)
    STRING_LITERAL  reduce using rule 62 (jump_statement -> PODIO STOP .)
    CHAR_LITERAL    reduce using rule 62 (jump_statement -> PODIO STOP .)
    GREEN_LIGHT     reduce using rule 62 (jump_statement -> PODIO STOP .)
    RED_LIGHT       reduce using rule 62 (jump_statement -> PODIO STOP .)
    DNF             reduce using rule 62 (jump_statement -> PODIO STOP .)
    SECTOR          reduce using rule 62 (jump_statement -> PODIO STOP .)
    NO_DATA         reduce using rule 62 (jump_statement -> PODIO STOP .)


state 110

    (63) jump_statement -> BOX_BOX STOP .

    READY           reduce using rule 63 (jump_statement -> BOX_BOX STOP .)
    error           reduce using rule 63 (jump_statement -> BOX_BOX STOP .)
    VSC             reduce using rule 63 (jump_statement -> BOX_BOX STOP .)
    LAP             reduce using rule 63 (jump_statement -> BOX_BOX STOP .)
    SPLIT           reduce using rule 63 (jump_statement -> BOX_BOX STOP .)
    PITBOARD        reduce using rule 63 (jump_statement -> BOX_BOX STOP .)
    YELLOW_FLAG     reduce using rule 63 (jump_statement -> BOX_BOX STOP .)
    RADIO           reduce using rule 63 (jump_statement -> BOX_BOX STOP .)
    STOP            reduce using rule 63 (jump_statement -> BOX_BOX STOP .)
    GARAGE          reduce using rule 63 (jump_statement -> BOX_BOX STOP .)
    STRATEGY_CHECK  reduce using rule 63 (jump_statement -> BOX_BOX STOP .)
    GAP_CHECK       reduce using rule 63 (jump_statement -> BOX_BOX STOP .)
    PITWALL         reduce using rule 63 (jump_statement -> BOX_BOX STOP .)
    PUSH            reduce using rule 63 (jump_statement -> BOX_BOX STOP .)
    BOX             reduce using rule 63 (jump_statement -> BOX_BOX STOP .)
    FORMATION_LAP   reduce using rule 63 (jump_statement -> BOX_BOX STOP .)
    PODIO           reduce using rule 63 (jump_statement -> BOX_BOX STOP .)
    BOX_BOX         reduce using rule 63 (jump_statement -> BOX_BOX STOP .)
    DRS             reduce using rule 63 (jump_statement -> BOX_BOX STOP .)
    BROADCAST       reduce using rule 63 (jump_statement -> BOX_BOX STOP .)
    TELEMETRY       reduce using rule 63 (jump_statement -> BOX_BOX STOP .)
    CHECKERED_FLAG  reduce using rule 63 (jump_statement -> BOX_BOX STOP .)
    GAP             reduce using rule 63 (jump_statement -> BOX_BOX STOP .)
    REVERSE_GRID    reduce using rule 63 (jump_statement -> BOX_BOX STOP .)
    REVERSE         reduce using rule 63 (jump_statement -> BOX_BOX STOP .)
    CORNER          reduce using rule 63 (jump_statement -> BOX_BOX STOP .)
    ID              reduce using rule 63 (jump_statement -> BOX_BOX STOP .)
    SLIPSTREAM      reduce using rule 63 (jump_statement -> BOX_BOX STOP .)
    POSITION        reduce using rule 63 (jump_statement -> BOX_BOX STOP .)
    INT_LITERAL     reduce using rule 63 (jump_statement -> BOX_BOX STOP .)
    FLOAT_LITERAL   reduce using rule 63 (jump_statement -> BOX_BOX STOP .)
    STRING_LITERAL  reduce using rule 63 (jump_statement -> BOX_BOX STOP .)
    CHAR_LITERAL    reduce using rule 63 (jump_statement -> BOX_BOX STOP .)
    GREEN_LIGHT     reduce using rule 63 (jump_statement -> BOX_BOX STOP .)
    RED_LIGHT       reduce using rule 63 (jump_statement -> BOX_BOX STOP .)
    DNF             reduce using rule 63 (jump_statement -> BOX_BOX STOP .)
    SECTOR          reduce using rule 63 (jump_statement -> BOX_BOX STOP .)
    NO_DATA         reduce using rule 63 (jump_statement -> BOX_BOX STOP .)


state 111

    (64) jump_statement -> DRS STOP .

    READY           reduce using rule 64 (jump_statement -> DRS STOP .)
    error           reduce using rule 64 (jump_statement -> DRS STOP .)
    VSC             reduce using rule 64 (jump_statement -> DRS STOP .)
    LAP             reduce using rule 64 (jump_statement -> DRS STOP .)
    SPLIT           reduce using rule 64 (jump_statement -> DRS STOP .)
    PITBOARD        reduce using rule 64 (jump_statement -> DRS STOP .)
    YELLOW_FLAG     reduce using rule 64 (jump_statement -> DRS STOP .)
    RADIO           reduce using rule 64 (jump_statement -> DRS STOP .)
    STOP            reduce using rule 64 (jump_statement -> DRS STOP .)
    GARAGE          reduce using rule 64 (jump_statement -> DRS STOP .)
    STRATEGY_CHECK  reduce using rule 64 (jump_statement -> DRS STOP .)
    GAP_CHECK       reduce using rule 64 (jump_statement -> DRS STOP .)
    PITWALL         reduce using rule 64 (jump_statement -> DRS STOP .)
    PUSH            reduce using rule 64 (jump_statement -> DRS STOP .)
    BOX             reduce using rule 64 (jump_statement -> DRS STOP .)
    FORMATION_LAP   reduce using rule 64 (jump_statement -> DRS STOP .)
    PODIO           reduce using rule 64 (jump_statement -> DRS STOP .)
    BOX_BOX         reduce using rule 64 (jump_statement -> DRS STOP .)
    DRS             reduce using rule 64 (jump_statement -> DRS STOP .)
    BROADCAST       reduce using rule 64 (jump_statement -> DRS STOP .)
    TELEMETRY       reduce using rule 64 (jump_statement -> DRS STOP .)
    CHECKERED_FLAG  reduce using rule 64 (jump_statement -> DRS STOP .)
    GAP             reduce using rule 64 (jump_statement -> DRS STOP .)
    REVERSE_GRID    reduce using rule 64 (jump_statement -> DRS STOP .)
    REVERSE         reduce using rule 64 (jump_statement -> DRS STOP .)
    CORNER          reduce using rule 64 (jump_statement -> DRS STOP .)
    ID              reduce using rule 64 (jump_statement -> DRS STOP .)
    SLIPSTREAM      reduce using rule 64 (jump_statement -> DRS STOP .)
    POSITION        reduce using rule 64 (jump_statement -> DRS STOP .)
    INT_LITERAL     reduce using rule 64 (jump_statement -> DRS STOP .)
    FLOAT_LITERAL   reduce using rule 64 (jump_statement -> DRS STOP .)
    STRING_LITERAL  reduce using rule 64 (jump_statement -> DRS STOP .)
    CHAR_LITERAL    reduce using rule 64 (jump_statement -> DRS STOP .)
    GREEN_LIGHT     reduce using rule 64 (jump_statement -> DRS STOP .)
    RED_LIGHT       reduce using rule 64 (jump_statement -> DRS STOP .)
    DNF             reduce using rule 64 (jump_statement -> DRS STOP .)
    SECTOR          reduce using rule 64 (jump_statement -> DRS STOP .)
    NO_DATA         reduce using rule 64 (jump_statement -> DRS STOP .)


state 112

    (65) io_statement -> BROADCAST CORNER . expression APEX STOP
    (68) expression -> . expression TOW expression
    (69) expression -> . expression GAP expression
    (70) expression -> . expression ERS expression
    (71) expression -> . expression STINT expression
    (72) expression -> . expression FUEL_DELTA expression
    (73) expression -> . expression DEAD_HEAT expression
    (74) expression -> . expression OUTLAP expression
    (75) expression -> . expression UNDERCUT expression
    (76) expression -> . expression OVERCUT expression
    (77) expression -> . expression UNDEREQ expression
    (78) expression -> . expression OVEREQ expression
    (79) expression -> . expression BOTH_TYRES expression
    (80) expression -> . expression EITHER_TYRE expression
    (81) expression -> . expression SAFETY expression
    (82) expression -> . expression OVERTAKE expression
    (83) expression -> . GAP expression
    (84) expression -> . REVERSE_GRID expression
    (85) expression -> . REVERSE expression
    (86) expression -> . CORNER expression APEX
    (87) expression -> . ID SETUP expression
    (88) expression -> . ID PITSTOW expression
    (89) expression -> . ID PITGAP expression
    (90) expression -> . ID PITERS expression
    (91) expression -> . ID PITSTINT expression
    (92) expression -> . ID FASTLAP
    (93) expression -> . ID DEGRADATION
    (94) expression -> . SLIPSTREAM expression
    (95) expression -> . POSITION expression
    (96) expression -> . ID CORNER argument_list APEX
    (97) expression -> . ID CORNER APEX
    (100) expression -> . ID
    (101) expression -> . INT_LITERAL
    (102) expression -> . FLOAT_LITERAL
    (103) expression -> . STRING_LITERAL
    (104) expression -> . CHAR_LITERAL
    (105) expression -> . GREEN_LIGHT
    (106) expression -> . RED_LIGHT
    (107) expression -> . DNF

    GAP             shift and go to state 52
    REVERSE_GRID    shift and go to state 53
    REVERSE         shift and go to state 54
    CORNER          shift and go to state 40
    ID              shift and go to state 29
    SLIPSTREAM      shift and go to state 55
    POSITION        shift and go to state 56
    INT_LITERAL     shift and go to state 57
    FLOAT_LITERAL   shift and go to state 58
    STRING_LITERAL  shift and go to state 59
    CHAR_LITERAL    shift and go to state 60
    GREEN_LIGHT     shift and go to state 61
    RED_LIGHT       shift and go to state 62
    DNF             shift and go to state 63

    expression                     shift and go to state 162

state 113

    (66) io_statement -> TELEMETRY CORNER . ID APEX STOP

    ID              shift and go to state 163


state 114

    (67) end_statement -> CHECKERED_FLAG STOP .

    READY           reduce using rule 67 (end_statement -> CHECKERED_FLAG STOP .)
    error           reduce using rule 67 (end_statement -> CHECKERED_FLAG STOP .)
    VSC             reduce using rule 67 (end_statement -> CHECKERED_FLAG STOP .)
    LAP             reduce using rule 67 (end_statement -> CHECKERED_FLAG STOP .)
    SPLIT           reduce using rule 67 (end_statement -> CHECKERED_FLAG STOP .)
    PITBOARD        reduce using rule 67 (end_statement -> CHECKERED_FLAG STOP .)
    YELLOW_FLAG     reduce using rule 67 (end_statement -> CHECKERED_FLAG STOP .)
    RADIO           reduce using rule 67 (end_statement -> CHECKERED_FLAG STOP .)
    STOP            reduce using rule 67 (end_statement -> CHECKERED_FLAG STOP .)
    GARAGE          reduce using rule 67 (end_statement -> CHECKERED_FLAG STOP .)
    STRATEGY_CHECK  reduce using rule 67 (end_statement -> CHECKERED_FLAG STOP .)
    GAP_CHECK       reduce using rule 67 (end_statement -> CHECKERED_FLAG STOP .)
    PITWALL         reduce using rule 67 (end_statement -> CHECKERED_FLAG STOP .)
    PUSH            reduce using rule 67 (end_statement -> CHECKERED_FLAG STOP .)
    BOX             reduce using rule 67 (end_statement -> CHECKERED_FLAG STOP .)
    FORMATION_LAP   reduce using rule 67 (end_statement -> CHECKERED_FLAG STOP .)
    PODIO           reduce using rule 67 (end_statement -> CHECKERED_FLAG STOP .)
    BOX_BOX         reduce using rule 67 (end_statement -> CHECKERED_FLAG STOP .)
    DRS             reduce using rule 67 (end_statement -> CHECKERED_FLAG STOP .)
    BROADCAST       reduce using rule 67 (end_statement -> CHECKERED_FLAG STOP .)
    TELEMETRY       reduce using rule 67 (end_statement -> CHECKERED_FLAG STOP .)
    CHECKERED_FLAG  reduce using rule 67 (end_statement -> CHECKERED_FLAG STOP .)
    GAP             reduce using rule 67 (end_statement -> CHECKERED_FLAG STOP .)
    REVERSE_GRID    reduce using rule 67 (end_statement -> CHECKERED_FLAG STOP .)
    REVERSE         reduce using rule 67 (end_statement -> CHECKERED_FLAG STOP .)
    CORNER          reduce using rule 67 (end_statement -> CHECKERED_FLAG STOP .)
    ID              reduce using rule 67 (end_statement -> CHECKERED_FLAG STOP .)
    SLIPSTREAM      reduce using rule 67 (end_statement -> CHECKERED_FLAG STOP .)
    POSITION        reduce using rule 67 (end_statement -> CHECKERED_FLAG STOP .)
    INT_LITERAL     reduce using rule 67 (end_statement -> CHECKERED_FLAG STOP .)
    FLOAT_LITERAL   reduce using rule 67 (end_statement -> CHECKERED_FLAG STOP .)
    STRING_LITERAL  reduce using rule 67 (end_statement -> CHECKERED_FLAG STOP .)
    CHAR_LITERAL    reduce using rule 67 (end_statement -> CHECKERED_FLAG STOP .)
    GREEN_LIGHT     reduce using rule 67 (end_statement -> CHECKERED_FLAG STOP .)
    RED_LIGHT       reduce using rule 67 (end_statement -> CHECKERED_FLAG STOP .)
    DNF             reduce using rule 67 (end_statement -> CHECKERED_FLAG STOP .)
    SECTOR          reduce using rule 67 (end_statement -> CHECKERED_FLAG STOP .)
    NO_DATA         reduce using rule 67 (end_statement -> CHECKERED_FLAG STOP .)


state 115

    (83) expression -> GAP expression .
    (68) expression -> expression . TOW expression
    (69) expression -> expression . GAP expression
    (70) expression -> expression . ERS expression
    (71) expression -> expression . STINT expression
    (72) expression -> expression . FUEL_DELTA expression
    (73) expression -> expression . DEAD_HEAT expression
    (74) expression -> expression . OUTLAP expression
    (75) expression -> expression . UNDERCUT expression
    (76) expression -> expression . OVERCUT expression
    (77) expression -> expression . UNDEREQ expression
    (78) expression -> expression . OVEREQ expression
    (79) expression -> expression . BOTH_TYRES expression
    (80) expression -> expression . EITHER_TYRE expression
    (81) expression -> expression . SAFETY expression
    (82) expression -> expression . OVERTAKE expression

    STOP            reduce using rule 83 (expression -> GAP expression .)
    TOW             reduce using rule 83 (expression -> GAP expression .)
    GAP             reduce using rule 83 (expression -> GAP expression .)
    ERS             reduce using rule 83 (expression -> GAP expression .)
    STINT           reduce using rule 83 (expression -> GAP expression .)
    FUEL_DELTA      reduce using rule 83 (expression -> GAP expression .)
    DEAD_HEAT       reduce using rule 83 (expression -> GAP expression .)
    OUTLAP          reduce using rule 83 (expression -> GAP expression .)
    UNDERCUT        reduce using rule 83 (expression -> GAP expression .)
    OVERCUT         reduce using rule 83 (expression -> GAP expression .)
    UNDEREQ         reduce using rule 83 (expression -> GAP expression .)
    OVEREQ          reduce using rule 83 (expression -> GAP expression .)
    BOTH_TYRES      reduce using rule 83 (expression -> GAP expression .)
    EITHER_TYRE     reduce using rule 83 (expression -> GAP expression .)
    SAFETY          reduce using rule 83 (expression -> GAP expression .)
    OVERTAKE        reduce using rule 83 (expression -> GAP expression .)
    APEX            reduce using rule 83 (expression -> GAP expression .)
    ALSO            reduce using rule 83 (expression -> GAP expression .)
    MARSHALL        reduce using rule 83 (expression -> GAP expression .)

  ! TOW             [ shift and go to state 85 ]
  ! GAP             [ shift and go to state 86 ]
  ! ERS             [ shift and go to state 87 ]
  ! STINT           [ shift and go to state 88 ]
  ! FUEL_DELTA      [ shift and go to state 89 ]
  ! DEAD_HEAT       [ shift and go to state 90 ]
  ! OUTLAP          [ shift and go to state 91 ]
  ! UNDERCUT        [ shift and go to state 92 ]
  ! OVERCUT         [ shift and go to state 93 ]
  ! UNDEREQ         [ shift and go to state 94 ]
  ! OVEREQ          [ shift and go to state 95 ]
  ! BOTH_TYRES      [ shift and go to state 96 ]
  ! EITHER_TYRE     [ shift and go to state 97 ]
  ! SAFETY          [ shift and go to state 98 ]
  ! OVERTAKE        [ shift and go to state 99 ]


state 116

    (84) expression -> REVERSE_GRID expression .
    (68) expression -> expression . TOW expression
    (69) expression -> expression . GAP expression
    (70) expression -> expression . ERS expression
    (71) expression -> expression . STINT expression
    (72) expression -> expression . FUEL_DELTA expression
    (73) expression -> expression . DEAD_HEAT expression
    (74) expression -> expression . OUTLAP expression
    (75) expression -> expression . UNDERCUT expression
    (76) expression -> expression . OVERCUT expression
    (77) expression -> expression . UNDEREQ expression
    (78) expression -> expression . OVEREQ expression
    (79) expression -> expression . BOTH_TYRES expression
    (80) expression -> expression . EITHER_TYRE expression
    (81) expression -> expression . SAFETY expression
    (82) expression -> expression . OVERTAKE expression

    STOP            reduce using rule 84 (expression -> REVERSE_GRID expression .)
    TOW             reduce using rule 84 (expression -> REVERSE_GRID expression .)
    GAP             reduce using rule 84 (expression -> REVERSE_GRID expression .)
    ERS             reduce using rule 84 (expression -> REVERSE_GRID expression .)
    STINT           reduce using rule 84 (expression -> REVERSE_GRID expression .)
    FUEL_DELTA      reduce using rule 84 (expression -> REVERSE_GRID expression .)
    DEAD_HEAT       reduce using rule 84 (expression -> REVERSE_GRID expression .)
    OUTLAP          reduce using rule 84 (expression -> REVERSE_GRID expression .)
    UNDERCUT        reduce using rule 84 (expression -> REVERSE_GRID expression .)
    OVERCUT         reduce using rule 84 (expression -> REVERSE_GRID expression .)
    UNDEREQ         reduce using rule 84 (expression -> REVERSE_GRID expression .)
    OVEREQ          reduce using rule 84 (expression -> REVERSE_GRID expression .)
    BOTH_TYRES      reduce using rule 84 (expression -> REVERSE_GRID expression .)
    EITHER_TYRE     reduce using rule 84 (expression -> REVERSE_GRID expression .)
    SAFETY          reduce using rule 84 (expression -> REVERSE_GRID expression .)
    OVERTAKE        reduce using rule 84 (expression -> REVERSE_GRID expression .)
    APEX            reduce using rule 84 (expression -> REVERSE_GRID expression .)
    ALSO            reduce using rule 84 (expression -> REVERSE_GRID expression .)
    MARSHALL        reduce using rule 84 (expression -> REVERSE_GRID expression .)

  ! TOW             [ shift and go to state 85 ]
  ! GAP             [ shift and go to state 86 ]
  ! ERS             [ shift and go to state 87 ]
  ! STINT           [ shift and go to state 88 ]
  ! FUEL_DELTA      [ shift and go to state 89 ]
  ! DEAD_HEAT       [ shift and go to state 90 ]
  ! OUTLAP          [ shift and go to state 91 ]
  ! UNDERCUT        [ shift and go to state 92 ]
  ! OVERCUT         [ shift and go to state 93 ]
  ! UNDEREQ         [ shift and go to state 94 ]
  ! OVEREQ          [ shift and go to state 95 ]
  ! BOTH_TYRES      [ shift and go to state 96 ]
  ! EITHER_TYRE     [ shift and go to state 97 ]
  ! SAFETY          [ shift and go to state 98 ]
  ! OVERTAKE        [ shift and go to state 99 ]


state 117

    (85) expression -> REVERSE expression .
    (68) expression -> expression . TOW expression
    (69) expression -> expression . GAP expression
    (70) expression -> expression . ERS expression
    (71) expression -> expression . STINT expression
    (72) expression -> expression . FUEL_DELTA expression
    (73) expression -> expression . DEAD_HEAT expression
    (74) expression -> expression . OUTLAP expression
    (75) expression -> expression . UNDERCUT expression
    (76) expression -> expression . OVERCUT expression
    (77) expression -> expression . UNDEREQ expression
    (78) expression -> expression . OVEREQ expression
    (79) expression -> expression . BOTH_TYRES expression
    (80) expression -> expression . EITHER_TYRE expression
    (81) expression -> expression . SAFETY expression
    (82) expression -> expression . OVERTAKE expression

    STOP            reduce using rule 85 (expression -> REVERSE expression .)
    TOW             reduce using rule 85 (expression -> REVERSE expression .)
    GAP             reduce using rule 85 (expression -> REVERSE expression .)
    ERS             reduce using rule 85 (expression -> REVERSE expression .)
    STINT           reduce using rule 85 (expression -> REVERSE expression .)
    FUEL_DELTA      reduce using rule 85 (expression -> REVERSE expression .)
    DEAD_HEAT       reduce using rule 85 (expression -> REVERSE expression .)
    OUTLAP          reduce using rule 85 (expression -> REVERSE expression .)
    UNDERCUT        reduce using rule 85 (expression -> REVERSE expression .)
    OVERCUT         reduce using rule 85 (expression -> REVERSE expression .)
    UNDEREQ         reduce using rule 85 (expression -> REVERSE expression .)
    OVEREQ          reduce using rule 85 (expression -> REVERSE expression .)
    BOTH_TYRES      reduce using rule 85 (expression -> REVERSE expression .)
    EITHER_TYRE     reduce using rule 85 (expression -> REVERSE expression .)
    SAFETY          reduce using rule 85 (expression -> REVERSE expression .)
    OVERTAKE        reduce using rule 85 (expression -> REVERSE expression .)
    APEX            reduce using rule 85 (expression -> REVERSE expression .)
    ALSO            reduce using rule 85 (expression -> REVERSE expression .)
    MARSHALL        reduce using rule 85 (expression -> REVERSE expression .)

  ! TOW             [ shift and go to state 85 ]
  ! GAP             [ shift and go to state 86 ]
  ! ERS             [ shift and go to state 87 ]
  ! STINT           [ shift and go to state 88 ]
  ! FUEL_DELTA      [ shift and go to state 89 ]
  ! DEAD_HEAT       [ shift and go to state 90 ]
  ! OUTLAP          [ shift and go to state 91 ]
  ! UNDERCUT        [ shift and go to state 92 ]
  ! OVERCUT         [ shift and go to state 93 ]
  ! UNDEREQ         [ shift and go to state 94 ]
  ! OVEREQ          [ shift and go to state 95 ]
  ! BOTH_TYRES      [ shift and go to state 96 ]
  ! EITHER_TYRE     [ shift and go to state 97 ]
  ! SAFETY          [ shift and go to state 98 ]
  ! OVERTAKE        [ shift and go to state 99 ]


state 118

    (94) expression -> SLIPSTREAM expression .
    (68) expression -> expression . TOW expression
    (69) expression -> expression . GAP expression
    (70) expression -> expression . ERS expression
    (71) expression -> expression . STINT expression
    (72) expression -> expression . FUEL_DELTA expression
    (73) expression -> expression . DEAD_HEAT expression
    (74) expression -> expression . OUTLAP expression
    (75) expression -> expression . UNDERCUT expression
    (76) expression -> expression . OVERCUT expression
    (77) expression -> expression . UNDEREQ expression
    (78) expression -> expression . OVEREQ expression
    (79) expression -> expression . BOTH_TYRES expression
    (80) expression -> expression . EITHER_TYRE expression
    (81) expression -> expression . SAFETY expression
    (82) expression -> expression . OVERTAKE expression

    STOP            reduce using rule 94 (expression -> SLIPSTREAM expression .)
    TOW             reduce using rule 94 (expression -> SLIPSTREAM expression .)
    GAP             reduce using rule 94 (expression -> SLIPSTREAM expression .)
    ERS             reduce using rule 94 (expression -> SLIPSTREAM expression .)
    STINT           reduce using rule 94 (expression -> SLIPSTREAM expression .)
    FUEL_DELTA      reduce using rule 94 (expression -> SLIPSTREAM expression .)
    DEAD_HEAT       reduce using rule 94 (expression -> SLIPSTREAM expression .)
    OUTLAP          reduce using rule 94 (expression -> SLIPSTREAM expression .)
    UNDERCUT        reduce using rule 94 (expression -> SLIPSTREAM expression .)
    OVERCUT         reduce using rule 94 (expression -> SLIPSTREAM expression .)
    UNDEREQ         reduce using rule 94 (expression -> SLIPSTREAM expression .)
    OVEREQ          reduce using rule 94 (expression -> SLIPSTREAM expression .)
    BOTH_TYRES      reduce using rule 94 (expression -> SLIPSTREAM expression .)
    EITHER_TYRE     reduce using rule 94 (expression -> SLIPSTREAM expression .)
    SAFETY          reduce using rule 94 (expression -> SLIPSTREAM expression .)
    OVERTAKE        reduce using rule 94 (expression -> SLIPSTREAM expression .)
    APEX            reduce using rule 94 (expression -> SLIPSTREAM expression .)
    ALSO            reduce using rule 94 (expression -> SLIPSTREAM expression .)
    MARSHALL        reduce using rule 94 (expression -> SLIPSTREAM expression .)

  ! TOW             [ shift and go to state 85 ]
  ! GAP             [ shift and go to state 86 ]
  ! ERS             [ shift and go to state 87 ]
  ! STINT           [ shift and go to state 88 ]
  ! FUEL_DELTA      [ shift and go to state 89 ]
  ! DEAD_HEAT       [ shift and go to state 90 ]
  ! OUTLAP          [ shift and go to state 91 ]
  ! UNDERCUT        [ shift and go to state 92 ]
  ! OVERCUT         [ shift and go to state 93 ]
  ! UNDEREQ         [ shift and go to state 94 ]
  ! OVEREQ          [ shift and go to state 95 ]
  ! BOTH_TYRES      [ shift and go to state 96 ]
  ! EITHER_TYRE     [ shift and go to state 97 ]
  ! SAFETY          [ shift and go to state 98 ]
  ! OVERTAKE        [ shift and go to state 99 ]


state 119

    (95) expression -> POSITION expression .
    (68) expression -> expression . TOW expression
    (69) expression -> expression . GAP expression
    (70) expression -> expression . ERS expression
    (71) expression -> expression . STINT expression
    (72) expression -> expression . FUEL_DELTA expression
    (73) expression -> expression . DEAD_HEAT expression
    (74) expression -> expression . OUTLAP expression
    (75) expression -> expression . UNDERCUT expression
    (76) expression -> expression . OVERCUT expression
    (77) expression -> expression . UNDEREQ expression
    (78) expression -> expression . OVEREQ expression
    (79) expression -> expression . BOTH_TYRES expression
    (80) expression -> expression . EITHER_TYRE expression
    (81) expression -> expression . SAFETY expression
    (82) expression -> expression . OVERTAKE expression

    STOP            reduce using rule 95 (expression -> POSITION expression .)
    TOW             reduce using rule 95 (expression -> POSITION expression .)
    GAP             reduce using rule 95 (expression -> POSITION expression .)
    ERS             reduce using rule 95 (expression -> POSITION expression .)
    STINT           reduce using rule 95 (expression -> POSITION expression .)
    FUEL_DELTA      reduce using rule 95 (expression -> POSITION expression .)
    DEAD_HEAT       reduce using rule 95 (expression -> POSITION expression .)
    OUTLAP          reduce using rule 95 (expression -> POSITION expression .)
    UNDERCUT        reduce using rule 95 (expression -> POSITION expression .)
    OVERCUT         reduce using rule 95 (expression -> POSITION expression .)
    UNDEREQ         reduce using rule 95 (expression -> POSITION expression .)
    OVEREQ          reduce using rule 95 (expression -> POSITION expression .)
    BOTH_TYRES      reduce using rule 95 (expression -> POSITION expression .)
    EITHER_TYRE     reduce using rule 95 (expression -> POSITION expression .)
    SAFETY          reduce using rule 95 (expression -> POSITION expression .)
    OVERTAKE        reduce using rule 95 (expression -> POSITION expression .)
    APEX            reduce using rule 95 (expression -> POSITION expression .)
    ALSO            reduce using rule 95 (expression -> POSITION expression .)
    MARSHALL        reduce using rule 95 (expression -> POSITION expression .)

  ! TOW             [ shift and go to state 85 ]
  ! GAP             [ shift and go to state 86 ]
  ! ERS             [ shift and go to state 87 ]
  ! STINT           [ shift and go to state 88 ]
  ! FUEL_DELTA      [ shift and go to state 89 ]
  ! DEAD_HEAT       [ shift and go to state 90 ]
  ! OUTLAP          [ shift and go to state 91 ]
  ! UNDERCUT        [ shift and go to state 92 ]
  ! OVERCUT         [ shift and go to state 93 ]
  ! UNDEREQ         [ shift and go to state 94 ]
  ! OVEREQ          [ shift and go to state 95 ]
  ! BOTH_TYRES      [ shift and go to state 96 ]
  ! EITHER_TYRE     [ shift and go to state 97 ]
  ! SAFETY          [ shift and go to state 98 ]
  ! OVERTAKE        [ shift and go to state 99 ]


state 120

    (9) function_definition -> STRATEGY type_specifier ID CORNER . parameter_list APEX compound_statement
    (10) function_definition -> STRATEGY type_specifier ID CORNER . APEX compound_statement
    (13) parameter_list -> . parameter_declaration
    (14) parameter_list -> . parameter_list ALSO parameter_declaration
    (15) parameter_declaration -> . type_specifier ID
    (16) type_specifier -> . LAP
    (17) type_specifier -> . SPLIT
    (18) type_specifier -> . PITBOARD
    (19) type_specifier -> . YELLOW_FLAG
    (20) type_specifier -> . RADIO

    APEX            shift and go to state 166
    LAP             shift and go to state 14
    SPLIT           shift and go to state 15
    PITBOARD        shift and go to state 16
    YELLOW_FLAG     shift and go to state 17
    RADIO           shift and go to state 18

    type_specifier                 shift and go to state 164
    parameter_list                 shift and go to state 165
    parameter_declaration          shift and go to state 167

state 121

    (11) function_definition -> STRATEGY NEUTRO ID CORNER . parameter_list APEX compound_statement
    (12) function_definition -> STRATEGY NEUTRO ID CORNER . APEX compound_statement
    (13) parameter_list -> . parameter_declaration
    (14) parameter_list -> . parameter_list ALSO parameter_declaration
    (15) parameter_declaration -> . type_specifier ID
    (16) type_specifier -> . LAP
    (17) type_specifier -> . SPLIT
    (18) type_specifier -> . PITBOARD
    (19) type_specifier -> . YELLOW_FLAG
    (20) type_specifier -> . RADIO

    APEX            shift and go to state 169
    LAP             shift and go to state 14
    SPLIT           shift and go to state 15
    PITBOARD        shift and go to state 16
    YELLOW_FLAG     shift and go to state 17
    RADIO           shift and go to state 18

    parameter_list                 shift and go to state 168
    parameter_declaration          shift and go to state 167
    type_specifier                 shift and go to state 164

state 122

    (21) compound_statement -> GARAGE block_item_list READY .

    READY           reduce using rule 21 (compound_statement -> GARAGE block_item_list READY .)
    error           reduce using rule 21 (compound_statement -> GARAGE block_item_list READY .)
    VSC             reduce using rule 21 (compound_statement -> GARAGE block_item_list READY .)
    LAP             reduce using rule 21 (compound_statement -> GARAGE block_item_list READY .)
    SPLIT           reduce using rule 21 (compound_statement -> GARAGE block_item_list READY .)
    PITBOARD        reduce using rule 21 (compound_statement -> GARAGE block_item_list READY .)
    YELLOW_FLAG     reduce using rule 21 (compound_statement -> GARAGE block_item_list READY .)
    RADIO           reduce using rule 21 (compound_statement -> GARAGE block_item_list READY .)
    STOP            reduce using rule 21 (compound_statement -> GARAGE block_item_list READY .)
    GARAGE          reduce using rule 21 (compound_statement -> GARAGE block_item_list READY .)
    STRATEGY_CHECK  reduce using rule 21 (compound_statement -> GARAGE block_item_list READY .)
    GAP_CHECK       reduce using rule 21 (compound_statement -> GARAGE block_item_list READY .)
    PITWALL         reduce using rule 21 (compound_statement -> GARAGE block_item_list READY .)
    PUSH            reduce using rule 21 (compound_statement -> GARAGE block_item_list READY .)
    BOX             reduce using rule 21 (compound_statement -> GARAGE block_item_list READY .)
    FORMATION_LAP   reduce using rule 21 (compound_statement -> GARAGE block_item_list READY .)
    PODIO           reduce using rule 21 (compound_statement -> GARAGE block_item_list READY .)
    BOX_BOX         reduce using rule 21 (compound_statement -> GARAGE block_item_list READY .)
    DRS             reduce using rule 21 (compound_statement -> GARAGE block_item_list READY .)
    BROADCAST       reduce using rule 21 (compound_statement -> GARAGE block_item_list READY .)
    TELEMETRY       reduce using rule 21 (compound_statement -> GARAGE block_item_list READY .)
    CHECKERED_FLAG  reduce using rule 21 (compound_statement -> GARAGE block_item_list READY .)
    GAP             reduce using rule 21 (compound_statement -> GARAGE block_item_list READY .)
    REVERSE_GRID    reduce using rule 21 (compound_statement -> GARAGE block_item_list READY .)
    REVERSE         reduce using rule 21 (compound_statement -> GARAGE block_item_list READY .)
    CORNER          reduce using rule 21 (compound_statement -> GARAGE block_item_list READY .)
    ID              reduce using rule 21 (compound_statement -> GARAGE block_item_list READY .)
    SLIPSTREAM      reduce using rule 21 (compound_statement -> GARAGE block_item_list READY .)
    POSITION        reduce using rule 21 (compound_statement -> GARAGE block_item_list READY .)
    INT_LITERAL     reduce using rule 21 (compound_statement -> GARAGE block_item_list READY .)
    FLOAT_LITERAL   reduce using rule 21 (compound_statement -> GARAGE block_item_list READY .)
    STRING_LITERAL  reduce using rule 21 (compound_statement -> GARAGE block_item_list READY .)
    CHAR_LITERAL    reduce using rule 21 (compound_statement -> GARAGE block_item_list READY .)
    GREEN_LIGHT     reduce using rule 21 (compound_statement -> GARAGE block_item_list READY .)
    RED_LIGHT       reduce using rule 21 (compound_statement -> GARAGE block_item_list READY .)
    DNF             reduce using rule 21 (compound_statement -> GARAGE block_item_list READY .)
    RACE_START      reduce using rule 21 (compound_statement -> GARAGE block_item_list READY .)
    STRATEGY        reduce using rule 21 (compound_statement -> GARAGE block_item_list READY .)
    $end            reduce using rule 21 (compound_statement -> GARAGE block_item_list READY .)
    STAY_OUT        reduce using rule 21 (compound_statement -> GARAGE block_item_list READY .)
    SECTOR          reduce using rule 21 (compound_statement -> GARAGE block_item_list READY .)
    NO_DATA         reduce using rule 21 (compound_statement -> GARAGE block_item_list READY .)


state 123

    (40) compound_statement -> GARAGE error READY .

    READY           reduce using rule 40 (compound_statement -> GARAGE error READY .)
    error           reduce using rule 40 (compound_statement -> GARAGE error READY .)
    VSC             reduce using rule 40 (compound_statement -> GARAGE error READY .)
    LAP             reduce using rule 40 (compound_statement -> GARAGE error READY .)
    SPLIT           reduce using rule 40 (compound_statement -> GARAGE error READY .)
    PITBOARD        reduce using rule 40 (compound_statement -> GARAGE error READY .)
    YELLOW_FLAG     reduce using rule 40 (compound_statement -> GARAGE error READY .)
    RADIO           reduce using rule 40 (compound_statement -> GARAGE error READY .)
    STOP            reduce using rule 40 (compound_statement -> GARAGE error READY .)
    GARAGE          reduce using rule 40 (compound_statement -> GARAGE error READY .)
    STRATEGY_CHECK  reduce using rule 40 (compound_statement -> GARAGE error READY .)
    GAP_CHECK       reduce using rule 40 (compound_statement -> GARAGE error READY .)
    PITWALL         reduce using rule 40 (compound_statement -> GARAGE error READY .)
    PUSH            reduce using rule 40 (compound_statement -> GARAGE error READY .)
    BOX             reduce using rule 40 (compound_statement -> GARAGE error READY .)
    FORMATION_LAP   reduce using rule 40 (compound_statement -> GARAGE error READY .)
    PODIO           reduce using rule 40 (compound_statement -> GARAGE error READY .)
    BOX_BOX         reduce using rule 40 (compound_statement -> GARAGE error READY .)
    DRS             reduce using rule 40 (compound_statement -> GARAGE error READY .)
    BROADCAST       reduce using rule 40 (compound_statement -> GARAGE error READY .)
    TELEMETRY       reduce using rule 40 (compound_statement -> GARAGE error READY .)
    CHECKERED_FLAG  reduce using rule 40 (compound_statement -> GARAGE error READY .)
    GAP             reduce using rule 40 (compound_statement -> GARAGE error READY .)
    REVERSE_GRID    reduce using rule 40 (compound_statement -> GARAGE error READY .)
    REVERSE         reduce using rule 40 (compound_statement -> GARAGE error READY .)
    CORNER          reduce using rule 40 (compound_statement -> GARAGE error READY .)
    ID              reduce using rule 40 (compound_statement -> GARAGE error READY .)
    SLIPSTREAM      reduce using rule 40 (compound_statement -> GARAGE error READY .)
    POSITION        reduce using rule 40 (compound_statement -> GARAGE error READY .)
    INT_LITERAL     reduce using rule 40 (compound_statement -> GARAGE error READY .)
    FLOAT_LITERAL   reduce using rule 40 (compound_statement -> GARAGE error READY .)
    STRING_LITERAL  reduce using rule 40 (compound_statement -> GARAGE error READY .)
    CHAR_LITERAL    reduce using rule 40 (compound_statement -> GARAGE error READY .)
    GREEN_LIGHT     reduce using rule 40 (compound_statement -> GARAGE error READY .)
    RED_LIGHT       reduce using rule 40 (compound_statement -> GARAGE error READY .)
    DNF             reduce using rule 40 (compound_statement -> GARAGE error READY .)
    RACE_START      reduce using rule 40 (compound_statement -> GARAGE error READY .)
    STRATEGY        reduce using rule 40 (compound_statement -> GARAGE error READY .)
    $end            reduce using rule 40 (compound_statement -> GARAGE error READY .)
    STAY_OUT        reduce using rule 40 (compound_statement -> GARAGE error READY .)
    SECTOR          reduce using rule 40 (compound_statement -> GARAGE error READY .)
    NO_DATA         reduce using rule 40 (compound_statement -> GARAGE error READY .)


state 124

    (27) declaration -> type_specifier ID SETUP . expression STOP
    (68) expression -> . expression TOW expression
    (69) expression -> . expression GAP expression
    (70) expression -> . expression ERS expression
    (71) expression -> . expression STINT expression
    (72) expression -> . expression FUEL_DELTA expression
    (73) expression -> . expression DEAD_HEAT expression
    (74) expression -> . expression OUTLAP expression
    (75) expression -> . expression UNDERCUT expression
    (76) expression -> . expression OVERCUT expression
    (77) expression -> . expression UNDEREQ expression
    (78) expression -> . expression OVEREQ expression
    (79) expression -> . expression BOTH_TYRES expression
    (80) expression -> . expression EITHER_TYRE expression
    (81) expression -> . expression SAFETY expression
    (82) expression -> . expression OVERTAKE expression
    (83) expression -> . GAP expression
    (84) expression -> . REVERSE_GRID expression
    (85) expression -> . REVERSE expression
    (86) expression -> . CORNER expression APEX
    (87) expression -> . ID SETUP expression
    (88) expression -> . ID PITSTOW expression
    (89) expression -> . ID PITGAP expression
    (90) expression -> . ID PITERS expression
    (91) expression -> . ID PITSTINT expression
    (92) expression -> . ID FASTLAP
    (93) expression -> . ID DEGRADATION
    (94) expression -> . SLIPSTREAM expression
    (95) expression -> . POSITION expression
    (96) expression -> . ID CORNER argument_list APEX
    (97) expression -> . ID CORNER APEX
    (100) expression -> . ID
    (101) expression -> . INT_LITERAL
    (102) expression -> . FLOAT_LITERAL
    (103) expression -> . STRING_LITERAL
    (104) expression -> . CHAR_LITERAL
    (105) expression -> . GREEN_LIGHT
    (106) expression -> . RED_LIGHT
    (107) expression -> . DNF

    GAP             shift and go to state 52
    REVERSE_GRID    shift and go to state 53
    REVERSE         shift and go to state 54
    CORNER          shift and go to state 40
    ID              shift and go to state 29
    SLIPSTREAM      shift and go to state 55
    POSITION        shift and go to state 56
    INT_LITERAL     shift and go to state 57
    FLOAT_LITERAL   shift and go to state 58
    STRING_LITERAL  shift and go to state 59
    CHAR_LITERAL    shift and go to state 60
    GREEN_LIGHT     shift and go to state 61
    RED_LIGHT       shift and go to state 62
    DNF             shift and go to state 63

    expression                     shift and go to state 170

state 125

    (28) declaration -> type_specifier ID STOP .

    READY           reduce using rule 28 (declaration -> type_specifier ID STOP .)
    error           reduce using rule 28 (declaration -> type_specifier ID STOP .)
    VSC             reduce using rule 28 (declaration -> type_specifier ID STOP .)
    LAP             reduce using rule 28 (declaration -> type_specifier ID STOP .)
    SPLIT           reduce using rule 28 (declaration -> type_specifier ID STOP .)
    PITBOARD        reduce using rule 28 (declaration -> type_specifier ID STOP .)
    YELLOW_FLAG     reduce using rule 28 (declaration -> type_specifier ID STOP .)
    RADIO           reduce using rule 28 (declaration -> type_specifier ID STOP .)
    STOP            reduce using rule 28 (declaration -> type_specifier ID STOP .)
    GARAGE          reduce using rule 28 (declaration -> type_specifier ID STOP .)
    STRATEGY_CHECK  reduce using rule 28 (declaration -> type_specifier ID STOP .)
    GAP_CHECK       reduce using rule 28 (declaration -> type_specifier ID STOP .)
    PITWALL         reduce using rule 28 (declaration -> type_specifier ID STOP .)
    PUSH            reduce using rule 28 (declaration -> type_specifier ID STOP .)
    BOX             reduce using rule 28 (declaration -> type_specifier ID STOP .)
    FORMATION_LAP   reduce using rule 28 (declaration -> type_specifier ID STOP .)
    PODIO           reduce using rule 28 (declaration -> type_specifier ID STOP .)
    BOX_BOX         reduce using rule 28 (declaration -> type_specifier ID STOP .)
    DRS             reduce using rule 28 (declaration -> type_specifier ID STOP .)
    BROADCAST       reduce using rule 28 (declaration -> type_specifier ID STOP .)
    TELEMETRY       reduce using rule 28 (declaration -> type_specifier ID STOP .)
    CHECKERED_FLAG  reduce using rule 28 (declaration -> type_specifier ID STOP .)
    GAP             reduce using rule 28 (declaration -> type_specifier ID STOP .)
    REVERSE_GRID    reduce using rule 28 (declaration -> type_specifier ID STOP .)
    REVERSE         reduce using rule 28 (declaration -> type_specifier ID STOP .)
    CORNER          reduce using rule 28 (declaration -> type_specifier ID STOP .)
    ID              reduce using rule 28 (declaration -> type_specifier ID STOP .)
    SLIPSTREAM      reduce using rule 28 (declaration -> type_specifier ID STOP .)
    POSITION        reduce using rule 28 (declaration -> type_specifier ID STOP .)
    INT_LITERAL     reduce using rule 28 (declaration -> type_specifier ID STOP .)
    FLOAT_LITERAL   reduce using rule 28 (declaration -> type_specifier ID STOP .)
    STRING_LITERAL  reduce using rule 28 (declaration -> type_specifier ID STOP .)
    CHAR_LITERAL    reduce using rule 28 (declaration -> type_specifier ID STOP .)
    GREEN_LIGHT     reduce using rule 28 (declaration -> type_specifier ID STOP .)
    RED_LIGHT       reduce using rule 28 (declaration -> type_specifier ID STOP .)
    DNF             reduce using rule 28 (declaration -> type_specifier ID STOP .)
    SECTOR          reduce using rule 28 (declaration -> type_specifier ID STOP .)
    NO_DATA         reduce using rule 28 (declaration -> type_specifier ID STOP .)


state 126

    (87) expression -> ID SETUP expression .
    (68) expression -> expression . TOW expression
    (69) expression -> expression . GAP expression
    (70) expression -> expression . ERS expression
    (71) expression -> expression . STINT expression
    (72) expression -> expression . FUEL_DELTA expression
    (73) expression -> expression . DEAD_HEAT expression
    (74) expression -> expression . OUTLAP expression
    (75) expression -> expression . UNDERCUT expression
    (76) expression -> expression . OVERCUT expression
    (77) expression -> expression . UNDEREQ expression
    (78) expression -> expression . OVEREQ expression
    (79) expression -> expression . BOTH_TYRES expression
    (80) expression -> expression . EITHER_TYRE expression
    (81) expression -> expression . SAFETY expression
    (82) expression -> expression . OVERTAKE expression

  ! shift/reduce conflict for TOW resolved as shift
  ! shift/reduce conflict for GAP resolved as shift
  ! shift/reduce conflict for ERS resolved as shift
  ! shift/reduce conflict for STINT resolved as shift
  ! shift/reduce conflict for FUEL_DELTA resolved as shift
  ! shift/reduce conflict for DEAD_HEAT resolved as shift
  ! shift/reduce conflict for OUTLAP resolved as shift
  ! shift/reduce conflict for UNDERCUT resolved as shift
  ! shift/reduce conflict for OVERCUT resolved as shift
  ! shift/reduce conflict for UNDEREQ resolved as shift
  ! shift/reduce conflict for OVEREQ resolved as shift
  ! shift/reduce conflict for BOTH_TYRES resolved as shift
  ! shift/reduce conflict for EITHER_TYRE resolved as shift
  ! shift/reduce conflict for SAFETY resolved as shift
  ! shift/reduce conflict for OVERTAKE resolved as shift
    STOP            reduce using rule 87 (expression -> ID SETUP expression .)
    APEX            reduce using rule 87 (expression -> ID SETUP expression .)
    ALSO            reduce using rule 87 (expression -> ID SETUP expression .)
    MARSHALL        reduce using rule 87 (expression -> ID SETUP expression .)
    TOW             shift and go to state 85
    GAP             shift and go to state 86
    ERS             shift and go to state 87
    STINT           shift and go to state 88
    FUEL_DELTA      shift and go to state 89
    DEAD_HEAT       shift and go to state 90
    OUTLAP          shift and go to state 91
    UNDERCUT        shift and go to state 92
    OVERCUT         shift and go to state 93
    UNDEREQ         shift and go to state 94
    OVEREQ          shift and go to state 95
    BOTH_TYRES      shift and go to state 96
    EITHER_TYRE     shift and go to state 97
    SAFETY          shift and go to state 98
    OVERTAKE        shift and go to state 99

  ! TOW             [ reduce using rule 87 (expression -> ID SETUP expression .) ]
  ! GAP             [ reduce using rule 87 (expression -> ID SETUP expression .) ]
  ! ERS             [ reduce using rule 87 (expression -> ID SETUP expression .) ]
  ! STINT           [ reduce using rule 87 (expression -> ID SETUP expression .) ]
  ! FUEL_DELTA      [ reduce using rule 87 (expression -> ID SETUP expression .) ]
  ! DEAD_HEAT       [ reduce using rule 87 (expression -> ID SETUP expression .) ]
  ! OUTLAP          [ reduce using rule 87 (expression -> ID SETUP expression .) ]
  ! UNDERCUT        [ reduce using rule 87 (expression -> ID SETUP expression .) ]
  ! OVERCUT         [ reduce using rule 87 (expression -> ID SETUP expression .) ]
  ! UNDEREQ         [ reduce using rule 87 (expression -> ID SETUP expression .) ]
  ! OVEREQ          [ reduce using rule 87 (expression -> ID SETUP expression .) ]
  ! BOTH_TYRES      [ reduce using rule 87 (expression -> ID SETUP expression .) ]
  ! EITHER_TYRE     [ reduce using rule 87 (expression -> ID SETUP expression .) ]
  ! SAFETY          [ reduce using rule 87 (expression -> ID SETUP expression .) ]
  ! OVERTAKE        [ reduce using rule 87 (expression -> ID SETUP expression .) ]


state 127

    (88) expression -> ID PITSTOW expression .
    (68) expression -> expression . TOW expression
    (69) expression -> expression . GAP expression
    (70) expression -> expression . ERS expression
    (71) expression -> expression . STINT expression
    (72) expression -> expression . FUEL_DELTA expression
    (73) expression -> expression . DEAD_HEAT expression
    (74) expression -> expression . OUTLAP expression
    (75) expression -> expression . UNDERCUT expression
    (76) expression -> expression . OVERCUT expression
    (77) expression -> expression . UNDEREQ expression
    (78) expression -> expression . OVEREQ expression
    (79) expression -> expression . BOTH_TYRES expression
    (80) expression -> expression . EITHER_TYRE expression
    (81) expression -> expression . SAFETY expression
    (82) expression -> expression . OVERTAKE expression

  ! shift/reduce conflict for TOW resolved as shift
  ! shift/reduce conflict for GAP resolved as shift
  ! shift/reduce conflict for ERS resolved as shift
  ! shift/reduce conflict for STINT resolved as shift
  ! shift/reduce conflict for FUEL_DELTA resolved as shift
  ! shift/reduce conflict for DEAD_HEAT resolved as shift
  ! shift/reduce conflict for OUTLAP resolved as shift
  ! shift/reduce conflict for UNDERCUT resolved as shift
  ! shift/reduce conflict for OVERCUT resolved as shift
  ! shift/reduce conflict for UNDEREQ resolved as shift
  ! shift/reduce conflict for OVEREQ resolved as shift
  ! shift/reduce conflict for BOTH_TYRES resolved as shift
  ! shift/reduce conflict for EITHER_TYRE resolved as shift
  ! shift/reduce conflict for SAFETY resolved as shift
  ! shift/reduce conflict for OVERTAKE resolved as shift
    STOP            reduce using rule 88 (expression -> ID PITSTOW expression .)
    APEX            reduce using rule 88 (expression -> ID PITSTOW expression .)
    ALSO            reduce using rule 88 (expression -> ID PITSTOW expression .)
    MARSHALL        reduce using rule 88 (expression -> ID PITSTOW expression .)
    TOW             shift and go to state 85
    GAP             shift and go to state 86
    ERS             shift and go to state 87
    STINT           shift and go to state 88
    FUEL_DELTA      shift and go to state 89
    DEAD_HEAT       shift and go to state 90
    OUTLAP          shift and go to state 91
    UNDERCUT        shift and go to state 92
    OVERCUT         shift and go to state 93
    UNDEREQ         shift and go to state 94
    OVEREQ          shift and go to state 95
    BOTH_TYRES      shift and go to state 96
    EITHER_TYRE     shift and go to state 97
    SAFETY          shift and go to state 98
    OVERTAKE        shift and go to state 99

  ! TOW             [ reduce using rule 88 (expression -> ID PITSTOW expression .) ]
  ! GAP             [ reduce using rule 88 (expression -> ID PITSTOW expression .) ]
  ! ERS             [ reduce using rule 88 (expression -> ID PITSTOW expression .) ]
  ! STINT           [ reduce using rule 88 (expression -> ID PITSTOW expression .) ]
  ! FUEL_DELTA      [ reduce using rule 88 (expression -> ID PITSTOW expression .) ]
  ! DEAD_HEAT       [ reduce using rule 88 (expression -> ID PITSTOW expression .) ]
  ! OUTLAP          [ reduce using rule 88 (expression -> ID PITSTOW expression .) ]
  ! UNDERCUT        [ reduce using rule 88 (expression -> ID PITSTOW expression .) ]
  ! OVERCUT         [ reduce using rule 88 (expression -> ID PITSTOW expression .) ]
  ! UNDEREQ         [ reduce using rule 88 (expression -> ID PITSTOW expression .) ]
  ! OVEREQ          [ reduce using rule 88 (expression -> ID PITSTOW expression .) ]
  ! BOTH_TYRES      [ reduce using rule 88 (expression -> ID PITSTOW expression .) ]
  ! EITHER_TYRE     [ reduce using rule 88 (expression -> ID PITSTOW expression .) ]
  ! SAFETY          [ reduce using rule 88 (expression -> ID PITSTOW expression .) ]
  ! OVERTAKE        [ reduce using rule 88 (expression -> ID PITSTOW expression .) ]


state 128

    (89) expression -> ID PITGAP expression .
    (68) expression -> expression . TOW expression
    (69) expression -> expression . GAP expression
    (70) expression -> expression . ERS expression
    (71) expression -> expression . STINT expression
    (72) expression -> expression . FUEL_DELTA expression
    (73) expression -> expression . DEAD_HEAT expression
    (74) expression -> expression . OUTLAP expression
    (75) expression -> expression . UNDERCUT expression
    (76) expression -> expression . OVERCUT expression
    (77) expression -> expression . UNDEREQ expression
    (78) expression -> expression . OVEREQ expression
    (79) expression -> expression . BOTH_TYRES expression
    (80) expression -> expression . EITHER_TYRE expression
    (81) expression -> expression . SAFETY expression
    (82) expression -> expression . OVERTAKE expression

  ! shift/reduce conflict for TOW resolved as shift
  ! shift/reduce conflict for GAP resolved as shift
  ! shift/reduce conflict for ERS resolved as shift
  ! shift/reduce conflict for STINT resolved as shift
  ! shift/reduce conflict for FUEL_DELTA resolved as shift
  ! shift/reduce conflict for DEAD_HEAT resolved as shift
  ! shift/reduce conflict for OUTLAP resolved as shift
  ! shift/reduce conflict for UNDERCUT resolved as shift
  ! shift/reduce conflict for OVERCUT resolved as shift
  ! shift/reduce conflict for UNDEREQ resolved as shift
  ! shift/reduce conflict for OVEREQ resolved as shift
  ! shift/reduce conflict for BOTH_TYRES resolved as shift
  ! shift/reduce conflict for EITHER_TYRE resolved as shift
  ! shift/reduce conflict for SAFETY resolved as shift
  ! shift/reduce conflict for OVERTAKE resolved as shift
    STOP            reduce using rule 89 (expression -> ID PITGAP expression .)
    APEX            reduce using rule 89 (expression -> ID PITGAP expression .)
    ALSO            reduce using rule 89 (expression -> ID PITGAP expression .)
    MARSHALL        reduce using rule 89 (expression -> ID PITGAP expression .)
    TOW             shift and go to state 85
    GAP             shift and go to state 86
    ERS             shift and go to state 87
    STINT           shift and go to state 88
    FUEL_DELTA      shift and go to state 89
    DEAD_HEAT       shift and go to state 90
    OUTLAP          shift and go to state 91
    UNDERCUT        shift and go to state 92
    OVERCUT         shift and go to state 93
    UNDEREQ         shift and go to state 94
    OVEREQ          shift and go to state 95
    BOTH_TYRES      shift and go to state 96
    EITHER_TYRE     shift and go to state 97
    SAFETY          shift and go to state 98
    OVERTAKE        shift and go to state 99

  ! TOW             [ reduce using rule 89 (expression -> ID PITGAP expression .) ]
  ! GAP             [ reduce using rule 89 (expression -> ID PITGAP expression .) ]
  ! ERS             [ reduce using rule 89 (expression -> ID PITGAP expression .) ]
  ! STINT           [ reduce using rule 89 (expression -> ID PITGAP expression .) ]
  ! FUEL_DELTA      [ reduce using rule 89 (expression -> ID PITGAP expression .) ]
  ! DEAD_HEAT       [ reduce using rule 89 (expression -> ID PITGAP expression .) ]
  ! OUTLAP          [ reduce using rule 89 (expression -> ID PITGAP expression .) ]
  ! UNDERCUT        [ reduce using rule 89 (expression -> ID PITGAP expression .) ]
  ! OVERCUT         [ reduce using rule 89 (expression -> ID PITGAP expression .) ]
  ! UNDEREQ         [ reduce using rule 89 (expression -> ID PITGAP expression .) ]
  ! OVEREQ          [ reduce using rule 89 (expression -> ID PITGAP expression .) ]
  ! BOTH_TYRES      [ reduce using rule 89 (expression -> ID PITGAP expression .) ]
  ! EITHER_TYRE     [ reduce using rule 89 (expression -> ID PITGAP expression .) ]
  ! SAFETY          [ reduce using rule 89 (expression -> ID PITGAP expression .) ]
  ! OVERTAKE        [ reduce using rule 89 (expression -> ID PITGAP expression .) ]


state 129

    (90) expression -> ID PITERS expression .
    (68) expression -> expression . TOW expression
    (69) expression -> expression . GAP expression
    (70) expression -> expression . ERS expression
    (71) expression -> expression . STINT expression
    (72) expression -> expression . FUEL_DELTA expression
    (73) expression -> expression . DEAD_HEAT expression
    (74) expression -> expression . OUTLAP expression
    (75) expression -> expression . UNDERCUT expression
    (76) expression -> expression . OVERCUT expression
    (77) expression -> expression . UNDEREQ expression
    (78) expression -> expression . OVEREQ expression
    (79) expression -> expression . BOTH_TYRES expression
    (80) expression -> expression . EITHER_TYRE expression
    (81) expression -> expression . SAFETY expression
    (82) expression -> expression . OVERTAKE expression

  ! shift/reduce conflict for TOW resolved as shift
  ! shift/reduce conflict for GAP resolved as shift
  ! shift/reduce conflict for ERS resolved as shift
  ! shift/reduce conflict for STINT resolved as shift
  ! shift/reduce conflict for FUEL_DELTA resolved as shift
  ! shift/reduce conflict for DEAD_HEAT resolved as shift
  ! shift/reduce conflict for OUTLAP resolved as shift
  ! shift/reduce conflict for UNDERCUT resolved as shift
  ! shift/reduce conflict for OVERCUT resolved as shift
  ! shift/reduce conflict for UNDEREQ resolved as shift
  ! shift/reduce conflict for OVEREQ resolved as shift
  ! shift/reduce conflict for BOTH_TYRES resolved as shift
  ! shift/reduce conflict for EITHER_TYRE resolved as shift
  ! shift/reduce conflict for SAFETY resolved as shift
  ! shift/reduce conflict for OVERTAKE resolved as shift
    STOP            reduce using rule 90 (expression -> ID PITERS expression .)
    APEX            reduce using rule 90 (expression -> ID PITERS expression .)
    ALSO            reduce using rule 90 (expression -> ID PITERS expression .)
    MARSHALL        reduce using rule 90 (expression -> ID PITERS expression .)
    TOW             shift and go to state 85
    GAP             shift and go to state 86
    ERS             shift and go to state 87
    STINT           shift and go to state 88
    FUEL_DELTA      shift and go to state 89
    DEAD_HEAT       shift and go to state 90
    OUTLAP          shift and go to state 91
    UNDERCUT        shift and go to state 92
    OVERCUT         shift and go to state 93
    UNDEREQ         shift and go to state 94
    OVEREQ          shift and go to state 95
    BOTH_TYRES      shift and go to state 96
    EITHER_TYRE     shift and go to state 97
    SAFETY          shift and go to state 98
    OVERTAKE        shift and go to state 99

  ! TOW             [ reduce using rule 90 (expression -> ID PITERS expression .) ]
  ! GAP             [ reduce using rule 90 (expression -> ID PITERS expression .) ]
  ! ERS             [ reduce using rule 90 (expression -> ID PITERS expression .) ]
  ! STINT           [ reduce using rule 90 (expression -> ID PITERS expression .) ]
  ! FUEL_DELTA      [ reduce using rule 90 (expression -> ID PITERS expression .) ]
  ! DEAD_HEAT       [ reduce using rule 90 (expression -> ID PITERS expression .) ]
  ! OUTLAP          [ reduce using rule 90 (expression -> ID PITERS expression .) ]
  ! UNDERCUT        [ reduce using rule 90 (expression -> ID PITERS expression .) ]
  ! OVERCUT         [ reduce using rule 90 (expression -> ID PITERS expression .) ]
  ! UNDEREQ         [ reduce using rule 90 (expression -> ID PITERS expression .) ]
  ! OVEREQ          [ reduce using rule 90 (expression -> ID PITERS expression .) ]
  ! BOTH_TYRES      [ reduce using rule 90 (expression -> ID PITERS expression .) ]
  ! EITHER_TYRE     [ reduce using rule 90 (expression -> ID PITERS expression .) ]
  ! SAFETY          [ reduce using rule 90 (expression -> ID PITERS expression .) ]
  ! OVERTAKE        [ reduce using rule 90 (expression -> ID PITERS expression .) ]


state 130

    (91) expression -> ID PITSTINT expression .
    (68) expression -> expression . TOW expression
    (69) expression -> expression . GAP expression
    (70) expression -> expression . ERS expression
    (71) expression -> expression . STINT expression
    (72) expression -> expression . FUEL_DELTA expression
    (73) expression -> expression . DEAD_HEAT expression
    (74) expression -> expression . OUTLAP expression
    (75) expression -> expression . UNDERCUT expression
    (76) expression -> expression . OVERCUT expression
    (77) expression -> expression . UNDEREQ expression
    (78) expression -> expression . OVEREQ expression
    (79) expression -> expression . BOTH_TYRES expression
    (80) expression -> expression . EITHER_TYRE expression
    (81) expression -> expression . SAFETY expression
    (82) expression -> expression . OVERTAKE expression

  ! shift/reduce conflict for TOW resolved as shift
  ! shift/reduce conflict for GAP resolved as shift
  ! shift/reduce conflict for ERS resolved as shift
  ! shift/reduce conflict for STINT resolved as shift
  ! shift/reduce conflict for FUEL_DELTA resolved as shift
  ! shift/reduce conflict for DEAD_HEAT resolved as shift
  ! shift/reduce conflict for OUTLAP resolved as shift
  ! shift/reduce conflict for UNDERCUT resolved as shift
  ! shift/reduce conflict for OVERCUT resolved as shift
  ! shift/reduce conflict for UNDEREQ resolved as shift
  ! shift/reduce conflict for OVEREQ resolved as shift
  ! shift/reduce conflict for BOTH_TYRES resolved as shift
  ! shift/reduce conflict for EITHER_TYRE resolved as shift
  ! shift/reduce conflict for SAFETY resolved as shift
  ! shift/reduce conflict for OVERTAKE resolved as shift
    STOP            reduce using rule 91 (expression -> ID PITSTINT expression .)
    APEX            reduce using rule 91 (expression -> ID PITSTINT expression .)
    ALSO            reduce using rule 91 (expression -> ID PITSTINT expression .)
    MARSHALL        reduce using rule 91 (expression -> ID PITSTINT expression .)
    TOW             shift and go to state 85
    GAP             shift and go to state 86
    ERS             shift and go to state 87
    STINT           shift and go to state 88
    FUEL_DELTA      shift and go to state 89
    DEAD_HEAT       shift and go to state 90
    OUTLAP          shift and go to state 91
    UNDERCUT        shift and go to state 92
    OVERCUT         shift and go to state 93
    UNDEREQ         shift and go to state 94
    OVEREQ          shift and go to state 95
    BOTH_TYRES      shift and go to state 96
    EITHER_TYRE     shift and go to state 97
    SAFETY          shift and go to state 98
    OVERTAKE        shift and go to state 99

  ! TOW             [ reduce using rule 91 (expression -> ID PITSTINT expression .) ]
  ! GAP             [ reduce using rule 91 (expression -> ID PITSTINT expression .) ]
  ! ERS             [ reduce using rule 91 (expression -> ID PITSTINT expression .) ]
  ! STINT           [ reduce using rule 91 (expression -> ID PITSTINT expression .) ]
  ! FUEL_DELTA      [ reduce using rule 91 (expression -> ID PITSTINT expression .) ]
  ! DEAD_HEAT       [ reduce using rule 91 (expression -> ID PITSTINT expression .) ]
  ! OUTLAP          [ reduce using rule 91 (expression -> ID PITSTINT expression .) ]
  ! UNDERCUT        [ reduce using rule 91 (expression -> ID PITSTINT expression .) ]
  ! OVERCUT         [ reduce using rule 91 (expression -> ID PITSTINT expression .) ]
  ! UNDEREQ         [ reduce using rule 91 (expression -> ID PITSTINT expression .) ]
  ! OVEREQ          [ reduce using rule 91 (expression -> ID PITSTINT expression .) ]
  ! BOTH_TYRES      [ reduce using rule 91 (expression -> ID PITSTINT expression .) ]
  ! EITHER_TYRE     [ reduce using rule 91 (expression -> ID PITSTINT expression .) ]
  ! SAFETY          [ reduce using rule 91 (expression -> ID PITSTINT expression .) ]
  ! OVERTAKE        [ reduce using rule 91 (expression -> ID PITSTINT expression .) ]


state 131

    (96) expression -> ID CORNER argument_list . APEX
    (99) argument_list -> argument_list . ALSO expression

    APEX            shift and go to state 171
    ALSO            shift and go to state 172


state 132

    (97) expression -> ID CORNER APEX .

    STOP            reduce using rule 97 (expression -> ID CORNER APEX .)
    TOW             reduce using rule 97 (expression -> ID CORNER APEX .)
    GAP             reduce using rule 97 (expression -> ID CORNER APEX .)
    ERS             reduce using rule 97 (expression -> ID CORNER APEX .)
    STINT           reduce using rule 97 (expression -> ID CORNER APEX .)
    FUEL_DELTA      reduce using rule 97 (expression -> ID CORNER APEX .)
    DEAD_HEAT       reduce using rule 97 (expression -> ID CORNER APEX .)
    OUTLAP          reduce using rule 97 (expression -> ID CORNER APEX .)
    UNDERCUT        reduce using rule 97 (expression -> ID CORNER APEX .)
    OVERCUT         reduce using rule 97 (expression -> ID CORNER APEX .)
    UNDEREQ         reduce using rule 97 (expression -> ID CORNER APEX .)
    OVEREQ          reduce using rule 97 (expression -> ID CORNER APEX .)
    BOTH_TYRES      reduce using rule 97 (expression -> ID CORNER APEX .)
    EITHER_TYRE     reduce using rule 97 (expression -> ID CORNER APEX .)
    SAFETY          reduce using rule 97 (expression -> ID CORNER APEX .)
    OVERTAKE        reduce using rule 97 (expression -> ID CORNER APEX .)
    APEX            reduce using rule 97 (expression -> ID CORNER APEX .)
    ALSO            reduce using rule 97 (expression -> ID CORNER APEX .)
    MARSHALL        reduce using rule 97 (expression -> ID CORNER APEX .)


state 133

    (98) argument_list -> expression .
    (68) expression -> expression . TOW expression
    (69) expression -> expression . GAP expression
    (70) expression -> expression . ERS expression
    (71) expression -> expression . STINT expression
    (72) expression -> expression . FUEL_DELTA expression
    (73) expression -> expression . DEAD_HEAT expression
    (74) expression -> expression . OUTLAP expression
    (75) expression -> expression . UNDERCUT expression
    (76) expression -> expression . OVERCUT expression
    (77) expression -> expression . UNDEREQ expression
    (78) expression -> expression . OVEREQ expression
    (79) expression -> expression . BOTH_TYRES expression
    (80) expression -> expression . EITHER_TYRE expression
    (81) expression -> expression . SAFETY expression
    (82) expression -> expression . OVERTAKE expression

    APEX            reduce using rule 98 (argument_list -> expression .)
    ALSO            reduce using rule 98 (argument_list -> expression .)
    TOW             shift and go to state 85
    GAP             shift and go to state 86
    ERS             shift and go to state 87
    STINT           shift and go to state 88
    FUEL_DELTA      shift and go to state 89
    DEAD_HEAT       shift and go to state 90
    OUTLAP          shift and go to state 91
    UNDERCUT        shift and go to state 92
    OVERCUT         shift and go to state 93
    UNDEREQ         shift and go to state 94
    OVEREQ          shift and go to state 95
    BOTH_TYRES      shift and go to state 96
    EITHER_TYRE     shift and go to state 97
    SAFETY          shift and go to state 98
    OVERTAKE        shift and go to state 99


state 134

    (68) expression -> expression TOW expression .
    (68) expression -> expression . TOW expression
    (69) expression -> expression . GAP expression
    (70) expression -> expression . ERS expression
    (71) expression -> expression . STINT expression
    (72) expression -> expression . FUEL_DELTA expression
    (73) expression -> expression . DEAD_HEAT expression
    (74) expression -> expression . OUTLAP expression
    (75) expression -> expression . UNDERCUT expression
    (76) expression -> expression . OVERCUT expression
    (77) expression -> expression . UNDEREQ expression
    (78) expression -> expression . OVEREQ expression
    (79) expression -> expression . BOTH_TYRES expression
    (80) expression -> expression . EITHER_TYRE expression
    (81) expression -> expression . SAFETY expression
    (82) expression -> expression . OVERTAKE expression

    STOP            reduce using rule 68 (expression -> expression TOW expression .)
    TOW             reduce using rule 68 (expression -> expression TOW expression .)
    GAP             reduce using rule 68 (expression -> expression TOW expression .)
    DEAD_HEAT       reduce using rule 68 (expression -> expression TOW expression .)
    OUTLAP          reduce using rule 68 (expression -> expression TOW expression .)
    UNDERCUT        reduce using rule 68 (expression -> expression TOW expression .)
    OVERCUT         reduce using rule 68 (expression -> expression TOW expression .)
    UNDEREQ         reduce using rule 68 (expression -> expression TOW expression .)
    OVEREQ          reduce using rule 68 (expression -> expression TOW expression .)
    BOTH_TYRES      reduce using rule 68 (expression -> expression TOW expression .)
    EITHER_TYRE     reduce using rule 68 (expression -> expression TOW expression .)
    SAFETY          reduce using rule 68 (expression -> expression TOW expression .)
    OVERTAKE        reduce using rule 68 (expression -> expression TOW expression .)
    APEX            reduce using rule 68 (expression -> expression TOW expression .)
    ALSO            reduce using rule 68 (expression -> expression TOW expression .)
    MARSHALL        reduce using rule 68 (expression -> expression TOW expression .)
    ERS             shift and go to state 87
    STINT           shift and go to state 88
    FUEL_DELTA      shift and go to state 89

  ! ERS             [ reduce using rule 68 (expression -> expression TOW expression .) ]
  ! STINT           [ reduce using rule 68 (expression -> expression TOW expression .) ]
  ! FUEL_DELTA      [ reduce using rule 68 (expression -> expression TOW expression .) ]
  ! TOW             [ shift and go to state 85 ]
  ! GAP             [ shift and go to state 86 ]
  ! DEAD_HEAT       [ shift and go to state 90 ]
  ! OUTLAP          [ shift and go to state 91 ]
  ! UNDERCUT        [ shift and go to state 92 ]
  ! OVERCUT         [ shift and go to state 93 ]
  ! UNDEREQ         [ shift and go to state 94 ]
  ! OVEREQ          [ shift and go to state 95 ]
  ! BOTH_TYRES      [ shift and go to state 96 ]
  ! EITHER_TYRE     [ shift and go to state 97 ]
  ! SAFETY          [ shift and go to state 98 ]
  ! OVERTAKE        [ shift and go to state 99 ]


state 135

    (69) expression -> expression GAP expression .
    (68) expression -> expression . TOW expression
    (69) expression -> expression . GAP expression
    (70) expression -> expression . ERS expression
    (71) expression -> expression . STINT expression
    (72) expression -> expression . FUEL_DELTA expression
    (73) expression -> expression . DEAD_HEAT expression
    (74) expression -> expression . OUTLAP expression
    (75) expression -> expression . UNDERCUT expression
    (76) expression -> expression . OVERCUT expression
    (77) expression -> expression . UNDEREQ expression
    (78) expression -> expression . OVEREQ expression
    (79) expression -> expression . BOTH_TYRES expression
    (80) expression -> expression . EITHER_TYRE expression
    (81) expression -> expression . SAFETY expression
    (82) expression -> expression . OVERTAKE expression

    STOP            reduce using rule 69 (expression -> expression GAP expression .)
    TOW             reduce using rule 69 (expression -> expression GAP expression .)
    GAP             reduce using rule 69 (expression -> expression GAP expression .)
    DEAD_HEAT       reduce using rule 69 (expression -> expression GAP expression .)
    OUTLAP          reduce using rule 69 (expression -> expression GAP expression .)
    UNDERCUT        reduce using rule 69 (expression -> expression GAP expression .)
    OVERCUT         reduce using rule 69 (expression -> expression GAP expression .)
    UNDEREQ         reduce using rule 69 (expression -> expression GAP expression .)
    OVEREQ          reduce using rule 69 (expression -> expression GAP expression .)
    BOTH_TYRES      reduce using rule 69 (expression -> expression GAP expression .)
    EITHER_TYRE     reduce using rule 69 (expression -> expression GAP expression .)
    SAFETY          reduce using rule 69 (expression -> expression GAP expression .)
    OVERTAKE        reduce using rule 69 (expression -> expression GAP expression .)
    APEX            reduce using rule 69 (expression -> expression GAP expression .)
    ALSO            reduce using rule 69 (expression -> expression GAP expression .)
    MARSHALL        reduce using rule 69 (expression -> expression GAP expression .)
    ERS             shift and go to state 87
    STINT           shift and go to state 88
    FUEL_DELTA      shift and go to state 89

  ! ERS             [ reduce using rule 69 (expression -> expression GAP expression .) ]
  ! STINT           [ reduce using rule 69 (expression -> expression GAP expression .) ]
  ! FUEL_DELTA      [ reduce using rule 69 (expression -> expression GAP expression .) ]
  ! TOW             [ shift and go to state 85 ]
  ! GAP             [ shift and go to state 86 ]
  ! DEAD_HEAT       [ shift and go to state 90 ]
  ! OUTLAP          [ shift and go to state 91 ]
  ! UNDERCUT        [ shift and go to state 92 ]
  ! OVERCUT         [ shift and go to state 93 ]
  ! UNDEREQ         [ shift and go to state 94 ]
  ! OVEREQ          [ shift and go to state 95 ]
  ! BOTH_TYRES      [ shift and go to state 96 ]
  ! EITHER_TYRE     [ shift and go to state 97 ]
  ! SAFETY          [ shift and go to state 98 ]
  ! OVERTAKE        [ shift and go to state 99 ]


state 136

    (70) expression -> expression ERS expression .
    (68) expression -> expression . TOW expression
    (69) expression -> expression . GAP expression
    (70) expression -> expression . ERS expression
    (71) expression -> expression . STINT expression
    (72) expression -> expression . FUEL_DELTA expression
    (73) expression -> expression . DEAD_HEAT expression
    (74) expression -> expression . OUTLAP expression
    (75) expression -> expression . UNDERCUT expression
    (76) expression -> expression . OVERCUT expression
    (77) expression -> expression . UNDEREQ expression
    (78) expression -> expression . OVEREQ expression
    (79) expression -> expression . BOTH_TYRES expression
    (80) expression -> expression . EITHER_TYRE expression
    (81) expression -> expression . SAFETY expression
    (82) expression -> expression . OVERTAKE expression

    STOP            reduce using rule 70 (expression -> expression ERS expression .)
    TOW             reduce using rule 70 (expression -> expression ERS expression .)
    GAP             reduce using rule 70 (expression -> expression ERS expression .)
    ERS             reduce using rule 70 (expression -> expression ERS expression .)
    STINT           reduce using rule 70 (expression -> expression ERS expression .)
    FUEL_DELTA      reduce using rule 70 (expression -> expression ERS expression .)
    DEAD_HEAT       reduce using rule 70 (expression -> expression ERS expression .)
    OUTLAP          reduce using rule 70 (expression -> expression ERS expression .)
    UNDERCUT        reduce using rule 70 (expression -> expression ERS expression .)
    OVERCUT         reduce using rule 70 (expression -> expression ERS expression .)
    UNDEREQ         reduce using rule 70 (expression -> expression ERS expression .)
    OVEREQ          reduce using rule 70 (expression -> expression ERS expression .)
    BOTH_TYRES      reduce using rule 70 (expression -> expression ERS expression .)
    EITHER_TYRE     reduce using rule 70 (expression -> expression ERS expression .)
    SAFETY          reduce using rule 70 (expression -> expression ERS expression .)
    OVERTAKE        reduce using rule 70 (expression -> expression ERS expression .)
    APEX            reduce using rule 70 (expression -> expression ERS expression .)
    ALSO            reduce using rule 70 (expression -> expression ERS expression .)
    MARSHALL        reduce using rule 70 (expression -> expression ERS expression .)

  ! TOW             [ shift and go to state 85 ]
  ! GAP             [ shift and go to state 86 ]
  ! ERS             [ shift and go to state 87 ]
  ! STINT           [ shift and go to state 88 ]
  ! FUEL_DELTA      [ shift and go to state 89 ]
  ! DEAD_HEAT       [ shift and go to state 90 ]
  ! OUTLAP          [ shift and go to state 91 ]
  ! UNDERCUT        [ shift and go to state 92 ]
  ! OVERCUT         [ shift and go to state 93 ]
  ! UNDEREQ         [ shift and go to state 94 ]
  ! OVEREQ          [ shift and go to state 95 ]
  ! BOTH_TYRES      [ shift and go to state 96 ]
  ! EITHER_TYRE     [ shift and go to state 97 ]
  ! SAFETY          [ shift and go to state 98 ]
  ! OVERTAKE        [ shift and go to state 99 ]


state 137

    (71) expression -> expression STINT expression .
    (68) expression -> expression . TOW expression
    (69) expression -> expression . GAP expression
    (70) expression -> expression . ERS expression
    (71) expression -> expression . STINT expression
    (72) expression -> expression . FUEL_DELTA expression
    (73) expression -> expression . DEAD_HEAT expression
    (74) expression -> expression . OUTLAP expression
    (75) expression -> expression . UNDERCUT expression
    (76) expression -> expression . OVERCUT expression
    (77) expression -> expression . UNDEREQ expression
    (78) expression -> expression . OVEREQ expression
    (79) expression -> expression . BOTH_TYRES expression
    (80) expression -> expression . EITHER_TYRE expression
    (81) expression -> expression . SAFETY expression
    (82) expression -> expression . OVERTAKE expression

    STOP            reduce using rule 71 (expression -> expression STINT expression .)
    TOW             reduce using rule 71 (expression -> expression STINT expression .)
    GAP             reduce using rule 71 (expression -> expression STINT expression .)
    ERS             reduce using rule 71 (expression -> expression STINT expression .)
    STINT           reduce using rule 71 (expression -> expression STINT expression .)
    FUEL_DELTA      reduce using rule 71 (expression -> expression STINT expression .)
    DEAD_HEAT       reduce using rule 71 (expression -> expression STINT expression .)
    OUTLAP          reduce using rule 71 (expression -> expression STINT expression .)
    UNDERCUT        reduce using rule 71 (expression -> expression STINT expression .)
    OVERCUT         reduce using rule 71 (expression -> expression STINT expression .)
    UNDEREQ         reduce using rule 71 (expression -> expression STINT expression .)
    OVEREQ          reduce using rule 71 (expression -> expression STINT expression .)
    BOTH_TYRES      reduce using rule 71 (expression -> expression STINT expression .)
    EITHER_TYRE     reduce using rule 71 (expression -> expression STINT expression .)
    SAFETY          reduce using rule 71 (expression -> expression STINT expression .)
    OVERTAKE        reduce using rule 71 (expression -> expression STINT expression .)
    APEX            reduce using rule 71 (expression -> expression STINT expression .)
    ALSO            reduce using rule 71 (expression -> expression STINT expression .)
    MARSHALL        reduce using rule 71 (expression -> expression STINT expression .)

  ! TOW             [ shift and go to state 85 ]
  ! GAP             [ shift and go to state 86 ]
  ! ERS             [ shift and go to state 87 ]
  ! STINT           [ shift and go to state 88 ]
  ! FUEL_DELTA      [ shift and go to state 89 ]
  ! DEAD_HEAT       [ shift and go to state 90 ]
  ! OUTLAP          [ shift and go to state 91 ]
  ! UNDERCUT        [ shift and go to state 92 ]
  ! OVERCUT         [ shift and go to state 93 ]
  ! UNDEREQ         [ shift and go to state 94 ]
  ! OVEREQ          [ shift and go to state 95 ]
  ! BOTH_TYRES      [ shift and go to state 96 ]
  ! EITHER_TYRE     [ shift and go to state 97 ]
  ! SAFETY          [ shift and go to state 98 ]
  ! OVERTAKE        [ shift and go to state 99 ]


state 138

    (72) expression -> expression FUEL_DELTA expression .
    (68) expression -> expression . TOW expression
    (69) expression -> expression . GAP expression
    (70) expression -> expression . ERS expression
    (71) expression -> expression . STINT expression
    (72) expression -> expression . FUEL_DELTA expression
    (73) expression -> expression . DEAD_HEAT expression
    (74) expression -> expression . OUTLAP expression
    (75) expression -> expression . UNDERCUT expression
    (76) expression -> expression . OVERCUT expression
    (77) expression -> expression . UNDEREQ expression
    (78) expression -> expression . OVEREQ expression
    (79) expression -> expression . BOTH_TYRES expression
    (80) expression -> expression . EITHER_TYRE expression
    (81) expression -> expression . SAFETY expression
    (82) expression -> expression . OVERTAKE expression

    STOP            reduce using rule 72 (expression -> expression FUEL_DELTA expression .)
    TOW             reduce using rule 72 (expression -> expression FUEL_DELTA expression .)
    GAP             reduce using rule 72 (expression -> expression FUEL_DELTA expression .)
    ERS             reduce using rule 72 (expression -> expression FUEL_DELTA expression .)
    STINT           reduce using rule 72 (expression -> expression FUEL_DELTA expression .)
    FUEL_DELTA      reduce using rule 72 (expression -> expression FUEL_DELTA expression .)
    DEAD_HEAT       reduce using rule 72 (expression -> expression FUEL_DELTA expression .)
    OUTLAP          reduce using rule 72 (expression -> expression FUEL_DELTA expression .)
    UNDERCUT        reduce using rule 72 (expression -> expression FUEL_DELTA expression .)
    OVERCUT         reduce using rule 72 (expression -> expression FUEL_DELTA expression .)
    UNDEREQ         reduce using rule 72 (expression -> expression FUEL_DELTA expression .)
    OVEREQ          reduce using rule 72 (expression -> expression FUEL_DELTA expression .)
    BOTH_TYRES      reduce using rule 72 (expression -> expression FUEL_DELTA expression .)
    EITHER_TYRE     reduce using rule 72 (expression -> expression FUEL_DELTA expression .)
    SAFETY          reduce using rule 72 (expression -> expression FUEL_DELTA expression .)
    OVERTAKE        reduce using rule 72 (expression -> expression FUEL_DELTA expression .)
    APEX            reduce using rule 72 (expression -> expression FUEL_DELTA expression .)
    ALSO            reduce using rule 72 (expression -> expression FUEL_DELTA expression .)
    MARSHALL        reduce using rule 72 (expression -> expression FUEL_DELTA expression .)

  ! TOW             [ shift and go to state 85 ]
  ! GAP             [ shift and go to state 86 ]
  ! ERS             [ shift and go to state 87 ]
  ! STINT           [ shift and go to state 88 ]
  ! FUEL_DELTA      [ shift and go to state 89 ]
  ! DEAD_HEAT       [ shift and go to state 90 ]
  ! OUTLAP          [ shift and go to state 91 ]
  ! UNDERCUT        [ shift and go to state 92 ]
  ! OVERCUT         [ shift and go to state 93 ]
  ! UNDEREQ         [ shift and go to state 94 ]
  ! OVEREQ          [ shift and go to state 95 ]
  ! BOTH_TYRES      [ shift and go to state 96 ]
  ! EITHER_TYRE     [ shift and go to state 97 ]
  ! SAFETY          [ shift and go to state 98 ]
  ! OVERTAKE        [ shift and go to state 99 ]


state 139

    (73) expression -> expression DEAD_HEAT expression .
    (68) expression -> expression . TOW expression
    (69) expression -> expression . GAP expression
    (70) expression -> expression . ERS expression
    (71) expression -> expression . STINT expression
    (72) expression -> expression . FUEL_DELTA expression
    (73) expression -> expression . DEAD_HEAT expression
    (74) expression -> expression . OUTLAP expression
    (75) expression -> expression . UNDERCUT expression
    (76) expression -> expression . OVERCUT expression
    (77) expression -> expression . UNDEREQ expression
    (78) expression -> expression . OVEREQ expression
    (79) expression -> expression . BOTH_TYRES expression
    (80) expression -> expression . EITHER_TYRE expression
    (81) expression -> expression . SAFETY expression
    (82) expression -> expression . OVERTAKE expression

    STOP            reduce using rule 73 (expression -> expression DEAD_HEAT expression .)
    DEAD_HEAT       reduce using rule 73 (expression -> expression DEAD_HEAT expression .)
    OUTLAP          reduce using rule 73 (expression -> expression DEAD_HEAT expression .)
    BOTH_TYRES      reduce using rule 73 (expression -> expression DEAD_HEAT expression .)
    EITHER_TYRE     reduce using rule 73 (expression -> expression DEAD_HEAT expression .)
    SAFETY          reduce using rule 73 (expression -> expression DEAD_HEAT expression .)
    OVERTAKE        reduce using rule 73 (expression -> expression DEAD_HEAT expression .)
    APEX            reduce using rule 73 (expression -> expression DEAD_HEAT expression .)
    ALSO            reduce using rule 73 (expression -> expression DEAD_HEAT expression .)
    MARSHALL        reduce using rule 73 (expression -> expression DEAD_HEAT expression .)
    TOW             shift and go to state 85
    GAP             shift and go to state 86
    ERS             shift and go to state 87
    STINT           shift and go to state 88
    FUEL_DELTA      shift and go to state 89
    UNDERCUT        shift and go to state 92
    OVERCUT         shift and go to state 93
    UNDEREQ         shift and go to state 94
    OVEREQ          shift and go to state 95

  ! TOW             [ reduce using rule 73 (expression -> expression DEAD_HEAT expression .) ]
  ! GAP             [ reduce using rule 73 (expression -> expression DEAD_HEAT expression .) ]
  ! ERS             [ reduce using rule 73 (expression -> expression DEAD_HEAT expression .) ]
  ! STINT           [ reduce using rule 73 (expression -> expression DEAD_HEAT expression .) ]
  ! FUEL_DELTA      [ reduce using rule 73 (expression -> expression DEAD_HEAT expression .) ]
  ! UNDERCUT        [ reduce using rule 73 (expression -> expression DEAD_HEAT expression .) ]
  ! OVERCUT         [ reduce using rule 73 (expression -> expression DEAD_HEAT expression .) ]
  ! UNDEREQ         [ reduce using rule 73 (expression -> expression DEAD_HEAT expression .) ]
  ! OVEREQ          [ reduce using rule 73 (expression -> expression DEAD_HEAT expression .) ]
  ! DEAD_HEAT       [ shift and go to state 90 ]
  ! OUTLAP          [ shift and go to state 91 ]
  ! BOTH_TYRES      [ shift and go to state 96 ]
  ! EITHER_TYRE     [ shift and go to state 97 ]
  ! SAFETY          [ shift and go to state 98 ]
  ! OVERTAKE        [ shift and go to state 99 ]


state 140

    (74) expression -> expression OUTLAP expression .
    (68) expression -> expression . TOW expression
    (69) expression -> expression . GAP expression
    (70) expression -> expression . ERS expression
    (71) expression -> expression . STINT expression
    (72) expression -> expression . FUEL_DELTA expression
    (73) expression -> expression . DEAD_HEAT expression
    (74) expression -> expression . OUTLAP expression
    (75) expression -> expression . UNDERCUT expression
    (76) expression -> expression . OVERCUT expression
    (77) expression -> expression . UNDEREQ expression
    (78) expression -> expression . OVEREQ expression
    (79) expression -> expression . BOTH_TYRES expression
    (80) expression -> expression . EITHER_TYRE expression
    (81) expression -> expression . SAFETY expression
    (82) expression -> expression . OVERTAKE expression

    STOP            reduce using rule 74 (expression -> expression OUTLAP expression .)
    DEAD_HEAT       reduce using rule 74 (expression -> expression OUTLAP expression .)
    OUTLAP          reduce using rule 74 (expression -> expression OUTLAP expression .)
    BOTH_TYRES      reduce using rule 74 (expression -> expression OUTLAP expression .)
    EITHER_TYRE     reduce using rule 74 (expression -> expression OUTLAP expression .)
    SAFETY          reduce using rule 74 (expression -> expression OUTLAP expression .)
    OVERTAKE        reduce using rule 74 (expression -> expression OUTLAP expression .)
    APEX            reduce using rule 74 (expression -> expression OUTLAP expression .)
    ALSO            reduce using rule 74 (expression -> expression OUTLAP expression .)
    MARSHALL        reduce using rule 74 (expression -> expression OUTLAP expression .)
    TOW             shift and go to state 85
    GAP             shift and go to state 86
    ERS             shift and go to state 87
    STINT           shift and go to state 88
    FUEL_DELTA      shift and go to state 89
    UNDERCUT        shift and go to state 92
    OVERCUT         shift and go to state 93
    UNDEREQ         shift and go to state 94
    OVEREQ          shift and go to state 95

  ! TOW             [ reduce using rule 74 (expression -> expression OUTLAP expression .) ]
  ! GAP             [ reduce using rule 74 (expression -> expression OUTLAP expression .) ]
  ! ERS             [ reduce using rule 74 (expression -> expression OUTLAP expression .) ]
  ! STINT           [ reduce using rule 74 (expression -> expression OUTLAP expression .) ]
  ! FUEL_DELTA      [ reduce using rule 74 (expression -> expression OUTLAP expression .) ]
  ! UNDERCUT        [ reduce using rule 74 (expression -> expression OUTLAP expression .) ]
  ! OVERCUT         [ reduce using rule 74 (expression -> expression OUTLAP expression .) ]
  ! UNDEREQ         [ reduce using rule 74 (expression -> expression OUTLAP expression .) ]
  ! OVEREQ          [ reduce using rule 74 (expression -> expression OUTLAP expression .) ]
  ! DEAD_HEAT       [ shift and go to state 90 ]
  ! OUTLAP          [ shift and go to state 91 ]
  ! BOTH_TYRES      [ shift and go to state 96 ]
  ! EITHER_TYRE     [ shift and go to state 97 ]
  ! SAFETY          [ shift and go to state 98 ]
  ! OVERTAKE        [ shift and go to state 99 ]


state 141

    (75) expression -> expression UNDERCUT expression .
    (68) expression -> expression . TOW expression
    (69) expression -> expression . GAP expression
    (70) expression -> expression . ERS expression
    (71) expression -> expression . STINT expression
    (72) expression -> expression . FUEL_DELTA expression
    (73) expression -> expression . DEAD_HEAT expression
    (74) expression -> expression . OUTLAP expression
    (75) expression -> expression . UNDERCUT expression
    (76) expression -> expression . OVERCUT expression
    (77) expression -> expression . UNDEREQ expression
    (78) expression -> expression . OVEREQ expression
    (79) expression -> expression . BOTH_TYRES expression
    (80) expression -> expression . EITHER_TYRE expression
    (81) expression -> expression . SAFETY expression
    (82) expression -> expression . OVERTAKE expression

    STOP            reduce using rule 75 (expression -> expression UNDERCUT expression .)
    DEAD_HEAT       reduce using rule 75 (expression -> expression UNDERCUT expression .)
    OUTLAP          reduce using rule 75 (expression -> expression UNDERCUT expression .)
    UNDERCUT        reduce using rule 75 (expression -> expression UNDERCUT expression .)
    OVERCUT         reduce using rule 75 (expression -> expression UNDERCUT expression .)
    UNDEREQ         reduce using rule 75 (expression -> expression UNDERCUT expression .)
    OVEREQ          reduce using rule 75 (expression -> expression UNDERCUT expression .)
    BOTH_TYRES      reduce using rule 75 (expression -> expression UNDERCUT expression .)
    EITHER_TYRE     reduce using rule 75 (expression -> expression UNDERCUT expression .)
    SAFETY          reduce using rule 75 (expression -> expression UNDERCUT expression .)
    OVERTAKE        reduce using rule 75 (expression -> expression UNDERCUT expression .)
    APEX            reduce using rule 75 (expression -> expression UNDERCUT expression .)
    ALSO            reduce using rule 75 (expression -> expression UNDERCUT expression .)
    MARSHALL        reduce using rule 75 (expression -> expression UNDERCUT expression .)
    TOW             shift and go to state 85
    GAP             shift and go to state 86
    ERS             shift and go to state 87
    STINT           shift and go to state 88
    FUEL_DELTA      shift and go to state 89

  ! TOW             [ reduce using rule 75 (expression -> expression UNDERCUT expression .) ]
  ! GAP             [ reduce using rule 75 (expression -> expression UNDERCUT expression .) ]
  ! ERS             [ reduce using rule 75 (expression -> expression UNDERCUT expression .) ]
  ! STINT           [ reduce using rule 75 (expression -> expression UNDERCUT expression .) ]
  ! FUEL_DELTA      [ reduce using rule 75 (expression -> expression UNDERCUT expression .) ]
  ! DEAD_HEAT       [ shift and go to state 90 ]
  ! OUTLAP          [ shift and go to state 91 ]
  ! UNDERCUT        [ shift and go to state 92 ]
  ! OVERCUT         [ shift and go to state 93 ]
  ! UNDEREQ         [ shift and go to state 94 ]
  ! OVEREQ          [ shift and go to state 95 ]
  ! BOTH_TYRES      [ shift and go to state 96 ]
  ! EITHER_TYRE     [ shift and go to state 97 ]
  ! SAFETY          [ shift and go to state 98 ]
  ! OVERTAKE        [ shift and go to state 99 ]


state 142

    (76) expression -> expression OVERCUT expression .
    (68) expression -> expression . TOW expression
    (69) expression -> expression . GAP expression
    (70) expression -> expression . ERS expression
    (71) expression -> expression . STINT expression
    (72) expression -> expression . FUEL_DELTA expression
    (73) expression -> expression . DEAD_HEAT expression
    (74) expression -> expression . OUTLAP expression
    (75) expression -> expression . UNDERCUT expression
    (76) expression -> expression . OVERCUT expression
    (77) expression -> expression . UNDEREQ expression
    (78) expression -> expression . OVEREQ expression
    (79) expression -> expression . BOTH_TYRES expression
    (80) expression -> expression . EITHER_TYRE expression
    (81) expression -> expression . SAFETY expression
    (82) expression -> expression . OVERTAKE expression

    STOP            reduce using rule 76 (expression -> expression OVERCUT expression .)
    DEAD_HEAT       reduce using rule 76 (expression -> expression OVERCUT expression .)
    OUTLAP          reduce using rule 76 (expression -> expression OVERCUT expression .)
    UNDERCUT        reduce using rule 76 (expression -> expression OVERCUT expression .)
    OVERCUT         reduce using rule 76 (expression -> expression OVERCUT expression .)
    UNDEREQ         reduce using rule 76 (expression -> expression OVERCUT expression .)
    OVEREQ          reduce using rule 76 (expression -> expression OVERCUT expression .)
    BOTH_TYRES      reduce using rule 76 (expression -> expression OVERCUT expression .)
    EITHER_TYRE     reduce using rule 76 (expression -> expression OVERCUT expression .)
    SAFETY          reduce using rule 76 (expression -> expression OVERCUT expression .)
    OVERTAKE        reduce using rule 76 (expression -> expression OVERCUT expression .)
    APEX            reduce using rule 76 (expression -> expression OVERCUT expression .)
    ALSO            reduce using rule 76 (expression -> expression OVERCUT expression .)
    MARSHALL        reduce using rule 76 (expression -> expression OVERCUT expression .)
    TOW             shift and go to state 85
    GAP             shift and go to state 86
    ERS             shift and go to state 87
    STINT           shift and go to state 88
    FUEL_DELTA      shift and go to state 89

  ! TOW             [ reduce using rule 76 (expression -> expression OVERCUT expression .) ]
  ! GAP             [ reduce using rule 76 (expression -> expression OVERCUT expression .) ]
  ! ERS             [ reduce using rule 76 (expression -> expression OVERCUT expression .) ]
  ! STINT           [ reduce using rule 76 (expression -> expression OVERCUT expression .) ]
  ! FUEL_DELTA      [ reduce using rule 76 (expression -> expression OVERCUT expression .) ]
  ! DEAD_HEAT       [ shift and go to state 90 ]
  ! OUTLAP          [ shift and go to state 91 ]
  ! UNDERCUT        [ shift and go to state 92 ]
  ! OVERCUT         [ shift and go to state 93 ]
  ! UNDEREQ         [ shift and go to state 94 ]
  ! OVEREQ          [ shift and go to state 95 ]
  ! BOTH_TYRES      [ shift and go to state 96 ]
  ! EITHER_TYRE     [ shift and go to state 97 ]
  ! SAFETY          [ shift and go to state 98 ]
  ! OVERTAKE        [ shift and go to state 99 ]


state 143

    (77) expression -> expression UNDEREQ expression .
    (68) expression -> expression . TOW expression
    (69) expression -> expression . GAP expression
    (70) expression -> expression . ERS expression
    (71) expression -> expression . STINT expression
    (72) expression -> expression . FUEL_DELTA expression
    (73) expression -> expression . DEAD_HEAT expression
    (74) expression -> expression . OUTLAP expression
    (75) expression -> expression . UNDERCUT expression
    (76) expression -> expression . OVERCUT expression
    (77) expression -> expression . UNDEREQ expression
    (78) expression -> expression . OVEREQ expression
    (79) expression -> expression . BOTH_TYRES expression
    (80) expression -> expression . EITHER_TYRE expression
    (81) expression -> expression . SAFETY expression
    (82) expression -> expression . OVERTAKE expression

    STOP            reduce using rule 77 (expression -> expression UNDEREQ expression .)
    DEAD_HEAT       reduce using rule 77 (expression -> expression UNDEREQ expression .)
    OUTLAP          reduce using rule 77 (expression -> expression UNDEREQ expression .)
    UNDERCUT        reduce using rule 77 (expression -> expression UNDEREQ expression .)
    OVERCUT         reduce using rule 77 (expression -> expression UNDEREQ expression .)
    UNDEREQ         reduce using rule 77 (expression -> expression UNDEREQ expression .)
    OVEREQ          reduce using rule 77 (expression -> expression UNDEREQ expression .)
    BOTH_TYRES      reduce using rule 77 (expression -> expression UNDEREQ expression .)
    EITHER_TYRE     reduce using rule 77 (expression -> expression UNDEREQ expression .)
    SAFETY          reduce using rule 77 (expression -> expression UNDEREQ expression .)
    OVERTAKE        reduce using rule 77 (expression -> expression UNDEREQ expression .)
    APEX            reduce using rule 77 (expression -> expression UNDEREQ expression .)
    ALSO            reduce using rule 77 (expression -> expression UNDEREQ expression .)
    MARSHALL        reduce using rule 77 (expression -> expression UNDEREQ expression .)
    TOW             shift and go to state 85
    GAP             shift and go to state 86
    ERS             shift and go to state 87
    STINT           shift and go to state 88
    FUEL_DELTA      shift and go to state 89

  ! TOW             [ reduce using rule 77 (expression -> expression UNDEREQ expression .) ]
  ! GAP             [ reduce using rule 77 (expression -> expression UNDEREQ expression .) ]
  ! ERS             [ reduce using rule 77 (expression -> expression UNDEREQ expression .) ]
  ! STINT           [ reduce using rule 77 (expression -> expression UNDEREQ expression .) ]
  ! FUEL_DELTA      [ reduce using rule 77 (expression -> expression UNDEREQ expression .) ]
  ! DEAD_HEAT       [ shift and go to state 90 ]
  ! OUTLAP          [ shift and go to state 91 ]
  ! UNDERCUT        [ shift and go to state 92 ]
  ! OVERCUT         [ shift and go to state 93 ]
  ! UNDEREQ         [ shift and go to state 94 ]
  ! OVEREQ          [ shift and go to state 95 ]
  ! BOTH_TYRES      [ shift and go to state 96 ]
  ! EITHER_TYRE     [ shift and go to state 97 ]
  ! SAFETY          [ shift and go to state 98 ]
  ! OVERTAKE        [ shift and go to state 99 ]


state 144

    (78) expression -> expression OVEREQ expression .
    (68) expression -> expression . TOW expression
    (69) expression -> expression . GAP expression
    (70) expression -> expression . ERS expression
    (71) expression -> expression . STINT expression
    (72) expression -> expression . FUEL_DELTA expression
    (73) expression -> expression . DEAD_HEAT expression
    (74) expression -> expression . OUTLAP expression
    (75) expression -> expression . UNDERCUT expression
    (76) expression -> expression . OVERCUT expression
    (77) expression -> expression . UNDEREQ expression
    (78) expression -> expression . OVEREQ expression
    (79) expression -> expression . BOTH_TYRES expression
    (80) expression -> expression . EITHER_TYRE expression
    (81) expression -> expression . SAFETY expression
    (82) expression -> expression . OVERTAKE expression

    STOP            reduce using rule 78 (expression -> expression OVEREQ expression .)
    DEAD_HEAT       reduce using rule 78 (expression -> expression OVEREQ expression .)
    OUTLAP          reduce using rule 78 (expression -> expression OVEREQ expression .)
    UNDERCUT        reduce using rule 78 (expression -> expression OVEREQ expression .)
    OVERCUT         reduce using rule 78 (expression -> expression OVEREQ expression .)
    UNDEREQ         reduce using rule 78 (expression -> expression OVEREQ expression .)
    OVEREQ          reduce using rule 78 (expression -> expression OVEREQ expression .)
    BOTH_TYRES      reduce using rule 78 (expression -> expression OVEREQ expression .)
    EITHER_TYRE     reduce using rule 78 (expression -> expression OVEREQ expression .)
    SAFETY          reduce using rule 78 (expression -> expression OVEREQ expression .)
    OVERTAKE        reduce using rule 78 (expression -> expression OVEREQ expression .)
    APEX            reduce using rule 78 (expression -> expression OVEREQ expression .)
    ALSO            reduce using rule 78 (expression -> expression OVEREQ expression .)
    MARSHALL        reduce using rule 78 (expression -> expression OVEREQ expression .)
    TOW             shift and go to state 85
    GAP             shift and go to state 86
    ERS             shift and go to state 87
    STINT           shift and go to state 88
    FUEL_DELTA      shift and go to state 89

  ! TOW             [ reduce using rule 78 (expression -> expression OVEREQ expression .) ]
  ! GAP             [ reduce using rule 78 (expression -> expression OVEREQ expression .) ]
  ! ERS             [ reduce using rule 78 (expression -> expression OVEREQ expression .) ]
  ! STINT           [ reduce using rule 78 (expression -> expression OVEREQ expression .) ]
  ! FUEL_DELTA      [ reduce using rule 78 (expression -> expression OVEREQ expression .) ]
  ! DEAD_HEAT       [ shift and go to state 90 ]
  ! OUTLAP          [ shift and go to state 91 ]
  ! UNDERCUT        [ shift and go to state 92 ]
  ! OVERCUT         [ shift and go to state 93 ]
  ! UNDEREQ         [ shift and go to state 94 ]
  ! OVEREQ          [ shift and go to state 95 ]
  ! BOTH_TYRES      [ shift and go to state 96 ]
  ! EITHER_TYRE     [ shift and go to state 97 ]
  ! SAFETY          [ shift and go to state 98 ]
  ! OVERTAKE        [ shift and go to state 99 ]


state 145

    (79) expression -> expression BOTH_TYRES expression .
    (68) expression -> expression . TOW expression
    (69) expression -> expression . GAP expression
    (70) expression -> expression . ERS expression
    (71) expression -> expression . STINT expression
    (72) expression -> expression . FUEL_DELTA expression
    (73) expression -> expression . DEAD_HEAT expression
    (74) expression -> expression . OUTLAP expression
    (75) expression -> expression . UNDERCUT expression
    (76) expression -> expression . OVERCUT expression
    (77) expression -> expression . UNDEREQ expression
    (78) expression -> expression . OVEREQ expression
    (79) expression -> expression . BOTH_TYRES expression
    (80) expression -> expression . EITHER_TYRE expression
    (81) expression -> expression . SAFETY expression
    (82) expression -> expression . OVERTAKE expression

    STOP            reduce using rule 79 (expression -> expression BOTH_TYRES expression .)
    BOTH_TYRES      reduce using rule 79 (expression -> expression BOTH_TYRES expression .)
    EITHER_TYRE     reduce using rule 79 (expression -> expression BOTH_TYRES expression .)
    SAFETY          reduce using rule 79 (expression -> expression BOTH_TYRES expression .)
    OVERTAKE        reduce using rule 79 (expression -> expression BOTH_TYRES expression .)
    APEX            reduce using rule 79 (expression -> expression BOTH_TYRES expression .)
    ALSO            reduce using rule 79 (expression -> expression BOTH_TYRES expression .)
    MARSHALL        reduce using rule 79 (expression -> expression BOTH_TYRES expression .)
    TOW             shift and go to state 85
    GAP             shift and go to state 86
    ERS             shift and go to state 87
    STINT           shift and go to state 88
    FUEL_DELTA      shift and go to state 89
    DEAD_HEAT       shift and go to state 90
    OUTLAP          shift and go to state 91
    UNDERCUT        shift and go to state 92
    OVERCUT         shift and go to state 93
    UNDEREQ         shift and go to state 94
    OVEREQ          shift and go to state 95

  ! TOW             [ reduce using rule 79 (expression -> expression BOTH_TYRES expression .) ]
  ! GAP             [ reduce using rule 79 (expression -> expression BOTH_TYRES expression .) ]
  ! ERS             [ reduce using rule 79 (expression -> expression BOTH_TYRES expression .) ]
  ! STINT           [ reduce using rule 79 (expression -> expression BOTH_TYRES expression .) ]
  ! FUEL_DELTA      [ reduce using rule 79 (expression -> expression BOTH_TYRES expression .) ]
  ! DEAD_HEAT       [ reduce using rule 79 (expression -> expression BOTH_TYRES expression .) ]
  ! OUTLAP          [ reduce using rule 79 (expression -> expression BOTH_TYRES expression .) ]
  ! UNDERCUT        [ reduce using rule 79 (expression -> expression BOTH_TYRES expression .) ]
  ! OVERCUT         [ reduce using rule 79 (expression -> expression BOTH_TYRES expression .) ]
  ! UNDEREQ         [ reduce using rule 79 (expression -> expression BOTH_TYRES expression .) ]
  ! OVEREQ          [ reduce using rule 79 (expression -> expression BOTH_TYRES expression .) ]
  ! BOTH_TYRES      [ shift and go to state 96 ]
  ! EITHER_TYRE     [ shift and go to state 97 ]
  ! SAFETY          [ shift and go to state 98 ]
  ! OVERTAKE        [ shift and go to state 99 ]


state 146

    (80) expression -> expression EITHER_TYRE expression .
    (68) expression -> expression . TOW expression
    (69) expression -> expression . GAP expression
    (70) expression -> expression . ERS expression
    (71) expression -> expression . STINT expression
    (72) expression -> expression . FUEL_DELTA expression
    (73) expression -> expression . DEAD_HEAT expression
    (74) expression -> expression . OUTLAP expression
    (75) expression -> expression . UNDERCUT expression
    (76) expression -> expression . OVERCUT expression
    (77) expression -> expression . UNDEREQ expression
    (78) expression -> expression . OVEREQ expression
    (79) expression -> expression . BOTH_TYRES expression
    (80) expression -> expression . EITHER_TYRE expression
    (81) expression -> expression . SAFETY expression
    (82) expression -> expression . OVERTAKE expression

    STOP            reduce using rule 80 (expression -> expression EITHER_TYRE expression .)
    EITHER_TYRE     reduce using rule 80 (expression -> expression EITHER_TYRE expression .)
    OVERTAKE        reduce using rule 80 (expression -> expression EITHER_TYRE expression .)
    APEX            reduce using rule 80 (expression -> expression EITHER_TYRE expression .)
    ALSO            reduce using rule 80 (expression -> expression EITHER_TYRE expression .)
    MARSHALL        reduce using rule 80 (expression -> expression EITHER_TYRE expression .)
    TOW             shift and go to state 85
    GAP             shift and go to state 86
    ERS             shift and go to state 87
    STINT           shift and go to state 88
    FUEL_DELTA      shift and go to state 89
    DEAD_HEAT       shift and go to state 90
    OUTLAP          shift and go to state 91
    UNDERCUT        shift and go to state 92
    OVERCUT         shift and go to state 93
    UNDEREQ         shift and go to state 94
    OVEREQ          shift and go to state 95
    BOTH_TYRES      shift and go to state 96
    SAFETY          shift and go to state 98

  ! TOW             [ reduce using rule 80 (expression -> expression EITHER_TYRE expression .) ]
  ! GAP             [ reduce using rule 80 (expression -> expression EITHER_TYRE expression .) ]
  ! ERS             [ reduce using rule 80 (expression -> expression EITHER_TYRE expression .) ]
  ! STINT           [ reduce using rule 80 (expression -> expression EITHER_TYRE expression .) ]
  ! FUEL_DELTA      [ reduce using rule 80 (expression -> expression EITHER_TYRE expression .) ]
  ! DEAD_HEAT       [ reduce using rule 80 (expression -> expression EITHER_TYRE expression .) ]
  ! OUTLAP          [ reduce using rule 80 (expression -> expression EITHER_TYRE expression .) ]
  ! UNDERCUT        [ reduce using rule 80 (expression -> expression EITHER_TYRE expression .) ]
  ! OVERCUT         [ reduce using rule 80 (expression -> expression EITHER_TYRE expression .) ]
  ! UNDEREQ         [ reduce using rule 80 (expression -> expression EITHER_TYRE expression .) ]
  ! OVEREQ          [ reduce using rule 80 (expression -> expression EITHER_TYRE expression .) ]
  ! BOTH_TYRES      [ reduce using rule 80 (expression -> expression EITHER_TYRE expression .) ]
  ! SAFETY          [ reduce using rule 80 (expression -> expression EITHER_TYRE expression .) ]
  ! EITHER_TYRE     [ shift and go to state 97 ]
  ! OVERTAKE        [ shift and go to state 99 ]


state 147

    (81) expression -> expression SAFETY expression .
    (68) expression -> expression . TOW expression
    (69) expression -> expression . GAP expression
    (70) expression -> expression . ERS expression
    (71) expression -> expression . STINT expression
    (72) expression -> expression . FUEL_DELTA expression
    (73) expression -> expression . DEAD_HEAT expression
    (74) expression -> expression . OUTLAP expression
    (75) expression -> expression . UNDERCUT expression
    (76) expression -> expression . OVERCUT expression
    (77) expression -> expression . UNDEREQ expression
    (78) expression -> expression . OVEREQ expression
    (79) expression -> expression . BOTH_TYRES expression
    (80) expression -> expression . EITHER_TYRE expression
    (81) expression -> expression . SAFETY expression
    (82) expression -> expression . OVERTAKE expression

    STOP            reduce using rule 81 (expression -> expression SAFETY expression .)
    BOTH_TYRES      reduce using rule 81 (expression -> expression SAFETY expression .)
    EITHER_TYRE     reduce using rule 81 (expression -> expression SAFETY expression .)
    SAFETY          reduce using rule 81 (expression -> expression SAFETY expression .)
    OVERTAKE        reduce using rule 81 (expression -> expression SAFETY expression .)
    APEX            reduce using rule 81 (expression -> expression SAFETY expression .)
    ALSO            reduce using rule 81 (expression -> expression SAFETY expression .)
    MARSHALL        reduce using rule 81 (expression -> expression SAFETY expression .)
    TOW             shift and go to state 85
    GAP             shift and go to state 86
    ERS             shift and go to state 87
    STINT           shift and go to state 88
    FUEL_DELTA      shift and go to state 89
    DEAD_HEAT       shift and go to state 90
    OUTLAP          shift and go to state 91
    UNDERCUT        shift and go to state 92
    OVERCUT         shift and go to state 93
    UNDEREQ         shift and go to state 94
    OVEREQ          shift and go to state 95

  ! TOW             [ reduce using rule 81 (expression -> expression SAFETY expression .) ]
  ! GAP             [ reduce using rule 81 (expression -> expression SAFETY expression .) ]
  ! ERS             [ reduce using rule 81 (expression -> expression SAFETY expression .) ]
  ! STINT           [ reduce using rule 81 (expression -> expression SAFETY expression .) ]
  ! FUEL_DELTA      [ reduce using rule 81 (expression -> expression SAFETY expression .) ]
  ! DEAD_HEAT       [ reduce using rule 81 (expression -> expression SAFETY expression .) ]
  ! OUTLAP          [ reduce using rule 81 (expression -> expression SAFETY expression .) ]
  ! UNDERCUT        [ reduce using rule 81 (expression -> expression SAFETY expression .) ]
  ! OVERCUT         [ reduce using rule 81 (expression -> expression SAFETY expression .) ]
  ! UNDEREQ         [ reduce using rule 81 (expression -> expression SAFETY expression .) ]
  ! OVEREQ          [ reduce using rule 81 (expression -> expression SAFETY expression .) ]
  ! BOTH_TYRES      [ shift and go to state 96 ]
  ! EITHER_TYRE     [ shift and go to state 97 ]
  ! SAFETY          [ shift and go to state 98 ]
  ! OVERTAKE        [ shift and go to state 99 ]


state 148

    (82) expression -> expression OVERTAKE expression .
    (68) expression -> expression . TOW expression
    (69) expression -> expression . GAP expression
    (70) expression -> expression . ERS expression
    (71) expression -> expression . STINT expression
    (72) expression -> expression . FUEL_DELTA expression
    (73) expression -> expression . DEAD_HEAT expression
    (74) expression -> expression . OUTLAP expression
    (75) expression -> expression . UNDERCUT expression
    (76) expression -> expression . OVERCUT expression
    (77) expression -> expression . UNDEREQ expression
    (78) expression -> expression . OVEREQ expression
    (79) expression -> expression . BOTH_TYRES expression
    (80) expression -> expression . EITHER_TYRE expression
    (81) expression -> expression . SAFETY expression
    (82) expression -> expression . OVERTAKE expression

    STOP            reduce using rule 82 (expression -> expression OVERTAKE expression .)
    EITHER_TYRE     reduce using rule 82 (expression -> expression OVERTAKE expression .)
    OVERTAKE        reduce using rule 82 (expression -> expression OVERTAKE expression .)
    APEX            reduce using rule 82 (expression -> expression OVERTAKE expression .)
    ALSO            reduce using rule 82 (expression -> expression OVERTAKE expression .)
    MARSHALL        reduce using rule 82 (expression -> expression OVERTAKE expression .)
    TOW             shift and go to state 85
    GAP             shift and go to state 86
    ERS             shift and go to state 87
    STINT           shift and go to state 88
    FUEL_DELTA      shift and go to state 89
    DEAD_HEAT       shift and go to state 90
    OUTLAP          shift and go to state 91
    UNDERCUT        shift and go to state 92
    OVERCUT         shift and go to state 93
    UNDEREQ         shift and go to state 94
    OVEREQ          shift and go to state 95
    BOTH_TYRES      shift and go to state 96
    SAFETY          shift and go to state 98

  ! TOW             [ reduce using rule 82 (expression -> expression OVERTAKE expression .) ]
  ! GAP             [ reduce using rule 82 (expression -> expression OVERTAKE expression .) ]
  ! ERS             [ reduce using rule 82 (expression -> expression OVERTAKE expression .) ]
  ! STINT           [ reduce using rule 82 (expression -> expression OVERTAKE expression .) ]
  ! FUEL_DELTA      [ reduce using rule 82 (expression -> expression OVERTAKE expression .) ]
  ! DEAD_HEAT       [ reduce using rule 82 (expression -> expression OVERTAKE expression .) ]
  ! OUTLAP          [ reduce using rule 82 (expression -> expression OVERTAKE expression .) ]
  ! UNDERCUT        [ reduce using rule 82 (expression -> expression OVERTAKE expression .) ]
  ! OVERCUT         [ reduce using rule 82 (expression -> expression OVERTAKE expression .) ]
  ! UNDEREQ         [ reduce using rule 82 (expression -> expression OVERTAKE expression .) ]
  ! OVEREQ          [ reduce using rule 82 (expression -> expression OVERTAKE expression .) ]
  ! BOTH_TYRES      [ reduce using rule 82 (expression -> expression OVERTAKE expression .) ]
  ! SAFETY          [ reduce using rule 82 (expression -> expression OVERTAKE expression .) ]
  ! EITHER_TYRE     [ shift and go to state 97 ]
  ! OVERTAKE        [ shift and go to state 99 ]


state 149

    (29) declaration -> VSC type_specifier ID . SETUP expression STOP

    SETUP           shift and go to state 173


state 150

    (43) selection_statement -> STRATEGY_CHECK CORNER expression . APEX compound_statement
    (44) selection_statement -> STRATEGY_CHECK CORNER expression . APEX compound_statement STAY_OUT compound_statement
    (45) selection_statement -> STRATEGY_CHECK CORNER expression . APEX compound_statement STAY_OUT selection_statement
    (68) expression -> expression . TOW expression
    (69) expression -> expression . GAP expression
    (70) expression -> expression . ERS expression
    (71) expression -> expression . STINT expression
    (72) expression -> expression . FUEL_DELTA expression
    (73) expression -> expression . DEAD_HEAT expression
    (74) expression -> expression . OUTLAP expression
    (75) expression -> expression . UNDERCUT expression
    (76) expression -> expression . OVERCUT expression
    (77) expression -> expression . UNDEREQ expression
    (78) expression -> expression . OVEREQ expression
    (79) expression -> expression . BOTH_TYRES expression
    (80) expression -> expression . EITHER_TYRE expression
    (81) expression -> expression . SAFETY expression
    (82) expression -> expression . OVERTAKE expression

    APEX            shift and go to state 174
    TOW             shift and go to state 85
    GAP             shift and go to state 86
    ERS             shift and go to state 87
    STINT           shift and go to state 88
    FUEL_DELTA      shift and go to state 89
    DEAD_HEAT       shift and go to state 90
    OUTLAP          shift and go to state 91
    UNDERCUT        shift and go to state 92
    OVERCUT         shift and go to state 93
    UNDEREQ         shift and go to state 94
    OVEREQ          shift and go to state 95
    BOTH_TYRES      shift and go to state 96
    EITHER_TYRE     shift and go to state 97
    SAFETY          shift and go to state 98
    OVERTAKE        shift and go to state 99


state 151

    (86) expression -> CORNER expression APEX .

    STOP            reduce using rule 86 (expression -> CORNER expression APEX .)
    TOW             reduce using rule 86 (expression -> CORNER expression APEX .)
    GAP             reduce using rule 86 (expression -> CORNER expression APEX .)
    ERS             reduce using rule 86 (expression -> CORNER expression APEX .)
    STINT           reduce using rule 86 (expression -> CORNER expression APEX .)
    FUEL_DELTA      reduce using rule 86 (expression -> CORNER expression APEX .)
    DEAD_HEAT       reduce using rule 86 (expression -> CORNER expression APEX .)
    OUTLAP          reduce using rule 86 (expression -> CORNER expression APEX .)
    UNDERCUT        reduce using rule 86 (expression -> CORNER expression APEX .)
    OVERCUT         reduce using rule 86 (expression -> CORNER expression APEX .)
    UNDEREQ         reduce using rule 86 (expression -> CORNER expression APEX .)
    OVEREQ          reduce using rule 86 (expression -> CORNER expression APEX .)
    BOTH_TYRES      reduce using rule 86 (expression -> CORNER expression APEX .)
    EITHER_TYRE     reduce using rule 86 (expression -> CORNER expression APEX .)
    SAFETY          reduce using rule 86 (expression -> CORNER expression APEX .)
    OVERTAKE        reduce using rule 86 (expression -> CORNER expression APEX .)
    APEX            reduce using rule 86 (expression -> CORNER expression APEX .)
    ALSO            reduce using rule 86 (expression -> CORNER expression APEX .)
    MARSHALL        reduce using rule 86 (expression -> CORNER expression APEX .)


state 152

    (46) selection_statement -> GAP_CHECK CORNER expression . APEX GARAGE case_list READY
    (68) expression -> expression . TOW expression
    (69) expression -> expression . GAP expression
    (70) expression -> expression . ERS expression
    (71) expression -> expression . STINT expression
    (72) expression -> expression . FUEL_DELTA expression
    (73) expression -> expression . DEAD_HEAT expression
    (74) expression -> expression . OUTLAP expression
    (75) expression -> expression . UNDERCUT expression
    (76) expression -> expression . OVERCUT expression
    (77) expression -> expression . UNDEREQ expression
    (78) expression -> expression . OVEREQ expression
    (79) expression -> expression . BOTH_TYRES expression
    (80) expression -> expression . EITHER_TYRE expression
    (81) expression -> expression . SAFETY expression
    (82) expression -> expression . OVERTAKE expression

    APEX            shift and go to state 175
    TOW             shift and go to state 85
    GAP             shift and go to state 86
    ERS             shift and go to state 87
    STINT           shift and go to state 88
    FUEL_DELTA      shift and go to state 89
    DEAD_HEAT       shift and go to state 90
    OUTLAP          shift and go to state 91
    UNDERCUT        shift and go to state 92
    OVERCUT         shift and go to state 93
    UNDEREQ         shift and go to state 94
    OVEREQ          shift and go to state 95
    BOTH_TYRES      shift and go to state 96
    EITHER_TYRE     shift and go to state 97
    SAFETY          shift and go to state 98
    OVERTAKE        shift and go to state 99


state 153

    (47) selection_statement -> PITWALL CORNER expression . APEX GARAGE case_list READY
    (68) expression -> expression . TOW expression
    (69) expression -> expression . GAP expression
    (70) expression -> expression . ERS expression
    (71) expression -> expression . STINT expression
    (72) expression -> expression . FUEL_DELTA expression
    (73) expression -> expression . DEAD_HEAT expression
    (74) expression -> expression . OUTLAP expression
    (75) expression -> expression . UNDERCUT expression
    (76) expression -> expression . OVERCUT expression
    (77) expression -> expression . UNDEREQ expression
    (78) expression -> expression . OVEREQ expression
    (79) expression -> expression . BOTH_TYRES expression
    (80) expression -> expression . EITHER_TYRE expression
    (81) expression -> expression . SAFETY expression
    (82) expression -> expression . OVERTAKE expression

    APEX            shift and go to state 176
    TOW             shift and go to state 85
    GAP             shift and go to state 86
    ERS             shift and go to state 87
    STINT           shift and go to state 88
    FUEL_DELTA      shift and go to state 89
    DEAD_HEAT       shift and go to state 90
    OUTLAP          shift and go to state 91
    UNDERCUT        shift and go to state 92
    OVERCUT         shift and go to state 93
    UNDEREQ         shift and go to state 94
    OVEREQ          shift and go to state 95
    BOTH_TYRES      shift and go to state 96
    EITHER_TYRE     shift and go to state 97
    SAFETY          shift and go to state 98
    OVERTAKE        shift and go to state 99


state 154

    (52) iteration_statement -> PUSH CORNER expression . APEX compound_statement
    (68) expression -> expression . TOW expression
    (69) expression -> expression . GAP expression
    (70) expression -> expression . ERS expression
    (71) expression -> expression . STINT expression
    (72) expression -> expression . FUEL_DELTA expression
    (73) expression -> expression . DEAD_HEAT expression
    (74) expression -> expression . OUTLAP expression
    (75) expression -> expression . UNDERCUT expression
    (76) expression -> expression . OVERCUT expression
    (77) expression -> expression . UNDEREQ expression
    (78) expression -> expression . OVEREQ expression
    (79) expression -> expression . BOTH_TYRES expression
    (80) expression -> expression . EITHER_TYRE expression
    (81) expression -> expression . SAFETY expression
    (82) expression -> expression . OVERTAKE expression

    APEX            shift and go to state 177
    TOW             shift and go to state 85
    GAP             shift and go to state 86
    ERS             shift and go to state 87
    STINT           shift and go to state 88
    FUEL_DELTA      shift and go to state 89
    DEAD_HEAT       shift and go to state 90
    OUTLAP          shift and go to state 91
    UNDERCUT        shift and go to state 92
    OVERCUT         shift and go to state 93
    UNDEREQ         shift and go to state 94
    OVEREQ          shift and go to state 95
    BOTH_TYRES      shift and go to state 96
    EITHER_TYRE     shift and go to state 97
    SAFETY          shift and go to state 98
    OVERTAKE        shift and go to state 99


state 155

    (53) iteration_statement -> BOX compound_statement PUSH . CORNER expression APEX STOP

    CORNER          shift and go to state 178


state 156

    (54) iteration_statement -> FORMATION_LAP CORNER for_init . expression for_semi expression APEX compound_statement
    (55) iteration_statement -> FORMATION_LAP CORNER for_init . expression for_semi APEX compound_statement
    (68) expression -> . expression TOW expression
    (69) expression -> . expression GAP expression
    (70) expression -> . expression ERS expression
    (71) expression -> . expression STINT expression
    (72) expression -> . expression FUEL_DELTA expression
    (73) expression -> . expression DEAD_HEAT expression
    (74) expression -> . expression OUTLAP expression
    (75) expression -> . expression UNDERCUT expression
    (76) expression -> . expression OVERCUT expression
    (77) expression -> . expression UNDEREQ expression
    (78) expression -> . expression OVEREQ expression
    (79) expression -> . expression BOTH_TYRES expression
    (80) expression -> . expression EITHER_TYRE expression
    (81) expression -> . expression SAFETY expression
    (82) expression -> . expression OVERTAKE expression
    (83) expression -> . GAP expression
    (84) expression -> . REVERSE_GRID expression
    (85) expression -> . REVERSE expression
    (86) expression -> . CORNER expression APEX
    (87) expression -> . ID SETUP expression
    (88) expression -> . ID PITSTOW expression
    (89) expression -> . ID PITGAP expression
    (90) expression -> . ID PITERS expression
    (91) expression -> . ID PITSTINT expression
    (92) expression -> . ID FASTLAP
    (93) expression -> . ID DEGRADATION
    (94) expression -> . SLIPSTREAM expression
    (95) expression -> . POSITION expression
    (96) expression -> . ID CORNER argument_list APEX
    (97) expression -> . ID CORNER APEX
    (100) expression -> . ID
    (101) expression -> . INT_LITERAL
    (102) expression -> . FLOAT_LITERAL
    (103) expression -> . STRING_LITERAL
    (104) expression -> . CHAR_LITERAL
    (105) expression -> . GREEN_LIGHT
    (106) expression -> . RED_LIGHT
    (107) expression -> . DNF

    GAP             shift and go to state 52
    REVERSE_GRID    shift and go to state 53
    REVERSE         shift and go to state 54
    CORNER          shift and go to state 40
    ID              shift and go to state 29
    SLIPSTREAM      shift and go to state 55
    POSITION        shift and go to state 56
    INT_LITERAL     shift and go to state 57
    FLOAT_LITERAL   shift and go to state 58
    STRING_LITERAL  shift and go to state 59
    CHAR_LITERAL    shift and go to state 60
    GREEN_LIGHT     shift and go to state 61
    RED_LIGHT       shift and go to state 62
    DNF             shift and go to state 63

    expression                     shift and go to state 179

state 157

    (59) for_init -> expression . for_semi
    (68) expression -> expression . TOW expression
    (69) expression -> expression . GAP expression
    (70) expression -> expression . ERS expression
    (71) expression -> expression . STINT expression
    (72) expression -> expression . FUEL_DELTA expression
    (73) expression -> expression . DEAD_HEAT expression
    (74) expression -> expression . OUTLAP expression
    (75) expression -> expression . UNDERCUT expression
    (76) expression -> expression . OVERCUT expression
    (77) expression -> expression . UNDEREQ expression
    (78) expression -> expression . OVEREQ expression
    (79) expression -> expression . BOTH_TYRES expression
    (80) expression -> expression . EITHER_TYRE expression
    (81) expression -> expression . SAFETY expression
    (82) expression -> expression . OVERTAKE expression
    (57) for_semi -> . STOP

    TOW             shift and go to state 85
    GAP             shift and go to state 86
    ERS             shift and go to state 87
    STINT           shift and go to state 88
    FUEL_DELTA      shift and go to state 89
    DEAD_HEAT       shift and go to state 90
    OUTLAP          shift and go to state 91
    UNDERCUT        shift and go to state 92
    OVERCUT         shift and go to state 93
    UNDEREQ         shift and go to state 94
    OVEREQ          shift and go to state 95
    BOTH_TYRES      shift and go to state 96
    EITHER_TYRE     shift and go to state 97
    SAFETY          shift and go to state 98
    OVERTAKE        shift and go to state 99
    STOP            shift and go to state 160

    for_semi                       shift and go to state 180

state 158

    (56) iteration_statement -> FORMATION_LAP CORNER for_semi . for_semi APEX compound_statement
    (60) for_init -> for_semi .
    (57) for_semi -> . STOP

    GAP             reduce using rule 60 (for_init -> for_semi .)
    REVERSE_GRID    reduce using rule 60 (for_init -> for_semi .)
    REVERSE         reduce using rule 60 (for_init -> for_semi .)
    CORNER          reduce using rule 60 (for_init -> for_semi .)
    ID              reduce using rule 60 (for_init -> for_semi .)
    SLIPSTREAM      reduce using rule 60 (for_init -> for_semi .)
    POSITION        reduce using rule 60 (for_init -> for_semi .)
    INT_LITERAL     reduce using rule 60 (for_init -> for_semi .)
    FLOAT_LITERAL   reduce using rule 60 (for_init -> for_semi .)
    STRING_LITERAL  reduce using rule 60 (for_init -> for_semi .)
    CHAR_LITERAL    reduce using rule 60 (for_init -> for_semi .)
    GREEN_LIGHT     reduce using rule 60 (for_init -> for_semi .)
    RED_LIGHT       reduce using rule 60 (for_init -> for_semi .)
    DNF             reduce using rule 60 (for_init -> for_semi .)
    STOP            shift and go to state 160

    for_semi                       shift and go to state 181

state 159

    (58) for_init -> type_specifier . ID SETUP expression for_semi

    ID              shift and go to state 182


state 160

    (57) for_semi -> STOP .

    STOP            reduce using rule 57 (for_semi -> STOP .)
    GAP             reduce using rule 57 (for_semi -> STOP .)
    REVERSE_GRID    reduce using rule 57 (for_semi -> STOP .)
    REVERSE         reduce using rule 57 (for_semi -> STOP .)
    CORNER          reduce using rule 57 (for_semi -> STOP .)
    ID              reduce using rule 57 (for_semi -> STOP .)
    SLIPSTREAM      reduce using rule 57 (for_semi -> STOP .)
    POSITION        reduce using rule 57 (for_semi -> STOP .)
    INT_LITERAL     reduce using rule 57 (for_semi -> STOP .)
    FLOAT_LITERAL   reduce using rule 57 (for_semi -> STOP .)
    STRING_LITERAL  reduce using rule 57 (for_semi -> STOP .)
    CHAR_LITERAL    reduce using rule 57 (for_semi -> STOP .)
    GREEN_LIGHT     reduce using rule 57 (for_semi -> STOP .)
    RED_LIGHT       reduce using rule 57 (for_semi -> STOP .)
    DNF             reduce using rule 57 (for_semi -> STOP .)
    APEX            reduce using rule 57 (for_semi -> STOP .)


state 161

    (61) jump_statement -> PODIO expression STOP .

    READY           reduce using rule 61 (jump_statement -> PODIO expression STOP .)
    error           reduce using rule 61 (jump_statement -> PODIO expression STOP .)
    VSC             reduce using rule 61 (jump_statement -> PODIO expression STOP .)
    LAP             reduce using rule 61 (jump_statement -> PODIO expression STOP .)
    SPLIT           reduce using rule 61 (jump_statement -> PODIO expression STOP .)
    PITBOARD        reduce using rule 61 (jump_statement -> PODIO expression STOP .)
    YELLOW_FLAG     reduce using rule 61 (jump_statement -> PODIO expression STOP .)
    RADIO           reduce using rule 61 (jump_statement -> PODIO expression STOP .)
    STOP            reduce using rule 61 (jump_statement -> PODIO expression STOP .)
    GARAGE          reduce using rule 61 (jump_statement -> PODIO expression STOP .)
    STRATEGY_CHECK  reduce using rule 61 (jump_statement -> PODIO expression STOP .)
    GAP_CHECK       reduce using rule 61 (jump_statement -> PODIO expression STOP .)
    PITWALL         reduce using rule 61 (jump_statement -> PODIO expression STOP .)
    PUSH            reduce using rule 61 (jump_statement -> PODIO expression STOP .)
    BOX             reduce using rule 61 (jump_statement -> PODIO expression STOP .)
    FORMATION_LAP   reduce using rule 61 (jump_statement -> PODIO expression STOP .)
    PODIO           reduce using rule 61 (jump_statement -> PODIO expression STOP .)
    BOX_BOX         reduce using rule 61 (jump_statement -> PODIO expression STOP .)
    DRS             reduce using rule 61 (jump_statement -> PODIO expression STOP .)
    BROADCAST       reduce using rule 61 (jump_statement -> PODIO expression STOP .)
    TELEMETRY       reduce using rule 61 (jump_statement -> PODIO expression STOP .)
    CHECKERED_FLAG  reduce using rule 61 (jump_statement -> PODIO expression STOP .)
    GAP             reduce using rule 61 (jump_statement -> PODIO expression STOP .)
    REVERSE_GRID    reduce using rule 61 (jump_statement -> PODIO expression STOP .)
    REVERSE         reduce using rule 61 (jump_statement -> PODIO expression STOP .)
    CORNER          reduce using rule 61 (jump_statement -> PODIO expression STOP .)
    ID              reduce using rule 61 (jump_statement -> PODIO expression STOP .)
    SLIPSTREAM      reduce using rule 61 (jump_statement -> PODIO expression STOP .)
    POSITION        reduce using rule 61 (jump_statement -> PODIO expression STOP .)
    INT_LITERAL     reduce using rule 61 (jump_statement -> PODIO expression STOP .)
    FLOAT_LITERAL   reduce using rule 61 (jump_statement -> PODIO expression STOP .)
    STRING_LITERAL  reduce using rule 61 (jump_statement -> PODIO expression STOP .)
    CHAR_LITERAL    reduce using rule 61 (jump_statement -> PODIO expression STOP .)
    GREEN_LIGHT     reduce using rule 61 (jump_statement -> PODIO expression STOP .)
    RED_LIGHT       reduce using rule 61 (jump_statement -> PODIO expression STOP .)
    DNF             reduce using rule 61 (jump_statement -> PODIO expression STOP .)
    SECTOR          reduce using rule 61 (jump_statement -> PODIO expression STOP .)
    NO_DATA         reduce using rule 61 (jump_statement -> PODIO expression STOP .)


state 162

    (65) io_statement -> BROADCAST CORNER expression . APEX STOP
    (68) expression -> expression . TOW expression
    (69) expression -> expression . GAP expression
    (70) expression -> expression . ERS expression
    (71) expression -> expression . STINT expression
    (72) expression -> expression . FUEL_DELTA expression
    (73) expression -> expression . DEAD_HEAT expression
    (74) expression -> expression . OUTLAP expression
    (75) expression -> expression . UNDERCUT expression
    (76) expression -> expression . OVERCUT expression
    (77) expression -> expression . UNDEREQ expression
    (78) expression -> expression . OVEREQ expression
    (79) expression -> expression . BOTH_TYRES expression
    (80) expression -> expression . EITHER_TYRE expression
    (81) expression -> expression . SAFETY expression
    (82) expression -> expression . OVERTAKE expression

    APEX            shift and go to state 183
    TOW             shift and go to state 85
    GAP             shift and go to state 86
    ERS             shift and go to state 87
    STINT           shift and go to state 88
    FUEL_DELTA      shift and go to state 89
    DEAD_HEAT       shift and go to state 90
    OUTLAP          shift and go to state 91
    UNDERCUT        shift and go to state 92
    OVERCUT         shift and go to state 93
    UNDEREQ         shift and go to state 94
    OVEREQ          shift and go to state 95
    BOTH_TYRES      shift and go to state 96
    EITHER_TYRE     shift and go to state 97
    SAFETY          shift and go to state 98
    OVERTAKE        shift and go to state 99


state 163

    (66) io_statement -> TELEMETRY CORNER ID . APEX STOP

    APEX            shift and go to state 184


state 164

    (15) parameter_declaration -> type_specifier . ID

    ID              shift and go to state 185


state 165

    (9) function_definition -> STRATEGY type_specifier ID CORNER parameter_list . APEX compound_statement
    (14) parameter_list -> parameter_list . ALSO parameter_declaration

    APEX            shift and go to state 186
    ALSO            shift and go to state 187


state 166

    (10) function_definition -> STRATEGY type_specifier ID CORNER APEX . compound_statement
    (21) compound_statement -> . GARAGE block_item_list READY
    (22) compound_statement -> . GARAGE READY
    (40) compound_statement -> . GARAGE error READY

    GARAGE          shift and go to state 20

    compound_statement             shift and go to state 188

state 167

    (13) parameter_list -> parameter_declaration .

    APEX            reduce using rule 13 (parameter_list -> parameter_declaration .)
    ALSO            reduce using rule 13 (parameter_list -> parameter_declaration .)


state 168

    (11) function_definition -> STRATEGY NEUTRO ID CORNER parameter_list . APEX compound_statement
    (14) parameter_list -> parameter_list . ALSO parameter_declaration

    APEX            shift and go to state 189
    ALSO            shift and go to state 187


state 169

    (12) function_definition -> STRATEGY NEUTRO ID CORNER APEX . compound_statement
    (21) compound_statement -> . GARAGE block_item_list READY
    (22) compound_statement -> . GARAGE READY
    (40) compound_statement -> . GARAGE error READY

    GARAGE          shift and go to state 20

    compound_statement             shift and go to state 190

state 170

    (27) declaration -> type_specifier ID SETUP expression . STOP
    (68) expression -> expression . TOW expression
    (69) expression -> expression . GAP expression
    (70) expression -> expression . ERS expression
    (71) expression -> expression . STINT expression
    (72) expression -> expression . FUEL_DELTA expression
    (73) expression -> expression . DEAD_HEAT expression
    (74) expression -> expression . OUTLAP expression
    (75) expression -> expression . UNDERCUT expression
    (76) expression -> expression . OVERCUT expression
    (77) expression -> expression . UNDEREQ expression
    (78) expression -> expression . OVEREQ expression
    (79) expression -> expression . BOTH_TYRES expression
    (80) expression -> expression . EITHER_TYRE expression
    (81) expression -> expression . SAFETY expression
    (82) expression -> expression . OVERTAKE expression

    STOP            shift and go to state 191
    TOW             shift and go to state 85
    GAP             shift and go to state 86
    ERS             shift and go to state 87
    STINT           shift and go to state 88
    FUEL_DELTA      shift and go to state 89
    DEAD_HEAT       shift and go to state 90
    OUTLAP          shift and go to state 91
    UNDERCUT        shift and go to state 92
    OVERCUT         shift and go to state 93
    UNDEREQ         shift and go to state 94
    OVEREQ          shift and go to state 95
    BOTH_TYRES      shift and go to state 96
    EITHER_TYRE     shift and go to state 97
    SAFETY          shift and go to state 98
    OVERTAKE        shift and go to state 99


state 171

    (96) expression -> ID CORNER argument_list APEX .

    STOP            reduce using rule 96 (expression -> ID CORNER argument_list APEX .)
    TOW             reduce using rule 96 (expression -> ID CORNER argument_list APEX .)
    GAP             reduce using rule 96 (expression -> ID CORNER argument_list APEX .)
    ERS             reduce using rule 96 (expression -> ID CORNER argument_list APEX .)
    STINT           reduce using rule 96 (expression -> ID CORNER argument_list APEX .)
    FUEL_DELTA      reduce using rule 96 (expression -> ID CORNER argument_list APEX .)
    DEAD_HEAT       reduce using rule 96 (expression -> ID CORNER argument_list APEX .)
    OUTLAP          reduce using rule 96 (expression -> ID CORNER argument_list APEX .)
    UNDERCUT        reduce using rule 96 (expression -> ID CORNER argument_list APEX .)
    OVERCUT         reduce using rule 96 (expression -> ID CORNER argument_list APEX .)
    UNDEREQ         reduce using rule 96 (expression -> ID CORNER argument_list APEX .)
    OVEREQ          reduce using rule 96 (expression -> ID CORNER argument_list APEX .)
    BOTH_TYRES      reduce using rule 96 (expression -> ID CORNER argument_list APEX .)
    EITHER_TYRE     reduce using rule 96 (expression -> ID CORNER argument_list APEX .)
    SAFETY          reduce using rule 96 (expression -> ID CORNER argument_list APEX .)
    OVERTAKE        reduce using rule 96 (expression -> ID CORNER argument_list APEX .)
    APEX            reduce using rule 96 (expression -> ID CORNER argument_list APEX .)
    ALSO            reduce using rule 96 (expression -> ID CORNER argument_list APEX .)
    MARSHALL        reduce using rule 96 (expression -> ID CORNER argument_list APEX .)


state 172

    (99) argument_list -> argument_list ALSO . expression
    (68) expression -> . expression TOW expression
    (69) expression -> . expression GAP expression
    (70) expression -> . expression ERS expression
    (71) expression -> . expression STINT expression
    (72) expression -> . expression FUEL_DELTA expression
    (73) expression -> . expression DEAD_HEAT expression
    (74) expression -> . expression OUTLAP expression
    (75) expression -> . expression UNDERCUT expression
    (76) expression -> . expression OVERCUT expression
    (77) expression -> . expression UNDEREQ expression
    (78) expression -> . expression OVEREQ expression
    (79) expression -> . expression BOTH_TYRES expression
    (80) expression -> . expression EITHER_TYRE expression
    (81) expression -> . expression SAFETY expression
    (82) expression -> . expression OVERTAKE expression
    (83) expression -> . GAP expression
    (84) expression -> . REVERSE_GRID expression
    (85) expression -> . REVERSE expression
    (86) expression -> . CORNER expression APEX
    (87) expression -> . ID SETUP expression
    (88) expression -> . ID PITSTOW expression
    (89) expression -> . ID PITGAP expression
    (90) expression -> . ID PITERS expression
    (91) expression -> . ID PITSTINT expression
    (92) expression -> . ID FASTLAP
    (93) expression -> . ID DEGRADATION
    (94) expression -> . SLIPSTREAM expression
    (95) expression -> . POSITION expression
    (96) expression -> . ID CORNER argument_list APEX
    (97) expression -> . ID CORNER APEX
    (100) expression -> . ID
    (101) expression -> . INT_LITERAL
    (102) expression -> . FLOAT_LITERAL
    (103) expression -> . STRING_LITERAL
    (104) expression -> . CHAR_LITERAL
    (105) expression -> . GREEN_LIGHT
    (106) expression -> . RED_LIGHT
    (107) expression -> . DNF

    GAP             shift and go to state 52
    REVERSE_GRID    shift and go to state 53
    REVERSE         shift and go to state 54
    CORNER          shift and go to state 40
    ID              shift and go to state 29
    SLIPSTREAM      shift and go to state 55
    POSITION        shift and go to state 56
    INT_LITERAL     shift and go to state 57
    FLOAT_LITERAL   shift and go to state 58
    STRING_LITERAL  shift and go to state 59
    CHAR_LITERAL    shift and go to state 60
    GREEN_LIGHT     shift and go to state 61
    RED_LIGHT       shift and go to state 62
    DNF             shift and go to state 63

    expression                     shift and go to state 192

state 173

    (29) declaration -> VSC type_specifier ID SETUP . expression STOP
    (68) expression -> . expression TOW expression
    (69) expression -> . expression GAP expression
    (70) expression -> . expression ERS expression
    (71) expression -> . expression STINT expression
    (72) expression -> . expression FUEL_DELTA expression
    (73) expression -> . expression DEAD_HEAT expression
    (74) expression -> . expression OUTLAP expression
    (75) expression -> . expression UNDERCUT expression
    (76) expression -> . expression OVERCUT expression
    (77) expression -> . expression UNDEREQ expression
    (78) expression -> . expression OVEREQ expression
    (79) expression -> . expression BOTH_TYRES expression
    (80) expression -> . expression EITHER_TYRE expression
    (81) expression -> . expression SAFETY expression
    (82) expression -> . expression OVERTAKE expression
    (83) expression -> . GAP expression
    (84) expression -> . REVERSE_GRID expression
    (85) expression -> . REVERSE expression
    (86) expression -> . CORNER expression APEX
    (87) expression -> . ID SETUP expression
    (88) expression -> . ID PITSTOW expression
    (89) expression -> . ID PITGAP expression
    (90) expression -> . ID PITERS expression
    (91) expression -> . ID PITSTINT expression
    (92) expression -> . ID FASTLAP
    (93) expression -> . ID DEGRADATION
    (94) expression -> . SLIPSTREAM expression
    (95) expression -> . POSITION expression
    (96) expression -> . ID CORNER argument_list APEX
    (97) expression -> . ID CORNER APEX
    (100) expression -> . ID
    (101) expression -> . INT_LITERAL
    (102) expression -> . FLOAT_LITERAL
    (103) expression -> . STRING_LITERAL
    (104) expression -> . CHAR_LITERAL
    (105) expression -> . GREEN_LIGHT
    (106) expression -> . RED_LIGHT
    (107) expression -> . DNF

    GAP             shift and go to state 52
    REVERSE_GRID    shift and go to state 53
    REVERSE         shift and go to state 54
    CORNER          shift and go to state 40
    ID              shift and go to state 29
    SLIPSTREAM      shift and go to state 55
    POSITION        shift and go to state 56
    INT_LITERAL     shift and go to state 57
    FLOAT_LITERAL   shift and go to state 58
    STRING_LITERAL  shift and go to state 59
    CHAR_LITERAL    shift and go to state 60
    GREEN_LIGHT     shift and go to state 61
    RED_LIGHT       shift and go to state 62
    DNF             shift and go to state 63

    expression                     shift and go to state 193

state 174

    (43) selection_statement -> STRATEGY_CHECK CORNER expression APEX . compound_statement
    (44) selection_statement -> STRATEGY_CHECK CORNER expression APEX . compound_statement STAY_OUT compound_statement
    (45) selection_statement -> STRATEGY_CHECK CORNER expression APEX . compound_statement STAY_OUT selection_statement
    (21) compound_statement -> . GARAGE block_item_list READY
    (22) compound_statement -> . GARAGE READY
    (40) compound_statement -> . GARAGE error READY

    GARAGE          shift and go to state 20

    compound_statement             shift and go to state 194

state 175

    (46) selection_statement -> GAP_CHECK CORNER expression APEX . GARAGE case_list READY

    GARAGE          shift and go to state 195


state 176

    (47) selection_statement -> PITWALL CORNER expression APEX . GARAGE case_list READY

    GARAGE          shift and go to state 196


state 177

    (52) iteration_statement -> PUSH CORNER expression APEX . compound_statement
    (21) compound_statement -> . GARAGE block_item_list READY
    (22) compound_statement -> . GARAGE READY
    (40) compound_statement -> . GARAGE error READY

    GARAGE          shift and go to state 20

    compound_statement             shift and go to state 197

state 178

    (53) iteration_statement -> BOX compound_statement PUSH CORNER . expression APEX STOP
    (68) expression -> . expression TOW expression
    (69) expression -> . expression GAP expression
    (70) expression -> . expression ERS expression
    (71) expression -> . expression STINT expression
    (72) expression -> . expression FUEL_DELTA expression
    (73) expression -> . expression DEAD_HEAT expression
    (74) expression -> . expression OUTLAP expression
    (75) expression -> . expression UNDERCUT expression
    (76) expression -> . expression OVERCUT expression
    (77) expression -> . expression UNDEREQ expression
    (78) expression -> . expression OVEREQ expression
    (79) expression -> . expression BOTH_TYRES expression
    (80) expression -> . expression EITHER_TYRE expression
    (81) expression -> . expression SAFETY expression
    (82) expression -> . expression OVERTAKE expression
    (83) expression -> . GAP expression
    (84) expression -> . REVERSE_GRID expression
    (85) expression -> . REVERSE expression
    (86) expression -> . CORNER expression APEX
    (87) expression -> . ID SETUP expression
    (88) expression -> . ID PITSTOW expression
    (89) expression -> . ID PITGAP expression
    (90) expression -> . ID PITERS expression
    (91) expression -> . ID PITSTINT expression
    (92) expression -> . ID FASTLAP
    (93) expression -> . ID DEGRADATION
    (94) expression -> . SLIPSTREAM expression
    (95) expression -> . POSITION expression
    (96) expression -> . ID CORNER argument_list APEX
    (97) expression -> . ID CORNER APEX
    (100) expression -> . ID
    (101) expression -> . INT_LITERAL
    (102) expression -> . FLOAT_LITERAL
    (103) expression -> . STRING_LITERAL
    (104) expression -> . CHAR_LITERAL
    (105) expression -> . GREEN_LIGHT
    (106) expression -> . RED_LIGHT
    (107) expression -> . DNF

    GAP             shift and go to state 52
    REVERSE_GRID    shift and go to state 53
    REVERSE         shift and go to state 54
    CORNER          shift and go to state 40
    ID              shift and go to state 29
    SLIPSTREAM      shift and go to state 55
    POSITION        shift and go to state 56
    INT_LITERAL     shift and go to state 57
    FLOAT_LITERAL   shift and go to state 58
    STRING_LITERAL  shift and go to state 59
    CHAR_LITERAL    shift and go to state 60
    GREEN_LIGHT     shift and go to state 61
    RED_LIGHT       shift and go to state 62
    DNF             shift and go to state 63

    expression                     shift and go to state 198

state 179

    (54) iteration_statement -> FORMATION_LAP CORNER for_init expression . for_semi expression APEX compound_statement
    (55) iteration_statement -> FORMATION_LAP CORNER for_init expression . for_semi APEX compound_statement
    (68) expression -> expression . TOW expression
    (69) expression -> expression . GAP expression
    (70) expression -> expression . ERS expression
    (71) expression -> expression . STINT expression
    (72) expression -> expression . FUEL_DELTA expression
    (73) expression -> expression . DEAD_HEAT expression
    (74) expression -> expression . OUTLAP expression
    (75) expression -> expression . UNDERCUT expression
    (76) expression -> expression . OVERCUT expression
    (77) expression -> expression . UNDEREQ expression
    (78) expression -> expression . OVEREQ expression
    (79) expression -> expression . BOTH_TYRES expression
    (80) expression -> expression . EITHER_TYRE expression
    (81) expression -> expression . SAFETY expression
    (82) expression -> expression . OVERTAKE expression
    (57) for_semi -> . STOP

    TOW             shift and go to state 85
    GAP             shift and go to state 86
    ERS             shift and go to state 87
    STINT           shift and go to state 88
    FUEL_DELTA      shift and go to state 89
    DEAD_HEAT       shift and go to state 90
    OUTLAP          shift and go to state 91
    UNDERCUT        shift and go to state 92
    OVERCUT         shift and go to state 93
    UNDEREQ         shift and go to state 94
    OVEREQ          shift and go to state 95
    BOTH_TYRES      shift and go to state 96
    EITHER_TYRE     shift and go to state 97
    SAFETY          shift and go to state 98
    OVERTAKE        shift and go to state 99
    STOP            shift and go to state 160

    for_semi                       shift and go to state 199

state 180

    (59) for_init -> expression for_semi .

    GAP             reduce using rule 59 (for_init -> expression for_semi .)
    REVERSE_GRID    reduce using rule 59 (for_init -> expression for_semi .)
    REVERSE         reduce using rule 59 (for_init -> expression for_semi .)
    CORNER          reduce using rule 59 (for_init -> expression for_semi .)
    ID              reduce using rule 59 (for_init -> expression for_semi .)
    SLIPSTREAM      reduce using rule 59 (for_init -> expression for_semi .)
    POSITION        reduce using rule 59 (for_init -> expression for_semi .)
    INT_LITERAL     reduce using rule 59 (for_init -> expression for_semi .)
    FLOAT_LITERAL   reduce using rule 59 (for_init -> expression for_semi .)
    STRING_LITERAL  reduce using rule 59 (for_init -> expression for_semi .)
    CHAR_LITERAL    reduce using rule 59 (for_init -> expression for_semi .)
    GREEN_LIGHT     reduce using rule 59 (for_init -> expression for_semi .)
    RED_LIGHT       reduce using rule 59 (for_init -> expression for_semi .)
    DNF             reduce using rule 59 (for_init -> expression for_semi .)


state 181

    (56) iteration_statement -> FORMATION_LAP CORNER for_semi for_semi . APEX compound_statement

    APEX            shift and go to state 200


state 182

    (58) for_init -> type_specifier ID . SETUP expression for_semi

    SETUP           shift and go to state 201


state 183

    (65) io_statement -> BROADCAST CORNER expression APEX . STOP

    STOP            shift and go to state 202


state 184

    (66) io_statement -> TELEMETRY CORNER ID APEX . STOP

    STOP            shift and go to state 203


state 185

    (15) parameter_declaration -> type_specifier ID .

    APEX            reduce using rule 15 (parameter_declaration -> type_specifier ID .)
    ALSO            reduce using rule 15 (parameter_declaration -> type_specifier ID .)


state 186

    (9) function_definition -> STRATEGY type_specifier ID CORNER parameter_list APEX . compound_statement
    (21) compound_statement -> . GARAGE block_item_list READY
    (22) compound_statement -> . GARAGE READY
    (40) compound_statement -> . GARAGE error READY

    GARAGE          shift and go to state 20

    compound_statement             shift and go to state 204

state 187

    (14) parameter_list -> parameter_list ALSO . parameter_declaration
    (15) parameter_declaration -> . type_specifier ID
    (16) type_specifier -> . LAP
    (17) type_specifier -> . SPLIT
    (18) type_specifier -> . PITBOARD
    (19) type_specifier -> . YELLOW_FLAG
    (20) type_specifier -> . RADIO

    LAP             shift and go to state 14
    SPLIT           shift and go to state 15
    PITBOARD        shift and go to state 16
    YELLOW_FLAG     shift and go to state 17
    RADIO           shift and go to state 18

    parameter_declaration          shift and go to state 205
    type_specifier                 shift and go to state 164

state 188

    (10) function_definition -> STRATEGY type_specifier ID CORNER APEX compound_statement .

    RACE_START      reduce using rule 10 (function_definition -> STRATEGY type_specifier ID CORNER APEX compound_statement .)
    STRATEGY        reduce using rule 10 (function_definition -> STRATEGY type_specifier ID CORNER APEX compound_statement .)
    $end            reduce using rule 10 (function_definition -> STRATEGY type_specifier ID CORNER APEX compound_statement .)


state 189

    (11) function_definition -> STRATEGY NEUTRO ID CORNER parameter_list APEX . compound_statement
    (21) compound_statement -> . GARAGE block_item_list READY
    (22) compound_statement -> . GARAGE READY
    (40) compound_statement -> . GARAGE error READY

    GARAGE          shift and go to state 20

    compound_statement             shift and go to state 206

state 190

    (12) function_definition -> STRATEGY NEUTRO ID CORNER APEX compound_statement .

    RACE_START      reduce using rule 12 (function_definition -> STRATEGY NEUTRO ID CORNER APEX compound_statement .)
    STRATEGY        reduce using rule 12 (function_definition -> STRATEGY NEUTRO ID CORNER APEX compound_statement .)
    $end            reduce using rule 12 (function_definition -> STRATEGY NEUTRO ID CORNER APEX compound_statement .)


state 191

    (27) declaration -> type_specifier ID SETUP expression STOP .

    READY           reduce using rule 27 (declaration -> type_specifier ID SETUP expression STOP .)
    error           reduce using rule 27 (declaration -> type_specifier ID SETUP expression STOP .)
    VSC             reduce using rule 27 (declaration -> type_specifier ID SETUP expression STOP .)
    LAP             reduce using rule 27 (declaration -> type_specifier ID SETUP expression STOP .)
    SPLIT           reduce using rule 27 (declaration -> type_specifier ID SETUP expression STOP .)
    PITBOARD        reduce using rule 27 (declaration -> type_specifier ID SETUP expression STOP .)
    YELLOW_FLAG     reduce using rule 27 (declaration -> type_specifier ID SETUP expression STOP .)
    RADIO           reduce using rule 27 (declaration -> type_specifier ID SETUP expression STOP .)
    STOP            reduce using rule 27 (declaration -> type_specifier ID SETUP expression STOP .)
    GARAGE          reduce using rule 27 (declaration -> type_specifier ID SETUP expression STOP .)
    STRATEGY_CHECK  reduce using rule 27 (declaration -> type_specifier ID SETUP expression STOP .)
    GAP_CHECK       reduce using rule 27 (declaration -> type_specifier ID SETUP expression STOP .)
    PITWALL         reduce using rule 27 (declaration -> type_specifier ID SETUP expression STOP .)
    PUSH            reduce using rule 27 (declaration -> type_specifier ID SETUP expression STOP .)
    BOX             reduce using rule 27 (declaration -> type_specifier ID SETUP expression STOP .)
    FORMATION_LAP   reduce using rule 27 (declaration -> type_specifier ID SETUP expression STOP .)
    PODIO           reduce using rule 27 (declaration -> type_specifier ID SETUP expression STOP .)
    BOX_BOX         reduce using rule 27 (declaration -> type_specifier ID SETUP expression STOP .)
    DRS             reduce using rule 27 (declaration -> type_specifier ID SETUP expression STOP .)
    BROADCAST       reduce using rule 27 (declaration -> type_specifier ID SETUP expression STOP .)
    TELEMETRY       reduce using rule 27 (declaration -> type_specifier ID SETUP expression STOP .)
    CHECKERED_FLAG  reduce using rule 27 (declaration -> type_specifier ID SETUP expression STOP .)
    GAP             reduce using rule 27 (declaration -> type_specifier ID SETUP expression STOP .)
    REVERSE_GRID    reduce using rule 27 (declaration -> type_specifier ID SETUP expression STOP .)
    REVERSE         reduce using rule 27 (declaration -> type_specifier ID SETUP expression STOP .)
    CORNER          reduce using rule 27 (declaration -> type_specifier ID SETUP expression STOP .)
    ID              reduce using rule 27 (declaration -> type_specifier ID SETUP expression STOP .)
    SLIPSTREAM      reduce using rule 27 (declaration -> type_specifier ID SETUP expression STOP .)
    POSITION        reduce using rule 27 (declaration -> type_specifier ID SETUP expression STOP .)
    INT_LITERAL     reduce using rule 27 (declaration -> type_specifier ID SETUP expression STOP .)
    FLOAT_LITERAL   reduce using rule 27 (declaration -> type_specifier ID SETUP expression STOP .)
    STRING_LITERAL  reduce using rule 27 (declaration -> type_specifier ID SETUP expression STOP .)
    CHAR_LITERAL    reduce using rule 27 (declaration -> type_specifier ID SETUP expression STOP .)
    GREEN_LIGHT     reduce using rule 27 (declaration -> type_specifier ID SETUP expression STOP .)
    RED_LIGHT       reduce using rule 27 (declaration -> type_specifier ID SETUP expression STOP .)
    DNF             reduce using rule 27 (declaration -> type_specifier ID SETUP expression STOP .)
    SECTOR          reduce using rule 27 (declaration -> type_specifier ID SETUP expression STOP .)
    NO_DATA         reduce using rule 27 (declaration -> type_specifier ID SETUP expression STOP .)


state 192

    (99) argument_list -> argument_list ALSO expression .
    (68) expression -> expression . TOW expression
    (69) expression -> expression . GAP expression
    (70) expression -> expression . ERS expression
    (71) expression -> expression . STINT expression
    (72) expression -> expression . FUEL_DELTA expression
    (73) expression -> expression . DEAD_HEAT expression
    (74) expression -> expression . OUTLAP expression
    (75) expression -> expression . UNDERCUT expression
    (76) expression -> expression . OVERCUT expression
    (77) expression -> expression . UNDEREQ expression
    (78) expression -> expression . OVEREQ expression
    (79) expression -> expression . BOTH_TYRES expression
    (80) expression -> expression . EITHER_TYRE expression
    (81) expression -> expression . SAFETY expression
    (82) expression -> expression . OVERTAKE expression

    APEX            reduce using rule 99 (argument_list -> argument_list ALSO expression .)
    ALSO            reduce using rule 99 (argument_list -> argument_list ALSO expression .)
    TOW             shift and go to state 85
    GAP             shift and go to state 86
    ERS             shift and go to state 87
    STINT           shift and go to state 88
    FUEL_DELTA      shift and go to state 89
    DEAD_HEAT       shift and go to state 90
    OUTLAP          shift and go to state 91
    UNDERCUT        shift and go to state 92
    OVERCUT         shift and go to state 93
    UNDEREQ         shift and go to state 94
    OVEREQ          shift and go to state 95
    BOTH_TYRES      shift and go to state 96
    EITHER_TYRE     shift and go to state 97
    SAFETY          shift and go to state 98
    OVERTAKE        shift and go to state 99


state 193

    (29) declaration -> VSC type_specifier ID SETUP expression . STOP
    (68) expression -> expression . TOW expression
    (69) expression -> expression . GAP expression
    (70) expression -> expression . ERS expression
    (71) expression -> expression . STINT expression
    (72) expression -> expression . FUEL_DELTA expression
    (73) expression -> expression . DEAD_HEAT expression
    (74) expression -> expression . OUTLAP expression
    (75) expression -> expression . UNDERCUT expression
    (76) expression -> expression . OVERCUT expression
    (77) expression -> expression . UNDEREQ expression
    (78) expression -> expression . OVEREQ expression
    (79) expression -> expression . BOTH_TYRES expression
    (80) expression -> expression . EITHER_TYRE expression
    (81) expression -> expression . SAFETY expression
    (82) expression -> expression . OVERTAKE expression

    STOP            shift and go to state 207
    TOW             shift and go to state 85
    GAP             shift and go to state 86
    ERS             shift and go to state 87
    STINT           shift and go to state 88
    FUEL_DELTA      shift and go to state 89
    DEAD_HEAT       shift and go to state 90
    OUTLAP          shift and go to state 91
    UNDERCUT        shift and go to state 92
    OVERCUT         shift and go to state 93
    UNDEREQ         shift and go to state 94
    OVEREQ          shift and go to state 95
    BOTH_TYRES      shift and go to state 96
    EITHER_TYRE     shift and go to state 97
    SAFETY          shift and go to state 98
    OVERTAKE        shift and go to state 99


state 194

    (43) selection_statement -> STRATEGY_CHECK CORNER expression APEX compound_statement .
    (44) selection_statement -> STRATEGY_CHECK CORNER expression APEX compound_statement . STAY_OUT compound_statement
    (45) selection_statement -> STRATEGY_CHECK CORNER expression APEX compound_statement . STAY_OUT selection_statement

    READY           reduce using rule 43 (selection_statement -> STRATEGY_CHECK CORNER expression APEX compound_statement .)
    error           reduce using rule 43 (selection_statement -> STRATEGY_CHECK CORNER expression APEX compound_statement .)
    VSC             reduce using rule 43 (selection_statement -> STRATEGY_CHECK CORNER expression APEX compound_statement .)
    LAP             reduce using rule 43 (selection_statement -> STRATEGY_CHECK CORNER expression APEX compound_statement .)
    SPLIT           reduce using rule 43 (selection_statement -> STRATEGY_CHECK CORNER expression APEX compound_statement .)
    PITBOARD        reduce using rule 43 (selection_statement -> STRATEGY_CHECK CORNER expression APEX compound_statement .)
    YELLOW_FLAG     reduce using rule 43 (selection_statement -> STRATEGY_CHECK CORNER expression APEX compound_statement .)
    RADIO           reduce using rule 43 (selection_statement -> STRATEGY_CHECK CORNER expression APEX compound_statement .)
    STOP            reduce using rule 43 (selection_statement -> STRATEGY_CHECK CORNER expression APEX compound_statement .)
    GARAGE          reduce using rule 43 (selection_statement -> STRATEGY_CHECK CORNER expression APEX compound_statement .)
    STRATEGY_CHECK  reduce using rule 43 (selection_statement -> STRATEGY_CHECK CORNER expression APEX compound_statement .)
    GAP_CHECK       reduce using rule 43 (selection_statement -> STRATEGY_CHECK CORNER expression APEX compound_statement .)
    PITWALL         reduce using rule 43 (selection_statement -> STRATEGY_CHECK CORNER expression APEX compound_statement .)
    PUSH            reduce using rule 43 (selection_statement -> STRATEGY_CHECK CORNER expression APEX compound_statement .)
    BOX             reduce using rule 43 (selection_statement -> STRATEGY_CHECK CORNER expression APEX compound_statement .)
    FORMATION_LAP   reduce using rule 43 (selection_statement -> STRATEGY_CHECK CORNER expression APEX compound_statement .)
    PODIO           reduce using rule 43 (selection_statement -> STRATEGY_CHECK CORNER expression APEX compound_statement .)
    BOX_BOX         reduce using rule 43 (selection_statement -> STRATEGY_CHECK CORNER expression APEX compound_statement .)
    DRS             reduce using rule 43 (selection_statement -> STRATEGY_CHECK CORNER expression APEX compound_statement .)
    BROADCAST       reduce using rule 43 (selection_statement -> STRATEGY_CHECK CORNER expression APEX compound_statement .)
    TELEMETRY       reduce using rule 43 (selection_statement -> STRATEGY_CHECK CORNER expression APEX compound_statement .)
    CHECKERED_FLAG  reduce using rule 43 (selection_statement -> STRATEGY_CHECK CORNER expression APEX compound_statement .)
    GAP             reduce using rule 43 (selection_statement -> STRATEGY_CHECK CORNER expression APEX compound_statement .)
    REVERSE_GRID    reduce using rule 43 (selection_statement -> STRATEGY_CHECK CORNER expression APEX compound_statement .)
    REVERSE         reduce using rule 43 (selection_statement -> STRATEGY_CHECK CORNER expression APEX compound_statement .)
    CORNER          reduce using rule 43 (selection_statement -> STRATEGY_CHECK CORNER expression APEX compound_statement .)
    ID              reduce using rule 43 (selection_statement -> STRATEGY_CHECK CORNER expression APEX compound_statement .)
    SLIPSTREAM      reduce using rule 43 (selection_statement -> STRATEGY_CHECK CORNER expression APEX compound_statement .)
    POSITION        reduce using rule 43 (selection_statement -> STRATEGY_CHECK CORNER expression APEX compound_statement .)
    INT_LITERAL     reduce using rule 43 (selection_statement -> STRATEGY_CHECK CORNER expression APEX compound_statement .)
    FLOAT_LITERAL   reduce using rule 43 (selection_statement -> STRATEGY_CHECK CORNER expression APEX compound_statement .)
    STRING_LITERAL  reduce using rule 43 (selection_statement -> STRATEGY_CHECK CORNER expression APEX compound_statement .)
    CHAR_LITERAL    reduce using rule 43 (selection_statement -> STRATEGY_CHECK CORNER expression APEX compound_statement .)
    GREEN_LIGHT     reduce using rule 43 (selection_statement -> STRATEGY_CHECK CORNER expression APEX compound_statement .)
    RED_LIGHT       reduce using rule 43 (selection_statement -> STRATEGY_CHECK CORNER expression APEX compound_statement .)
    DNF             reduce using rule 43 (selection_statement -> STRATEGY_CHECK CORNER expression APEX compound_statement .)
    SECTOR          reduce using rule 43 (selection_statement -> STRATEGY_CHECK CORNER expression APEX compound_statement .)
    NO_DATA         reduce using rule 43 (selection_statement -> STRATEGY_CHECK CORNER expression APEX compound_statement .)
    STAY_OUT        shift and go to state 208


state 195

    (46) selection_statement -> GAP_CHECK CORNER expression APEX GARAGE . case_list READY
    (48) case_list -> . case_item
    (49) case_list -> . case_list case_item
    (50) case_item -> . SECTOR expression MARSHALL block_item_list
    (51) case_item -> . NO_DATA MARSHALL block_item_list

    SECTOR          shift and go to state 211
    NO_DATA         shift and go to state 212

    case_list                      shift and go to state 209
    case_item                      shift and go to state 210

state 196

    (47) selection_statement -> PITWALL CORNER expression APEX GARAGE . case_list READY
    (48) case_list -> . case_item
    (49) case_list -> . case_list case_item
    (50) case_item -> . SECTOR expression MARSHALL block_item_list
    (51) case_item -> . NO_DATA MARSHALL block_item_list

    SECTOR          shift and go to state 211
    NO_DATA         shift and go to state 212

    case_list                      shift and go to state 213
    case_item                      shift and go to state 210

state 197

    (52) iteration_statement -> PUSH CORNER expression APEX compound_statement .

    READY           reduce using rule 52 (iteration_statement -> PUSH CORNER expression APEX compound_statement .)
    error           reduce using rule 52 (iteration_statement -> PUSH CORNER expression APEX compound_statement .)
    VSC             reduce using rule 52 (iteration_statement -> PUSH CORNER expression APEX compound_statement .)
    LAP             reduce using rule 52 (iteration_statement -> PUSH CORNER expression APEX compound_statement .)
    SPLIT           reduce using rule 52 (iteration_statement -> PUSH CORNER expression APEX compound_statement .)
    PITBOARD        reduce using rule 52 (iteration_statement -> PUSH CORNER expression APEX compound_statement .)
    YELLOW_FLAG     reduce using rule 52 (iteration_statement -> PUSH CORNER expression APEX compound_statement .)
    RADIO           reduce using rule 52 (iteration_statement -> PUSH CORNER expression APEX compound_statement .)
    STOP            reduce using rule 52 (iteration_statement -> PUSH CORNER expression APEX compound_statement .)
    GARAGE          reduce using rule 52 (iteration_statement -> PUSH CORNER expression APEX compound_statement .)
    STRATEGY_CHECK  reduce using rule 52 (iteration_statement -> PUSH CORNER expression APEX compound_statement .)
    GAP_CHECK       reduce using rule 52 (iteration_statement -> PUSH CORNER expression APEX compound_statement .)
    PITWALL         reduce using rule 52 (iteration_statement -> PUSH CORNER expression APEX compound_statement .)
    PUSH            reduce using rule 52 (iteration_statement -> PUSH CORNER expression APEX compound_statement .)
    BOX             reduce using rule 52 (iteration_statement -> PUSH CORNER expression APEX compound_statement .)
    FORMATION_LAP   reduce using rule 52 (iteration_statement -> PUSH CORNER expression APEX compound_statement .)
    PODIO           reduce using rule 52 (iteration_statement -> PUSH CORNER expression APEX compound_statement .)
    BOX_BOX         reduce using rule 52 (iteration_statement -> PUSH CORNER expression APEX compound_statement .)
    DRS             reduce using rule 52 (iteration_statement -> PUSH CORNER expression APEX compound_statement .)
    BROADCAST       reduce using rule 52 (iteration_statement -> PUSH CORNER expression APEX compound_statement .)
    TELEMETRY       reduce using rule 52 (iteration_statement -> PUSH CORNER expression APEX compound_statement .)
    CHECKERED_FLAG  reduce using rule 52 (iteration_statement -> PUSH CORNER expression APEX compound_statement .)
    GAP             reduce using rule 52 (iteration_statement -> PUSH CORNER expression APEX compound_statement .)
    REVERSE_GRID    reduce using rule 52 (iteration_statement -> PUSH CORNER expression APEX compound_statement .)
    REVERSE         reduce using rule 52 (iteration_statement -> PUSH CORNER expression APEX compound_statement .)
    CORNER          reduce using rule 52 (iteration_statement -> PUSH CORNER expression APEX compound_statement .)
    ID              reduce using rule 52 (iteration_statement -> PUSH CORNER expression APEX compound_statement .)
    SLIPSTREAM      reduce using rule 52 (iteration_statement -> PUSH CORNER expression APEX compound_statement .)
    POSITION        reduce using rule 52 (iteration_statement -> PUSH CORNER expression APEX compound_statement .)
    INT_LITERAL     reduce using rule 52 (iteration_statement -> PUSH CORNER expression APEX compound_statement .)
    FLOAT_LITERAL   reduce using rule 52 (iteration_statement -> PUSH CORNER expression APEX compound_statement .)
    STRING_LITERAL  reduce using rule 52 (iteration_statement -> PUSH CORNER expression APEX compound_statement .)
    CHAR_LITERAL    reduce using rule 52 (iteration_statement -> PUSH CORNER expression APEX compound_statement .)
    GREEN_LIGHT     reduce using rule 52 (iteration_statement -> PUSH CORNER expression APEX compound_statement .)
    RED_LIGHT       reduce using rule 52 (iteration_statement -> PUSH CORNER expression APEX compound_statement .)
    DNF             reduce using rule 52 (iteration_statement -> PUSH CORNER expression APEX compound_statement .)
    SECTOR          reduce using rule 52 (iteration_statement -> PUSH CORNER expression APEX compound_statement .)
    NO_DATA         reduce using rule 52 (iteration_statement -> PUSH CORNER expression APEX compound_statement .)


state 198

    (53) iteration_statement -> BOX compound_statement PUSH CORNER expression . APEX STOP
    (68) expression -> expression . TOW expression
    (69) expression -> expression . GAP expression
    (70) expression -> expression . ERS expression
    (71) expression -> expression . STINT expression
    (72) expression -> expression . FUEL_DELTA expression
    (73) expression -> expression . DEAD_HEAT expression
    (74) expression -> expression . OUTLAP expression
    (75) expression -> expression . UNDERCUT expression
    (76) expression -> expression . OVERCUT expression
    (77) expression -> expression . UNDEREQ expression
    (78) expression -> expression . OVEREQ expression
    (79) expression -> expression . BOTH_TYRES expression
    (80) expression -> expression . EITHER_TYRE expression
    (81) expression -> expression . SAFETY expression
    (82) expression -> expression . OVERTAKE expression

    APEX            shift and go to state 214
    TOW             shift and go to state 85
    GAP             shift and go to state 86
    ERS             shift and go to state 87
    STINT           shift and go to state 88
    FUEL_DELTA      shift and go to state 89
    DEAD_HEAT       shift and go to state 90
    OUTLAP          shift and go to state 91
    UNDERCUT        shift and go to state 92
    OVERCUT         shift and go to state 93
    UNDEREQ         shift and go to state 94
    OVEREQ          shift and go to state 95
    BOTH_TYRES      shift and go to state 96
    EITHER_TYRE     shift and go to state 97
    SAFETY          shift and go to state 98
    OVERTAKE        shift and go to state 99


state 199

    (54) iteration_statement -> FORMATION_LAP CORNER for_init expression for_semi . expression APEX compound_statement
    (55) iteration_statement -> FORMATION_LAP CORNER for_init expression for_semi . APEX compound_statement
    (68) expression -> . expression TOW expression
    (69) expression -> . expression GAP expression
    (70) expression -> . expression ERS expression
    (71) expression -> . expression STINT expression
    (72) expression -> . expression FUEL_DELTA expression
    (73) expression -> . expression DEAD_HEAT expression
    (74) expression -> . expression OUTLAP expression
    (75) expression -> . expression UNDERCUT expression
    (76) expression -> . expression OVERCUT expression
    (77) expression -> . expression UNDEREQ expression
    (78) expression -> . expression OVEREQ expression
    (79) expression -> . expression BOTH_TYRES expression
    (80) expression -> . expression EITHER_TYRE expression
    (81) expression -> . expression SAFETY expression
    (82) expression -> . expression OVERTAKE expression
    (83) expression -> . GAP expression
    (84) expression -> . REVERSE_GRID expression
    (85) expression -> . REVERSE expression
    (86) expression -> . CORNER expression APEX
    (87) expression -> . ID SETUP expression
    (88) expression -> . ID PITSTOW expression
    (89) expression -> . ID PITGAP expression
    (90) expression -> . ID PITERS expression
    (91) expression -> . ID PITSTINT expression
    (92) expression -> . ID FASTLAP
    (93) expression -> . ID DEGRADATION
    (94) expression -> . SLIPSTREAM expression
    (95) expression -> . POSITION expression
    (96) expression -> . ID CORNER argument_list APEX
    (97) expression -> . ID CORNER APEX
    (100) expression -> . ID
    (101) expression -> . INT_LITERAL
    (102) expression -> . FLOAT_LITERAL
    (103) expression -> . STRING_LITERAL
    (104) expression -> . CHAR_LITERAL
    (105) expression -> . GREEN_LIGHT
    (106) expression -> . RED_LIGHT
    (107) expression -> . DNF

    APEX            shift and go to state 216
    GAP             shift and go to state 52
    REVERSE_GRID    shift and go to state 53
    REVERSE         shift and go to state 54
    CORNER          shift and go to state 40
    ID              shift and go to state 29
    SLIPSTREAM      shift and go to state 55
    POSITION        shift and go to state 56
    INT_LITERAL     shift and go to state 57
    FLOAT_LITERAL   shift and go to state 58
    STRING_LITERAL  shift and go to state 59
    CHAR_LITERAL    shift and go to state 60
    GREEN_LIGHT     shift and go to state 61
    RED_LIGHT       shift and go to state 62
    DNF             shift and go to state 63

    expression                     shift and go to state 215

state 200

    (56) iteration_statement -> FORMATION_LAP CORNER for_semi for_semi APEX . compound_statement
    (21) compound_statement -> . GARAGE block_item_list READY
    (22) compound_statement -> . GARAGE READY
    (40) compound_statement -> . GARAGE error READY

    GARAGE          shift and go to state 20

    compound_statement             shift and go to state 217

state 201

    (58) for_init -> type_specifier ID SETUP . expression for_semi
    (68) expression -> . expression TOW expression
    (69) expression -> . expression GAP expression
    (70) expression -> . expression ERS expression
    (71) expression -> . expression STINT expression
    (72) expression -> . expression FUEL_DELTA expression
    (73) expression -> . expression DEAD_HEAT expression
    (74) expression -> . expression OUTLAP expression
    (75) expression -> . expression UNDERCUT expression
    (76) expression -> . expression OVERCUT expression
    (77) expression -> . expression UNDEREQ expression
    (78) expression -> . expression OVEREQ expression
    (79) expression -> . expression BOTH_TYRES expression
    (80) expression -> . expression EITHER_TYRE expression
    (81) expression -> . expression SAFETY expression
    (82) expression -> . expression OVERTAKE expression
    (83) expression -> . GAP expression
    (84) expression -> . REVERSE_GRID expression
    (85) expression -> . REVERSE expression
    (86) expression -> . CORNER expression APEX
    (87) expression -> . ID SETUP expression
    (88) expression -> . ID PITSTOW expression
    (89) expression -> . ID PITGAP expression
    (90) expression -> . ID PITERS expression
    (91) expression -> . ID PITSTINT expression
    (92) expression -> . ID FASTLAP
    (93) expression -> . ID DEGRADATION
    (94) expression -> . SLIPSTREAM expression
    (95) expression -> . POSITION expression
    (96) expression -> . ID CORNER argument_list APEX
    (97) expression -> . ID CORNER APEX
    (100) expression -> . ID
    (101) expression -> . INT_LITERAL
    (102) expression -> . FLOAT_LITERAL
    (103) expression -> . STRING_LITERAL
    (104) expression -> . CHAR_LITERAL
    (105) expression -> . GREEN_LIGHT
    (106) expression -> . RED_LIGHT
    (107) expression -> . DNF

    GAP             shift and go to state 52
    REVERSE_GRID    shift and go to state 53
    REVERSE         shift and go to state 54
    CORNER          shift and go to state 40
    ID              shift and go to state 29
    SLIPSTREAM      shift and go to state 55
    POSITION        shift and go to state 56
    INT_LITERAL     shift and go to state 57
    FLOAT_LITERAL   shift and go to state 58
    STRING_LITERAL  shift and go to state 59
    CHAR_LITERAL    shift and go to state 60
    GREEN_LIGHT     shift and go to state 61
    RED_LIGHT       shift and go to state 62
    DNF             shift and go to state 63

    expression                     shift and go to state 218

state 202

    (65) io_statement -> BROADCAST CORNER expression APEX STOP .

    READY           reduce using rule 65 (io_statement -> BROADCAST CORNER expression APEX STOP .)
    error           reduce using rule 65 (io_statement -> BROADCAST CORNER expression APEX STOP .)
    VSC             reduce using rule 65 (io_statement -> BROADCAST CORNER expression APEX STOP .)
    LAP             reduce using rule 65 (io_statement -> BROADCAST CORNER expression APEX STOP .)
    SPLIT           reduce using rule 65 (io_statement -> BROADCAST CORNER expression APEX STOP .)
    PITBOARD        reduce using rule 65 (io_statement -> BROADCAST CORNER expression APEX STOP .)
    YELLOW_FLAG     reduce using rule 65 (io_statement -> BROADCAST CORNER expression APEX STOP .)
    RADIO           reduce using rule 65 (io_statement -> BROADCAST CORNER expression APEX STOP .)
    STOP            reduce using rule 65 (io_statement -> BROADCAST CORNER expression APEX STOP .)
    GARAGE          reduce using rule 65 (io_statement -> BROADCAST CORNER expression APEX STOP .)
    STRATEGY_CHECK  reduce using rule 65 (io_statement -> BROADCAST CORNER expression APEX STOP .)
    GAP_CHECK       reduce using rule 65 (io_statement -> BROADCAST CORNER expression APEX STOP .)
    PITWALL         reduce using rule 65 (io_statement -> BROADCAST CORNER expression APEX STOP .)
    PUSH            reduce using rule 65 (io_statement -> BROADCAST CORNER expression APEX STOP .)
    BOX             reduce using rule 65 (io_statement -> BROADCAST CORNER expression APEX STOP .)
    FORMATION_LAP   reduce using rule 65 (io_statement -> BROADCAST CORNER expression APEX STOP .)
    PODIO           reduce using rule 65 (io_statement -> BROADCAST CORNER expression APEX STOP .)
    BOX_BOX         reduce using rule 65 (io_statement -> BROADCAST CORNER expression APEX STOP .)
    DRS             reduce using rule 65 (io_statement -> BROADCAST CORNER expression APEX STOP .)
    BROADCAST       reduce using rule 65 (io_statement -> BROADCAST CORNER expression APEX STOP .)
    TELEMETRY       reduce using rule 65 (io_statement -> BROADCAST CORNER expression APEX STOP .)
    CHECKERED_FLAG  reduce using rule 65 (io_statement -> BROADCAST CORNER expression APEX STOP .)
    GAP             reduce using rule 65 (io_statement -> BROADCAST CORNER expression APEX STOP .)
    REVERSE_GRID    reduce using rule 65 (io_statement -> BROADCAST CORNER expression APEX STOP .)
    REVERSE         reduce using rule 65 (io_statement -> BROADCAST CORNER expression APEX STOP .)
    CORNER          reduce using rule 65 (io_statement -> BROADCAST CORNER expression APEX STOP .)
    ID              reduce using rule 65 (io_statement -> BROADCAST CORNER expression APEX STOP .)
    SLIPSTREAM      reduce using rule 65 (io_statement -> BROADCAST CORNER expression APEX STOP .)
    POSITION        reduce using rule 65 (io_statement -> BROADCAST CORNER expression APEX STOP .)
    INT_LITERAL     reduce using rule 65 (io_statement -> BROADCAST CORNER expression APEX STOP .)
    FLOAT_LITERAL   reduce using rule 65 (io_statement -> BROADCAST CORNER expression APEX STOP .)
    STRING_LITERAL  reduce using rule 65 (io_statement -> BROADCAST CORNER expression APEX STOP .)
    CHAR_LITERAL    reduce using rule 65 (io_statement -> BROADCAST CORNER expression APEX STOP .)
    GREEN_LIGHT     reduce using rule 65 (io_statement -> BROADCAST CORNER expression APEX STOP .)
    RED_LIGHT       reduce using rule 65 (io_statement -> BROADCAST CORNER expression APEX STOP .)
    DNF             reduce using rule 65 (io_statement -> BROADCAST CORNER expression APEX STOP .)
    SECTOR          reduce using rule 65 (io_statement -> BROADCAST CORNER expression APEX STOP .)
    NO_DATA         reduce using rule 65 (io_statement -> BROADCAST CORNER expression APEX STOP .)


state 203

    (66) io_statement -> TELEMETRY CORNER ID APEX STOP .

    READY           reduce using rule 66 (io_statement -> TELEMETRY CORNER ID APEX STOP .)
    error           reduce using rule 66 (io_statement -> TELEMETRY CORNER ID APEX STOP .)
    VSC             reduce using rule 66 (io_statement -> TELEMETRY CORNER ID APEX STOP .)
    LAP             reduce using rule 66 (io_statement -> TELEMETRY CORNER ID APEX STOP .)
    SPLIT           reduce using rule 66 (io_statement -> TELEMETRY CORNER ID APEX STOP .)
    PITBOARD        reduce using rule 66 (io_statement -> TELEMETRY CORNER ID APEX STOP .)
    YELLOW_FLAG     reduce using rule 66 (io_statement -> TELEMETRY CORNER ID APEX STOP .)
    RADIO           reduce using rule 66 (io_statement -> TELEMETRY CORNER ID APEX STOP .)
    STOP            reduce using rule 66 (io_statement -> TELEMETRY CORNER ID APEX STOP .)
    GARAGE          reduce using rule 66 (io_statement -> TELEMETRY CORNER ID APEX STOP .)
    STRATEGY_CHECK  reduce using rule 66 (io_statement -> TELEMETRY CORNER ID APEX STOP .)
    GAP_CHECK       reduce using rule 66 (io_statement -> TELEMETRY CORNER ID APEX STOP .)
    PITWALL         reduce using rule 66 (io_statement -> TELEMETRY CORNER ID APEX STOP .)
    PUSH            reduce using rule 66 (io_statement -> TELEMETRY CORNER ID APEX STOP .)
    BOX             reduce using rule 66 (io_statement -> TELEMETRY CORNER ID APEX STOP .)
    FORMATION_LAP   reduce using rule 66 (io_statement -> TELEMETRY CORNER ID APEX STOP .)
    PODIO           reduce using rule 66 (io_statement -> TELEMETRY CORNER ID APEX STOP .)
    BOX_BOX         reduce using rule 66 (io_statement -> TELEMETRY CORNER ID APEX STOP .)
    DRS             reduce using rule 66 (io_statement -> TELEMETRY CORNER ID APEX STOP .)
    BROADCAST       reduce using rule 66 (io_statement -> TELEMETRY CORNER ID APEX STOP .)
    TELEMETRY       reduce using rule 66 (io_statement -> TELEMETRY CORNER ID APEX STOP .)
    CHECKERED_FLAG  reduce using rule 66 (io_statement -> TELEMETRY CORNER ID APEX STOP .)
    GAP             reduce using rule 66 (io_statement -> TELEMETRY CORNER ID APEX STOP .)
    REVERSE_GRID    reduce using rule 66 (io_statement -> TELEMETRY CORNER ID APEX STOP .)
    REVERSE         reduce using rule 66 (io_statement -> TELEMETRY CORNER ID APEX STOP .)
    CORNER          reduce using rule 66 (io_statement -> TELEMETRY CORNER ID APEX STOP .)
    ID              reduce using rule 66 (io_statement -> TELEMETRY CORNER ID APEX STOP .)
    SLIPSTREAM      reduce using rule 66 (io_statement -> TELEMETRY CORNER ID APEX STOP .)
    POSITION        reduce using rule 66 (io_statement -> TELEMETRY CORNER ID APEX STOP .)
    INT_LITERAL     reduce using rule 66 (io_statement -> TELEMETRY CORNER ID APEX STOP .)
    FLOAT_LITERAL   reduce using rule 66 (io_statement -> TELEMETRY CORNER ID APEX STOP .)
    STRING_LITERAL  reduce using rule 66 (io_statement -> TELEMETRY CORNER ID APEX STOP .)
    CHAR_LITERAL    reduce using rule 66 (io_statement -> TELEMETRY CORNER ID APEX STOP .)
    GREEN_LIGHT     reduce using rule 66 (io_statement -> TELEMETRY CORNER ID APEX STOP .)
    RED_LIGHT       reduce using rule 66 (io_statement -> TELEMETRY CORNER ID APEX STOP .)
    DNF             reduce using rule 66 (io_statement -> TELEMETRY CORNER ID APEX STOP .)
    SECTOR          reduce using rule 66 (io_statement -> TELEMETRY CORNER ID APEX STOP .)
    NO_DATA         reduce using rule 66 (io_statement -> TELEMETRY CORNER ID APEX STOP .)


state 204

    (9) function_definition -> STRATEGY type_specifier ID CORNER parameter_list APEX compound_statement .

    RACE_START      reduce using rule 9 (function_definition -> STRATEGY type_specifier ID CORNER parameter_list APEX compound_statement .)
    STRATEGY        reduce using rule 9 (function_definition -> STRATEGY type_specifier ID CORNER parameter_list APEX compound_statement .)
    $end            reduce using rule 9 (function_definition -> STRATEGY type_specifier ID CORNER parameter_list APEX compound_statement .)


state 205

    (14) parameter_list -> parameter_list ALSO parameter_declaration .

    APEX            reduce using rule 14 (parameter_list -> parameter_list ALSO parameter_declaration .)
    ALSO            reduce using rule 14 (parameter_list -> parameter_list ALSO parameter_declaration .)


state 206

    (11) function_definition -> STRATEGY NEUTRO ID CORNER parameter_list APEX compound_statement .

    RACE_START      reduce using rule 11 (function_definition -> STRATEGY NEUTRO ID CORNER parameter_list APEX compound_statement .)
    STRATEGY        reduce using rule 11 (function_definition -> STRATEGY NEUTRO ID CORNER parameter_list APEX compound_statement .)
    $end            reduce using rule 11 (function_definition -> STRATEGY NEUTRO ID CORNER parameter_list APEX compound_statement .)


state 207

    (29) declaration -> VSC type_specifier ID SETUP expression STOP .

    READY           reduce using rule 29 (declaration -> VSC type_specifier ID SETUP expression STOP .)
    error           reduce using rule 29 (declaration -> VSC type_specifier ID SETUP expression STOP .)
    VSC             reduce using rule 29 (declaration -> VSC type_specifier ID SETUP expression STOP .)
    LAP             reduce using rule 29 (declaration -> VSC type_specifier ID SETUP expression STOP .)
    SPLIT           reduce using rule 29 (declaration -> VSC type_specifier ID SETUP expression STOP .)
    PITBOARD        reduce using rule 29 (declaration -> VSC type_specifier ID SETUP expression STOP .)
    YELLOW_FLAG     reduce using rule 29 (declaration -> VSC type_specifier ID SETUP expression STOP .)
    RADIO           reduce using rule 29 (declaration -> VSC type_specifier ID SETUP expression STOP .)
    STOP            reduce using rule 29 (declaration -> VSC type_specifier ID SETUP expression STOP .)
    GARAGE          reduce using rule 29 (declaration -> VSC type_specifier ID SETUP expression STOP .)
    STRATEGY_CHECK  reduce using rule 29 (declaration -> VSC type_specifier ID SETUP expression STOP .)
    GAP_CHECK       reduce using rule 29 (declaration -> VSC type_specifier ID SETUP expression STOP .)
    PITWALL         reduce using rule 29 (declaration -> VSC type_specifier ID SETUP expression STOP .)
    PUSH            reduce using rule 29 (declaration -> VSC type_specifier ID SETUP expression STOP .)
    BOX             reduce using rule 29 (declaration -> VSC type_specifier ID SETUP expression STOP .)
    FORMATION_LAP   reduce using rule 29 (declaration -> VSC type_specifier ID SETUP expression STOP .)
    PODIO           reduce using rule 29 (declaration -> VSC type_specifier ID SETUP expression STOP .)
    BOX_BOX         reduce using rule 29 (declaration -> VSC type_specifier ID SETUP expression STOP .)
    DRS             reduce using rule 29 (declaration -> VSC type_specifier ID SETUP expression STOP .)
    BROADCAST       reduce using rule 29 (declaration -> VSC type_specifier ID SETUP expression STOP .)
    TELEMETRY       reduce using rule 29 (declaration -> VSC type_specifier ID SETUP expression STOP .)
    CHECKERED_FLAG  reduce using rule 29 (declaration -> VSC type_specifier ID SETUP expression STOP .)
    GAP             reduce using rule 29 (declaration -> VSC type_specifier ID SETUP expression STOP .)
    REVERSE_GRID    reduce using rule 29 (declaration -> VSC type_specifier ID SETUP expression STOP .)
    REVERSE         reduce using rule 29 (declaration -> VSC type_specifier ID SETUP expression STOP .)
    CORNER          reduce using rule 29 (declaration -> VSC type_specifier ID SETUP expression STOP .)
    ID              reduce using rule 29 (declaration -> VSC type_specifier ID SETUP expression STOP .)
    SLIPSTREAM      reduce using rule 29 (declaration -> VSC type_specifier ID SETUP expression STOP .)
    POSITION        reduce using rule 29 (declaration -> VSC type_specifier ID SETUP expression STOP .)
    INT_LITERAL     reduce using rule 29 (declaration -> VSC type_specifier ID SETUP expression STOP .)
    FLOAT_LITERAL   reduce using rule 29 (declaration -> VSC type_specifier ID SETUP expression STOP .)
    STRING_LITERAL  reduce using rule 29 (declaration -> VSC type_specifier ID SETUP expression STOP .)
    CHAR_LITERAL    reduce using rule 29 (declaration -> VSC type_specifier ID SETUP expression STOP .)
    GREEN_LIGHT     reduce using rule 29 (declaration -> VSC type_specifier ID SETUP expression STOP .)
    RED_LIGHT       reduce using rule 29 (declaration -> VSC type_specifier ID SETUP expression STOP .)
    DNF             reduce using rule 29 (declaration -> VSC type_specifier ID SETUP expression STOP .)
    SECTOR          reduce using rule 29 (declaration -> VSC type_specifier ID SETUP expression STOP .)
    NO_DATA         reduce using rule 29 (declaration -> VSC type_specifier ID SETUP expression STOP .)


state 208

    (44) selection_statement -> STRATEGY_CHECK CORNER expression APEX compound_statement STAY_OUT . compound_statement
    (45) selection_statement -> STRATEGY_CHECK CORNER expression APEX compound_statement STAY_OUT . selection_statement
    (21) compound_statement -> . GARAGE block_item_list READY
    (22) compound_statement -> . GARAGE READY
    (40) compound_statement -> . GARAGE error READY
    (43) selection_statement -> . STRATEGY_CHECK CORNER expression APEX compound_statement
    (44) selection_statement -> . STRATEGY_CHECK CORNER expression APEX compound_statement STAY_OUT compound_statement
    (45) selection_statement -> . STRATEGY_CHECK CORNER expression APEX compound_statement STAY_OUT selection_statement
    (46) selection_statement -> . GAP_CHECK CORNER expression APEX GARAGE case_list READY
    (47) selection_statement -> . PITWALL CORNER expression APEX GARAGE case_list READY

    GARAGE          shift and go to state 20
    STRATEGY_CHECK  shift and go to state 39
    GAP_CHECK       shift and go to state 41
    PITWALL         shift and go to state 42

    compound_statement             shift and go to state 219
    selection_statement            shift and go to state 220

state 209

    (46) selection_statement -> GAP_CHECK CORNER expression APEX GARAGE case_list . READY
    (49) case_list -> case_list . case_item
    (50) case_item -> . SECTOR expression MARSHALL block_item_list
    (51) case_item -> . NO_DATA MARSHALL block_item_list

    READY           shift and go to state 221
    SECTOR          shift and go to state 211
    NO_DATA         shift and go to state 212

    case_item                      shift and go to state 222

state 210

    (48) case_list -> case_item .

    READY           reduce using rule 48 (case_list -> case_item .)
    SECTOR          reduce using rule 48 (case_list -> case_item .)
    NO_DATA         reduce using rule 48 (case_list -> case_item .)


state 211

    (50) case_item -> SECTOR . expression MARSHALL block_item_list
    (68) expression -> . expression TOW expression
    (69) expression -> . expression GAP expression
    (70) expression -> . expression ERS expression
    (71) expression -> . expression STINT expression
    (72) expression -> . expression FUEL_DELTA expression
    (73) expression -> . expression DEAD_HEAT expression
    (74) expression -> . expression OUTLAP expression
    (75) expression -> . expression UNDERCUT expression
    (76) expression -> . expression OVERCUT expression
    (77) expression -> . expression UNDEREQ expression
    (78) expression -> . expression OVEREQ expression
    (79) expression -> . expression BOTH_TYRES expression
    (80) expression -> . expression EITHER_TYRE expression
    (81) expression -> . expression SAFETY expression
    (82) expression -> . expression OVERTAKE expression
    (83) expression -> . GAP expression
    (84) expression -> . REVERSE_GRID expression
    (85) expression -> . REVERSE expression
    (86) expression -> . CORNER expression APEX
    (87) expression -> . ID SETUP expression
    (88) expression -> . ID PITSTOW expression
    (89) expression -> . ID PITGAP expression
    (90) expression -> . ID PITERS expression
    (91) expression -> . ID PITSTINT expression
    (92) expression -> . ID FASTLAP
    (93) expression -> . ID DEGRADATION
    (94) expression -> . SLIPSTREAM expression
    (95) expression -> . POSITION expression
    (96) expression -> . ID CORNER argument_list APEX
    (97) expression -> . ID CORNER APEX
    (100) expression -> . ID
    (101) expression -> . INT_LITERAL
    (102) expression -> . FLOAT_LITERAL
    (103) expression -> . STRING_LITERAL
    (104) expression -> . CHAR_LITERAL
    (105) expression -> . GREEN_LIGHT
    (106) expression -> . RED_LIGHT
    (107) expression -> . DNF

    GAP             shift and go to state 52
    REVERSE_GRID    shift and go to state 53
    REVERSE         shift and go to state 54
    CORNER          shift and go to state 40
    ID              shift and go to state 29
    SLIPSTREAM      shift and go to state 55
    POSITION        shift and go to state 56
    INT_LITERAL     shift and go to state 57
    FLOAT_LITERAL   shift and go to state 58
    STRING_LITERAL  shift and go to state 59
    CHAR_LITERAL    shift and go to state 60
    GREEN_LIGHT     shift and go to state 61
    RED_LIGHT       shift and go to state 62
    DNF             shift and go to state 63

    expression                     shift and go to state 223

state 212

    (51) case_item -> NO_DATA . MARSHALL block_item_list

    MARSHALL        shift and go to state 224


state 213

    (47) selection_statement -> PITWALL CORNER expression APEX GARAGE case_list . READY
    (49) case_list -> case_list . case_item
    (50) case_item -> . SECTOR expression MARSHALL block_item_list
    (51) case_item -> . NO_DATA MARSHALL block_item_list

    READY           shift and go to state 225
    SECTOR          shift and go to state 211
    NO_DATA         shift and go to state 212

    case_item                      shift and go to state 222

state 214

    (53) iteration_statement -> BOX compound_statement PUSH CORNER expression APEX . STOP

    STOP            shift and go to state 226


state 215

    (54) iteration_statement -> FORMATION_LAP CORNER for_init expression for_semi expression . APEX compound_statement
    (68) expression -> expression . TOW expression
    (69) expression -> expression . GAP expression
    (70) expression -> expression . ERS expression
    (71) expression -> expression . STINT expression
    (72) expression -> expression . FUEL_DELTA expression
    (73) expression -> expression . DEAD_HEAT expression
    (74) expression -> expression . OUTLAP expression
    (75) expression -> expression . UNDERCUT expression
    (76) expression -> expression . OVERCUT expression
    (77) expression -> expression . UNDEREQ expression
    (78) expression -> expression . OVEREQ expression
    (79) expression -> expression . BOTH_TYRES expression
    (80) expression -> expression . EITHER_TYRE expression
    (81) expression -> expression . SAFETY expression
    (82) expression -> expression . OVERTAKE expression

    APEX            shift and go to state 227
    TOW             shift and go to state 85
    GAP             shift and go to state 86
    ERS             shift and go to state 87
    STINT           shift and go to state 88
    FUEL_DELTA      shift and go to state 89
    DEAD_HEAT       shift and go to state 90
    OUTLAP          shift and go to state 91
    UNDERCUT        shift and go to state 92
    OVERCUT         shift and go to state 93
    UNDEREQ         shift and go to state 94
    OVEREQ          shift and go to state 95
    BOTH_TYRES      shift and go to state 96
    EITHER_TYRE     shift and go to state 97
    SAFETY          shift and go to state 98
    OVERTAKE        shift and go to state 99


state 216

    (55) iteration_statement -> FORMATION_LAP CORNER for_init expression for_semi APEX . compound_statement
    (21) compound_statement -> . GARAGE block_item_list READY
    (22) compound_statement -> . GARAGE READY
    (40) compound_statement -> . GARAGE error READY

    GARAGE          shift and go to state 20

    compound_statement             shift and go to state 228

state 217

    (56) iteration_statement -> FORMATION_LAP CORNER for_semi for_semi APEX compound_statement .

    READY           reduce using rule 56 (iteration_statement -> FORMATION_LAP CORNER for_semi for_semi APEX compound_statement .)
    error           reduce using rule 56 (iteration_statement -> FORMATION_LAP CORNER for_semi for_semi APEX compound_statement .)
    VSC             reduce using rule 56 (iteration_statement -> FORMATION_LAP CORNER for_semi for_semi APEX compound_statement .)
    LAP             reduce using rule 56 (iteration_statement -> FORMATION_LAP CORNER for_semi for_semi APEX compound_statement .)
    SPLIT           reduce using rule 56 (iteration_statement -> FORMATION_LAP CORNER for_semi for_semi APEX compound_statement .)
    PITBOARD        reduce using rule 56 (iteration_statement -> FORMATION_LAP CORNER for_semi for_semi APEX compound_statement .)
    YELLOW_FLAG     reduce using rule 56 (iteration_statement -> FORMATION_LAP CORNER for_semi for_semi APEX compound_statement .)
    RADIO           reduce using rule 56 (iteration_statement -> FORMATION_LAP CORNER for_semi for_semi APEX compound_statement .)
    STOP            reduce using rule 56 (iteration_statement -> FORMATION_LAP CORNER for_semi for_semi APEX compound_statement .)
    GARAGE          reduce using rule 56 (iteration_statement -> FORMATION_LAP CORNER for_semi for_semi APEX compound_statement .)
    STRATEGY_CHECK  reduce using rule 56 (iteration_statement -> FORMATION_LAP CORNER for_semi for_semi APEX compound_statement .)
    GAP_CHECK       reduce using rule 56 (iteration_statement -> FORMATION_LAP CORNER for_semi for_semi APEX compound_statement .)
    PITWALL         reduce using rule 56 (iteration_statement -> FORMATION_LAP CORNER for_semi for_semi APEX compound_statement .)
    PUSH            reduce using rule 56 (iteration_statement -> FORMATION_LAP CORNER for_semi for_semi APEX compound_statement .)
    BOX             reduce using rule 56 (iteration_statement -> FORMATION_LAP CORNER for_semi for_semi APEX compound_statement .)
    FORMATION_LAP   reduce using rule 56 (iteration_statement -> FORMATION_LAP CORNER for_semi for_semi APEX compound_statement .)
    PODIO           reduce using rule 56 (iteration_statement -> FORMATION_LAP CORNER for_semi for_semi APEX compound_statement .)
    BOX_BOX         reduce using rule 56 (iteration_statement -> FORMATION_LAP CORNER for_semi for_semi APEX compound_statement .)
    DRS             reduce using rule 56 (iteration_statement -> FORMATION_LAP CORNER for_semi for_semi APEX compound_statement .)
    BROADCAST       reduce using rule 56 (iteration_statement -> FORMATION_LAP CORNER for_semi for_semi APEX compound_statement .)
    TELEMETRY       reduce using rule 56 (iteration_statement -> FORMATION_LAP CORNER for_semi for_semi APEX compound_statement .)
    CHECKERED_FLAG  reduce using rule 56 (iteration_statement -> FORMATION_LAP CORNER for_semi for_semi APEX compound_statement .)
    GAP             reduce using rule 56 (iteration_statement -> FORMATION_LAP CORNER for_semi for_semi APEX compound_statement .)
    REVERSE_GRID    reduce using rule 56 (iteration_statement -> FORMATION_LAP CORNER for_semi for_semi APEX compound_statement .)
    REVERSE         reduce using rule 56 (iteration_statement -> FORMATION_LAP CORNER for_semi for_semi APEX compound_statement .)
    CORNER          reduce using rule 56 (iteration_statement -> FORMATION_LAP CORNER for_semi for_semi APEX compound_statement .)
    ID              reduce using rule 56 (iteration_statement -> FORMATION_LAP CORNER for_semi for_semi APEX compound_statement .)
    SLIPSTREAM      reduce using rule 56 (iteration_statement -> FORMATION_LAP CORNER for_semi for_semi APEX compound_statement .)
    POSITION        reduce using rule 56 (iteration_statement -> FORMATION_LAP CORNER for_semi for_semi APEX compound_statement .)
    INT_LITERAL     reduce using rule 56 (iteration_statement -> FORMATION_LAP CORNER for_semi for_semi APEX compound_statement .)
    FLOAT_LITERAL   reduce using rule 56 (iteration_statement -> FORMATION_LAP CORNER for_semi for_semi APEX compound_statement .)
    STRING_LITERAL  reduce using rule 56 (iteration_statement -> FORMATION_LAP CORNER for_semi for_semi APEX compound_statement .)
    CHAR_LITERAL    reduce using rule 56 (iteration_statement -> FORMATION_LAP CORNER for_semi for_semi APEX compound_statement .)
    GREEN_LIGHT     reduce using rule 56 (iteration_statement -> FORMATION_LAP CORNER for_semi for_semi APEX compound_statement .)
    RED_LIGHT       reduce using rule 56 (iteration_statement -> FORMATION_LAP CORNER for_semi for_semi APEX compound_statement .)
    DNF             reduce using rule 56 (iteration_statement -> FORMATION_LAP CORNER for_semi for_semi APEX compound_statement .)
    SECTOR          reduce using rule 56 (iteration_statement -> FORMATION_LAP CORNER for_semi for_semi APEX compound_statement .)
    NO_DATA         reduce using rule 56 (iteration_statement -> FORMATION_LAP CORNER for_semi for_semi APEX compound_statement .)


state 218

    (58) for_init -> type_specifier ID SETUP expression . for_semi
    (68) expression -> expression . TOW expression
    (69) expression -> expression . GAP expression
    (70) expression -> expression . ERS expression
    (71) expression -> expression . STINT expression
    (72) expression -> expression . FUEL_DELTA expression
    (73) expression -> expression . DEAD_HEAT expression
    (74) expression -> expression . OUTLAP expression
    (75) expression -> expression . UNDERCUT expression
    (76) expression -> expression . OVERCUT expression
    (77) expression -> expression . UNDEREQ expression
    (78) expression -> expression . OVEREQ expression
    (79) expression -> expression . BOTH_TYRES expression
    (80) expression -> expression . EITHER_TYRE expression
    (81) expression -> expression . SAFETY expression
    (82) expression -> expression . OVERTAKE expression
    (57) for_semi -> . STOP

    TOW             shift and go to state 85
    GAP             shift and go to state 86
    ERS             shift and go to state 87
    STINT           shift and go to state 88
    FUEL_DELTA      shift and go to state 89
    DEAD_HEAT       shift and go to state 90
    OUTLAP          shift and go to state 91
    UNDERCUT        shift and go to state 92
    OVERCUT         shift and go to state 93
    UNDEREQ         shift and go to state 94
    OVEREQ          shift and go to state 95
    BOTH_TYRES      shift and go to state 96
    EITHER_TYRE     shift and go to state 97
    SAFETY          shift and go to state 98
    OVERTAKE        shift and go to state 99
    STOP            shift and go to state 160

    for_semi                       shift and go to state 229

state 219

    (44) selection_statement -> STRATEGY_CHECK CORNER expression APEX compound_statement STAY_OUT compound_statement .

    READY           reduce using rule 44 (selection_statement -> STRATEGY_CHECK CORNER expression APEX compound_statement STAY_OUT compound_statement .)
    error           reduce using rule 44 (selection_statement -> STRATEGY_CHECK CORNER expression APEX compound_statement STAY_OUT compound_statement .)
    VSC             reduce using rule 44 (selection_statement -> STRATEGY_CHECK CORNER expression APEX compound_statement STAY_OUT compound_statement .)
    LAP             reduce using rule 44 (selection_statement -> STRATEGY_CHECK CORNER expression APEX compound_statement STAY_OUT compound_statement .)
    SPLIT           reduce using rule 44 (selection_statement -> STRATEGY_CHECK CORNER expression APEX compound_statement STAY_OUT compound_statement .)
    PITBOARD        reduce using rule 44 (selection_statement -> STRATEGY_CHECK CORNER expression APEX compound_statement STAY_OUT compound_statement .)
    YELLOW_FLAG     reduce using rule 44 (selection_statement -> STRATEGY_CHECK CORNER expression APEX compound_statement STAY_OUT compound_statement .)
    RADIO           reduce using rule 44 (selection_statement -> STRATEGY_CHECK CORNER expression APEX compound_statement STAY_OUT compound_statement .)
    STOP            reduce using rule 44 (selection_statement -> STRATEGY_CHECK CORNER expression APEX compound_statement STAY_OUT compound_statement .)
    GARAGE          reduce using rule 44 (selection_statement -> STRATEGY_CHECK CORNER expression APEX compound_statement STAY_OUT compound_statement .)
    STRATEGY_CHECK  reduce using rule 44 (selection_statement -> STRATEGY_CHECK CORNER expression APEX compound_statement STAY_OUT compound_statement .)
    GAP_CHECK       reduce using rule 44 (selection_statement -> STRATEGY_CHECK CORNER expression APEX compound_statement STAY_OUT compound_statement .)
    PITWALL         reduce using rule 44 (selection_statement -> STRATEGY_CHECK CORNER expression APEX compound_statement STAY_OUT compound_statement .)
    PUSH            reduce using rule 44 (selection_statement -> STRATEGY_CHECK CORNER expression APEX compound_statement STAY_OUT compound_statement .)
    BOX             reduce using rule 44 (selection_statement -> STRATEGY_CHECK CORNER expression APEX compound_statement STAY_OUT compound_statement .)
    FORMATION_LAP   reduce using rule 44 (selection_statement -> STRATEGY_CHECK CORNER expression APEX compound_statement STAY_OUT compound_statement .)
    PODIO           reduce using rule 44 (selection_statement -> STRATEGY_CHECK CORNER expression APEX compound_statement STAY_OUT compound_statement .)
    BOX_BOX         reduce using rule 44 (selection_statement -> STRATEGY_CHECK CORNER expression APEX compound_statement STAY_OUT compound_statement .)
    DRS             reduce using rule 44 (selection_statement -> STRATEGY_CHECK CORNER expression APEX compound_statement STAY_OUT compound_statement .)
    BROADCAST       reduce using rule 44 (selection_statement -> STRATEGY_CHECK CORNER expression APEX compound_statement STAY_OUT compound_statement .)
    TELEMETRY       reduce using rule 44 (selection_statement -> STRATEGY_CHECK CORNER expression APEX compound_statement STAY_OUT compound_statement .)
    CHECKERED_FLAG  reduce using rule 44 (selection_statement -> STRATEGY_CHECK CORNER expression APEX compound_statement STAY_OUT compound_statement .)
    GAP             reduce using rule 44 (selection_statement -> STRATEGY_CHECK CORNER expression APEX compound_statement STAY_OUT compound_statement .)
    REVERSE_GRID    reduce using rule 44 (selection_statement -> STRATEGY_CHECK CORNER expression APEX compound_statement STAY_OUT compound_statement .)
    REVERSE         reduce using rule 44 (selection_statement -> STRATEGY_CHECK CORNER expression APEX compound_statement STAY_OUT compound_statement .)
    CORNER          reduce using rule 44 (selection_statement -> STRATEGY_CHECK CORNER expression APEX compound_statement STAY_OUT compound_statement .)
    ID              reduce using rule 44 (selection_statement -> STRATEGY_CHECK CORNER expression APEX compound_statement STAY_OUT compound_statement .)
    SLIPSTREAM      reduce using rule 44 (selection_statement -> STRATEGY_CHECK CORNER expression APEX compound_statement STAY_OUT compound_statement .)
    POSITION        reduce using rule 44 (selection_statement -> STRATEGY_CHECK CORNER expression APEX compound_statement STAY_OUT compound_statement .)
    INT_LITERAL     reduce using rule 44 (selection_statement -> STRATEGY_CHECK CORNER expression APEX compound_statement STAY_OUT compound_statement .)
    FLOAT_LITERAL   reduce using rule 44 (selection_statement -> STRATEGY_CHECK CORNER expression APEX compound_statement STAY_OUT compound_statement .)
    STRING_LITERAL  reduce using rule 44 (selection_statement -> STRATEGY_CHECK CORNER expression APEX compound_statement STAY_OUT compound_statement .)
    CHAR_LITERAL    reduce using rule 44 (selection_statement -> STRATEGY_CHECK CORNER expression APEX compound_statement STAY_OUT compound_statement .)
    GREEN_LIGHT     reduce using rule 44 (selection_statement -> STRATEGY_CHECK CORNER expression APEX compound_statement STAY_OUT compound_statement .)
    RED_LIGHT       reduce using rule 44 (selection_statement -> STRATEGY_CHECK CORNER expression APEX compound_statement STAY_OUT compound_statement .)
    DNF             reduce using rule 44 (selection_statement -> STRATEGY_CHECK CORNER expression APEX compound_statement STAY_OUT compound_statement .)
    SECTOR          reduce using rule 44 (selection_statement -> STRATEGY_CHECK CORNER expression APEX compound_statement STAY_OUT compound_statement .)
    NO_DATA         reduce using rule 44 (selection_statement -> STRATEGY_CHECK CORNER expression APEX compound_statement STAY_OUT compound_statement .)


state 220

    (45) selection_statement -> STRATEGY_CHECK CORNER expression APEX compound_statement STAY_OUT selection_statement .

    READY           reduce using rule 45 (selection_statement -> STRATEGY_CHECK CORNER expression APEX compound_statement STAY_OUT selection_statement .)
    error           reduce using rule 45 (selection_statement -> STRATEGY_CHECK CORNER expression APEX compound_statement STAY_OUT selection_statement .)
    VSC             reduce using rule 45 (selection_statement -> STRATEGY_CHECK CORNER expression APEX compound_statement STAY_OUT selection_statement .)
    LAP             reduce using rule 45 (selection_statement -> STRATEGY_CHECK CORNER expression APEX compound_statement STAY_OUT selection_statement .)
    SPLIT           reduce using rule 45 (selection_statement -> STRATEGY_CHECK CORNER expression APEX compound_statement STAY_OUT selection_statement .)
    PITBOARD        reduce using rule 45 (selection_statement -> STRATEGY_CHECK CORNER expression APEX compound_statement STAY_OUT selection_statement .)
    YELLOW_FLAG     reduce using rule 45 (selection_statement -> STRATEGY_CHECK CORNER expression APEX compound_statement STAY_OUT selection_statement .)
    RADIO           reduce using rule 45 (selection_statement -> STRATEGY_CHECK CORNER expression APEX compound_statement STAY_OUT selection_statement .)
    STOP            reduce using rule 45 (selection_statement -> STRATEGY_CHECK CORNER expression APEX compound_statement STAY_OUT selection_statement .)
    GARAGE          reduce using rule 45 (selection_statement -> STRATEGY_CHECK CORNER expression APEX compound_statement STAY_OUT selection_statement .)
    STRATEGY_CHECK  reduce using rule 45 (selection_statement -> STRATEGY_CHECK CORNER expression APEX compound_statement STAY_OUT selection_statement .)
    GAP_CHECK       reduce using rule 45 (selection_statement -> STRATEGY_CHECK CORNER expression APEX compound_statement STAY_OUT selection_statement .)
    PITWALL         reduce using rule 45 (selection_statement -> STRATEGY_CHECK CORNER expression APEX compound_statement STAY_OUT selection_statement .)
    PUSH            reduce using rule 45 (selection_statement -> STRATEGY_CHECK CORNER expression APEX compound_statement STAY_OUT selection_statement .)
    BOX             reduce using rule 45 (selection_statement -> STRATEGY_CHECK CORNER expression APEX compound_statement STAY_OUT selection_statement .)
    FORMATION_LAP   reduce using rule 45 (selection_statement -> STRATEGY_CHECK CORNER expression APEX compound_statement STAY_OUT selection_statement .)
    PODIO           reduce using rule 45 (selection_statement -> STRATEGY_CHECK CORNER expression APEX compound_statement STAY_OUT selection_statement .)
    BOX_BOX         reduce using rule 45 (selection_statement -> STRATEGY_CHECK CORNER expression APEX compound_statement STAY_OUT selection_statement .)
    DRS             reduce using rule 45 (selection_statement -> STRATEGY_CHECK CORNER expression APEX compound_statement STAY_OUT selection_statement .)
    BROADCAST       reduce using rule 45 (selection_statement -> STRATEGY_CHECK CORNER expression APEX compound_statement STAY_OUT selection_statement .)
    TELEMETRY       reduce using rule 45 (selection_statement -> STRATEGY_CHECK CORNER expression APEX compound_statement STAY_OUT selection_statement .)
    CHECKERED_FLAG  reduce using rule 45 (selection_statement -> STRATEGY_CHECK CORNER expression APEX compound_statement STAY_OUT selection_statement .)
    GAP             reduce using rule 45 (selection_statement -> STRATEGY_CHECK CORNER expression APEX compound_statement STAY_OUT selection_statement .)
    REVERSE_GRID    reduce using rule 45 (selection_statement -> STRATEGY_CHECK CORNER expression APEX compound_statement STAY_OUT selection_statement .)
    REVERSE         reduce using rule 45 (selection_statement -> STRATEGY_CHECK CORNER expression APEX compound_statement STAY_OUT selection_statement .)
    CORNER          reduce using rule 45 (selection_statement -> STRATEGY_CHECK CORNER expression APEX compound_statement STAY_OUT selection_statement .)
    ID              reduce using rule 45 (selection_statement -> STRATEGY_CHECK CORNER expression APEX compound_statement STAY_OUT selection_statement .)
    SLIPSTREAM      reduce using rule 45 (selection_statement -> STRATEGY_CHECK CORNER expression APEX compound_statement STAY_OUT selection_statement .)
    POSITION        reduce using rule 45 (selection_statement -> STRATEGY_CHECK CORNER expression APEX compound_statement STAY_OUT selection_statement .)
    INT_LITERAL     reduce using rule 45 (selection_statement -> STRATEGY_CHECK CORNER expression APEX compound_statement STAY_OUT selection_statement .)
    FLOAT_LITERAL   reduce using rule 45 (selection_statement -> STRATEGY_CHECK CORNER expression APEX compound_statement STAY_OUT selection_statement .)
    STRING_LITERAL  reduce using rule 45 (selection_statement -> STRATEGY_CHECK CORNER expression APEX compound_statement STAY_OUT selection_statement .)
    CHAR_LITERAL    reduce using rule 45 (selection_statement -> STRATEGY_CHECK CORNER expression APEX compound_statement STAY_OUT selection_statement .)
    GREEN_LIGHT     reduce using rule 45 (selection_statement -> STRATEGY_CHECK CORNER expression APEX compound_statement STAY_OUT selection_statement .)
    RED_LIGHT       reduce using rule 45 (selection_statement -> STRATEGY_CHECK CORNER expression APEX compound_statement STAY_OUT selection_statement .)
    DNF             reduce using rule 45 (selection_statement -> STRATEGY_CHECK CORNER expression APEX compound_statement STAY_OUT selection_statement .)
    SECTOR          reduce using rule 45 (selection_statement -> STRATEGY_CHECK CORNER expression APEX compound_statement STAY_OUT selection_statement .)
    NO_DATA         reduce using rule 45 (selection_statement -> STRATEGY_CHECK CORNER expression APEX compound_statement STAY_OUT selection_statement .)


state 221

    (46) selection_statement -> GAP_CHECK CORNER expression APEX GARAGE case_list READY .

    READY           reduce using rule 46 (selection_statement -> GAP_CHECK CORNER expression APEX GARAGE case_list READY .)
    error           reduce using rule 46 (selection_statement -> GAP_CHECK CORNER expression APEX GARAGE case_list READY .)
    VSC             reduce using rule 46 (selection_statement -> GAP_CHECK CORNER expression APEX GARAGE case_list READY .)
    LAP             reduce using rule 46 (selection_statement -> GAP_CHECK CORNER expression APEX GARAGE case_list READY .)
    SPLIT           reduce using rule 46 (selection_statement -> GAP_CHECK CORNER expression APEX GARAGE case_list READY .)
    PITBOARD        reduce using rule 46 (selection_statement -> GAP_CHECK CORNER expression APEX GARAGE case_list READY .)
    YELLOW_FLAG     reduce using rule 46 (selection_statement -> GAP_CHECK CORNER expression APEX GARAGE case_list READY .)
    RADIO           reduce using rule 46 (selection_statement -> GAP_CHECK CORNER expression APEX GARAGE case_list READY .)
    STOP            reduce using rule 46 (selection_statement -> GAP_CHECK CORNER expression APEX GARAGE case_list READY .)
    GARAGE          reduce using rule 46 (selection_statement -> GAP_CHECK CORNER expression APEX GARAGE case_list READY .)
    STRATEGY_CHECK  reduce using rule 46 (selection_statement -> GAP_CHECK CORNER expression APEX GARAGE case_list READY .)
    GAP_CHECK       reduce using rule 46 (selection_statement -> GAP_CHECK CORNER expression APEX GARAGE case_list READY .)
    PITWALL         reduce using rule 46 (selection_statement -> GAP_CHECK CORNER expression APEX GARAGE case_list READY .)
    PUSH            reduce using rule 46 (selection_statement -> GAP_CHECK CORNER expression APEX GARAGE case_list READY .)
    BOX             reduce using rule 46 (selection_statement -> GAP_CHECK CORNER expression APEX GARAGE case_list READY .)
    FORMATION_LAP   reduce using rule 46 (selection_statement -> GAP_CHECK CORNER expression APEX GARAGE case_list READY .)
    PODIO           reduce using rule 46 (selection_statement -> GAP_CHECK CORNER expression APEX GARAGE case_list READY .)
    BOX_BOX         reduce using rule 46 (selection_statement -> GAP_CHECK CORNER expression APEX GARAGE case_list READY .)
    DRS             reduce using rule 46 (selection_statement -> GAP_CHECK CORNER expression APEX GARAGE case_list READY .)
    BROADCAST       reduce using rule 46 (selection_statement -> GAP_CHECK CORNER expression APEX GARAGE case_list READY .)
    TELEMETRY       reduce using rule 46 (selection_statement -> GAP_CHECK CORNER expression APEX GARAGE case_list READY .)
    CHECKERED_FLAG  reduce using rule 46 (selection_statement -> GAP_CHECK CORNER expression APEX GARAGE case_list READY .)
    GAP             reduce using rule 46 (selection_statement -> GAP_CHECK CORNER expression APEX GARAGE case_list READY .)
    REVERSE_GRID    reduce using rule 46 (selection_statement -> GAP_CHECK CORNER expression APEX GARAGE case_list READY .)
    REVERSE         reduce using rule 46 (selection_statement -> GAP_CHECK CORNER expression APEX GARAGE case_list READY .)
    CORNER          reduce using rule 46 (selection_statement -> GAP_CHECK CORNER expression APEX GARAGE case_list READY .)
    ID              reduce using rule 46 (selection_statement -> GAP_CHECK CORNER expression APEX GARAGE case_list READY .)
    SLIPSTREAM      reduce using rule 46 (selection_statement -> GAP_CHECK CORNER expression APEX GARAGE case_list READY .)
    POSITION        reduce using rule 46 (selection_statement -> GAP_CHECK CORNER expression APEX GARAGE case_list READY .)
    INT_LITERAL     reduce using rule 46 (selection_statement -> GAP_CHECK CORNER expression APEX GARAGE case_list READY .)
    FLOAT_LITERAL   reduce using rule 46 (selection_statement -> GAP_CHECK CORNER expression APEX GARAGE case_list READY .)
    STRING_LITERAL  reduce using rule 46 (selection_statement -> GAP_CHECK CORNER expression APEX GARAGE case_list READY .)
    CHAR_LITERAL    reduce using rule 46 (selection_statement -> GAP_CHECK CORNER expression APEX GARAGE case_list READY .)
    GREEN_LIGHT     reduce using rule 46 (selection_statement -> GAP_CHECK CORNER expression APEX GARAGE case_list READY .)
    RED_LIGHT       reduce using rule 46 (selection_statement -> GAP_CHECK CORNER expression APEX GARAGE case_list READY .)
    DNF             reduce using rule 46 (selection_statement -> GAP_CHECK CORNER expression APEX GARAGE case_list READY .)
    SECTOR          reduce using rule 46 (selection_statement -> GAP_CHECK CORNER expression APEX GARAGE case_list READY .)
    NO_DATA         reduce using rule 46 (selection_statement -> GAP_CHECK CORNER expression APEX GARAGE case_list READY .)


state 222

    (49) case_list -> case_list case_item .

    READY           reduce using rule 49 (case_list -> case_list case_item .)
    SECTOR          reduce using rule 49 (case_list -> case_list case_item .)
    NO_DATA         reduce using rule 49 (case_list -> case_list case_item .)


state 223

    (50) case_item -> SECTOR expression . MARSHALL block_item_list
    (68) expression -> expression . TOW expression
    (69) expression -> expression . GAP expression
    (70) expression -> expression . ERS expression
    (71) expression -> expression . STINT expression
    (72) expression -> expression . FUEL_DELTA expression
    (73) expression -> expression . DEAD_HEAT expression
    (74) expression -> expression . OUTLAP expression
    (75) expression -> expression . UNDERCUT expression
    (76) expression -> expression . OVERCUT expression
    (77) expression -> expression . UNDEREQ expression
    (78) expression -> expression . OVEREQ expression
    (79) expression -> expression . BOTH_TYRES expression
    (80) expression -> expression . EITHER_TYRE expression
    (81) expression -> expression . SAFETY expression
    (82) expression -> expression . OVERTAKE expression

    MARSHALL        shift and go to state 230
    TOW             shift and go to state 85
    GAP             shift and go to state 86
    ERS             shift and go to state 87
    STINT           shift and go to state 88
    FUEL_DELTA      shift and go to state 89
    DEAD_HEAT       shift and go to state 90
    OUTLAP          shift and go to state 91
    UNDERCUT        shift and go to state 92
    OVERCUT         shift and go to state 93
    UNDEREQ         shift and go to state 94
    OVEREQ          shift and go to state 95
    BOTH_TYRES      shift and go to state 96
    EITHER_TYRE     shift and go to state 97
    SAFETY          shift and go to state 98
    OVERTAKE        shift and go to state 99


state 224

    (51) case_item -> NO_DATA MARSHALL . block_item_list
    (23) block_item_list -> . block_item
    (24) block_item_list -> . block_item_list block_item
    (25) block_item -> . declaration
    (26) block_item -> . statement
    (39) block_item -> . error STOP
    (27) declaration -> . type_specifier ID SETUP expression STOP
    (28) declaration -> . type_specifier ID STOP
    (29) declaration -> . VSC type_specifier ID SETUP expression STOP
    (30) statement -> . expression_statement
    (31) statement -> . compound_statement
    (32) statement -> . selection_statement
    (33) statement -> . iteration_statement
    (34) statement -> . jump_statement
    (35) statement -> . io_statement
    (36) statement -> . end_statement
    (16) type_specifier -> . LAP
    (17) type_specifier -> . SPLIT
    (18) type_specifier -> . PITBOARD
    (19) type_specifier -> . YELLOW_FLAG
    (20) type_specifier -> . RADIO
    (37) expression_statement -> . expression STOP
    (38) expression_statement -> . STOP
    (21) compound_statement -> . GARAGE block_item_list READY
    (22) compound_statement -> . GARAGE READY
    (40) compound_statement -> . GARAGE error READY
    (43) selection_statement -> . STRATEGY_CHECK CORNER expression APEX compound_statement
    (44) selection_statement -> . STRATEGY_CHECK CORNER expression APEX compound_statement STAY_OUT compound_statement
    (45) selection_statement -> . STRATEGY_CHECK CORNER expression APEX compound_statement STAY_OUT selection_statement
    (46) selection_statement -> . GAP_CHECK CORNER expression APEX GARAGE case_list READY
    (47) selection_statement -> . PITWALL CORNER expression APEX GARAGE case_list READY
    (52) iteration_statement -> . PUSH CORNER expression APEX compound_statement
    (53) iteration_statement -> . BOX compound_statement PUSH CORNER expression APEX STOP
    (54) iteration_statement -> . FORMATION_LAP CORNER for_init expression for_semi expression APEX compound_statement
    (55) iteration_statement -> . FORMATION_LAP CORNER for_init expression for_semi APEX compound_statement
    (56) iteration_statement -> . FORMATION_LAP CORNER for_semi for_semi APEX compound_statement
    (61) jump_statement -> . PODIO expression STOP
    (62) jump_statement -> . PODIO STOP
    (63) jump_statement -> . BOX_BOX STOP
    (64) jump_statement -> . DRS STOP
    (65) io_statement -> . BROADCAST CORNER expression APEX STOP
    (66) io_statement -> . TELEMETRY CORNER ID APEX STOP
    (67) end_statement -> . CHECKERED_FLAG STOP
    (68) expression -> . expression TOW expression
    (69) expression -> . expression GAP expression
    (70) expression -> . expression ERS expression
    (71) expression -> . expression STINT expression
    (72) expression -> . expression FUEL_DELTA expression
    (73) expression -> . expression DEAD_HEAT expression
    (74) expression -> . expression OUTLAP expression
    (75) expression -> . expression UNDERCUT expression
    (76) expression -> . expression OVERCUT expression
    (77) expression -> . expression UNDEREQ expression
    (78) expression -> . expression OVEREQ expression
    (79) expression -> . expression BOTH_TYRES expression
    (80) expression -> . expression EITHER_TYRE expression
    (81) expression -> . expression SAFETY expression
    (82) expression -> . expression OVERTAKE expression
    (83) expression -> . GAP expression
    (84) expression -> . REVERSE_GRID expression
    (85) expression -> . REVERSE expression
    (86) expression -> . CORNER expression APEX
    (87) expression -> . ID SETUP expression
    (88) expression -> . ID PITSTOW expression
    (89) expression -> . ID PITGAP expression
    (90) expression -> . ID PITERS expression
    (91) expression -> . ID PITSTINT expression
    (92) expression -> . ID FASTLAP
    (93) expression -> . ID DEGRADATION
    (94) expression -> . SLIPSTREAM expression
    (95) expression -> . POSITION expression
    (96) expression -> . ID CORNER argument_list APEX
    (97) expression -> . ID CORNER APEX
    (100) expression -> . ID
    (101) expression -> . INT_LITERAL
    (102) expression -> . FLOAT_LITERAL
    (103) expression -> . STRING_LITERAL
    (104) expression -> . CHAR_LITERAL
    (105) expression -> . GREEN_LIGHT
    (106) expression -> . RED_LIGHT
    (107) expression -> . DNF

    error           shift and go to state 72
    VSC             shift and go to state 31
    LAP             shift and go to state 14
    SPLIT           shift and go to state 15
    PITBOARD        shift and go to state 16
    YELLOW_FLAG     shift and go to state 17
    RADIO           shift and go to state 18
    STOP            shift and go to state 27
    GARAGE          shift and go to state 20
    STRATEGY_CHECK  shift and go to state 39
    GAP_CHECK       shift and go to state 41
    PITWALL         shift and go to state 42
    PUSH            shift and go to state 43
    BOX             shift and go to state 44
    FORMATION_LAP   shift and go to state 45
    PODIO           shift and go to state 46
    BOX_BOX         shift and go to state 47
    DRS             shift and go to state 48
    BROADCAST       shift and go to state 49
    TELEMETRY       shift and go to state 50
    CHECKERED_FLAG  shift and go to state 51
    GAP             shift and go to state 52
    REVERSE_GRID    shift and go to state 53
    REVERSE         shift and go to state 54
    CORNER          shift and go to state 40
    ID              shift and go to state 29
    SLIPSTREAM      shift and go to state 55
    POSITION        shift and go to state 56
    INT_LITERAL     shift and go to state 57
    FLOAT_LITERAL   shift and go to state 58
    STRING_LITERAL  shift and go to state 59
    CHAR_LITERAL    shift and go to state 60
    GREEN_LIGHT     shift and go to state 61
    RED_LIGHT       shift and go to state 62
    DNF             shift and go to state 63

    block_item_list                shift and go to state 231
    block_item                     shift and go to state 24
    declaration                    shift and go to state 25
    statement                      shift and go to state 26
    type_specifier                 shift and go to state 28
    expression                     shift and go to state 30
    expression_statement           shift and go to state 32
    compound_statement             shift and go to state 33
    selection_statement            shift and go to state 34
    iteration_statement            shift and go to state 35
    jump_statement                 shift and go to state 36
    io_statement                   shift and go to state 37
    end_statement                  shift and go to state 38

state 225

    (47) selection_statement -> PITWALL CORNER expression APEX GARAGE case_list READY .

    READY           reduce using rule 47 (selection_statement -> PITWALL CORNER expression APEX GARAGE case_list READY .)
    error           reduce using rule 47 (selection_statement -> PITWALL CORNER expression APEX GARAGE case_list READY .)
    VSC             reduce using rule 47 (selection_statement -> PITWALL CORNER expression APEX GARAGE case_list READY .)
    LAP             reduce using rule 47 (selection_statement -> PITWALL CORNER expression APEX GARAGE case_list READY .)
    SPLIT           reduce using rule 47 (selection_statement -> PITWALL CORNER expression APEX GARAGE case_list READY .)
    PITBOARD        reduce using rule 47 (selection_statement -> PITWALL CORNER expression APEX GARAGE case_list READY .)
    YELLOW_FLAG     reduce using rule 47 (selection_statement -> PITWALL CORNER expression APEX GARAGE case_list READY .)
    RADIO           reduce using rule 47 (selection_statement -> PITWALL CORNER expression APEX GARAGE case_list READY .)
    STOP            reduce using rule 47 (selection_statement -> PITWALL CORNER expression APEX GARAGE case_list READY .)
    GARAGE          reduce using rule 47 (selection_statement -> PITWALL CORNER expression APEX GARAGE case_list READY .)
    STRATEGY_CHECK  reduce using rule 47 (selection_statement -> PITWALL CORNER expression APEX GARAGE case_list READY .)
    GAP_CHECK       reduce using rule 47 (selection_statement -> PITWALL CORNER expression APEX GARAGE case_list READY .)
    PITWALL         reduce using rule 47 (selection_statement -> PITWALL CORNER expression APEX GARAGE case_list READY .)
    PUSH            reduce using rule 47 (selection_statement -> PITWALL CORNER expression APEX GARAGE case_list READY .)
    BOX             reduce using rule 47 (selection_statement -> PITWALL CORNER expression APEX GARAGE case_list READY .)
    FORMATION_LAP   reduce using rule 47 (selection_statement -> PITWALL CORNER expression APEX GARAGE case_list READY .)
    PODIO           reduce using rule 47 (selection_statement -> PITWALL CORNER expression APEX GARAGE case_list READY .)
    BOX_BOX         reduce using rule 47 (selection_statement -> PITWALL CORNER expression APEX GARAGE case_list READY .)
    DRS             reduce using rule 47 (selection_statement -> PITWALL CORNER expression APEX GARAGE case_list READY .)
    BROADCAST       reduce using rule 47 (selection_statement -> PITWALL CORNER expression APEX GARAGE case_list READY .)
    TELEMETRY       reduce using rule 47 (selection_statement -> PITWALL CORNER expression APEX GARAGE case_list READY .)
    CHECKERED_FLAG  reduce using rule 47 (selection_statement -> PITWALL CORNER expression APEX GARAGE case_list READY .)
    GAP             reduce using rule 47 (selection_statement -> PITWALL CORNER expression APEX GARAGE case_list READY .)
    REVERSE_GRID    reduce using rule 47 (selection_statement -> PITWALL CORNER expression APEX GARAGE case_list READY .)
    REVERSE         reduce using rule 47 (selection_statement -> PITWALL CORNER expression APEX GARAGE case_list READY .)
    CORNER          reduce using rule 47 (selection_statement -> PITWALL CORNER expression APEX GARAGE case_list READY .)
    ID              reduce using rule 47 (selection_statement -> PITWALL CORNER expression APEX GARAGE case_list READY .)
    SLIPSTREAM      reduce using rule 47 (selection_statement -> PITWALL CORNER expression APEX GARAGE case_list READY .)
    POSITION        reduce using rule 47 (selection_statement -> PITWALL CORNER expression APEX GARAGE case_list READY .)
    INT_LITERAL     reduce using rule 47 (selection_statement -> PITWALL CORNER expression APEX GARAGE case_list READY .)
    FLOAT_LITERAL   reduce using rule 47 (selection_statement -> PITWALL CORNER expression APEX GARAGE case_list READY .)
    STRING_LITERAL  reduce using rule 47 (selection_statement -> PITWALL CORNER expression APEX GARAGE case_list READY .)
    CHAR_LITERAL    reduce using rule 47 (selection_statement -> PITWALL CORNER expression APEX GARAGE case_list READY .)
    GREEN_LIGHT     reduce using rule 47 (selection_statement -> PITWALL CORNER expression APEX GARAGE case_list READY .)
    RED_LIGHT       reduce using rule 47 (selection_statement -> PITWALL CORNER expression APEX GARAGE case_list READY .)
    DNF             reduce using rule 47 (selection_statement -> PITWALL CORNER expression APEX GARAGE case_list READY .)
    SECTOR          reduce using rule 47 (selection_statement -> PITWALL CORNER expression APEX GARAGE case_list READY .)
    NO_DATA         reduce using rule 47 (selection_statement -> PITWALL CORNER expression APEX GARAGE case_list READY .)


state 226

    (53) iteration_statement -> BOX compound_statement PUSH CORNER expression APEX STOP .

    READY           reduce using rule 53 (iteration_statement -> BOX compound_statement PUSH CORNER expression APEX STOP .)
    error           reduce using rule 53 (iteration_statement -> BOX compound_statement PUSH CORNER expression APEX STOP .)
    VSC             reduce using rule 53 (iteration_statement -> BOX compound_statement PUSH CORNER expression APEX STOP .)
    LAP             reduce using rule 53 (iteration_statement -> BOX compound_statement PUSH CORNER expression APEX STOP .)
    SPLIT           reduce using rule 53 (iteration_statement -> BOX compound_statement PUSH CORNER expression APEX STOP .)
    PITBOARD        reduce using rule 53 (iteration_statement -> BOX compound_statement PUSH CORNER expression APEX STOP .)
    YELLOW_FLAG     reduce using rule 53 (iteration_statement -> BOX compound_statement PUSH CORNER expression APEX STOP .)
    RADIO           reduce using rule 53 (iteration_statement -> BOX compound_statement PUSH CORNER expression APEX STOP .)
    STOP            reduce using rule 53 (iteration_statement -> BOX compound_statement PUSH CORNER expression APEX STOP .)
    GARAGE          reduce using rule 53 (iteration_statement -> BOX compound_statement PUSH CORNER expression APEX STOP .)
    STRATEGY_CHECK  reduce using rule 53 (iteration_statement -> BOX compound_statement PUSH CORNER expression APEX STOP .)
    GAP_CHECK       reduce using rule 53 (iteration_statement -> BOX compound_statement PUSH CORNER expression APEX STOP .)
    PITWALL         reduce using rule 53 (iteration_statement -> BOX compound_statement PUSH CORNER expression APEX STOP .)
    PUSH            reduce using rule 53 (iteration_statement -> BOX compound_statement PUSH CORNER expression APEX STOP .)
    BOX             reduce using rule 53 (iteration_statement -> BOX compound_statement PUSH CORNER expression APEX STOP .)
    FORMATION_LAP   reduce using rule 53 (iteration_statement -> BOX compound_statement PUSH CORNER expression APEX STOP .)
    PODIO           reduce using rule 53 (iteration_statement -> BOX compound_statement PUSH CORNER expression APEX STOP .)
    BOX_BOX         reduce using rule 53 (iteration_statement -> BOX compound_statement PUSH CORNER expression APEX STOP .)
    DRS             reduce using rule 53 (iteration_statement -> BOX compound_statement PUSH CORNER expression APEX STOP .)
    BROADCAST       reduce using rule 53 (iteration_statement -> BOX compound_statement PUSH CORNER expression APEX STOP .)
    TELEMETRY       reduce using rule 53 (iteration_statement -> BOX compound_statement PUSH CORNER expression APEX STOP .)
    CHECKERED_FLAG  reduce using rule 53 (iteration_statement -> BOX compound_statement PUSH CORNER expression APEX STOP .)
    GAP             reduce using rule 53 (iteration_statement -> BOX compound_statement PUSH CORNER expression APEX STOP .)
    REVERSE_GRID    reduce using rule 53 (iteration_statement -> BOX compound_statement PUSH CORNER expression APEX STOP .)
    REVERSE         reduce using rule 53 (iteration_statement -> BOX compound_statement PUSH CORNER expression APEX STOP .)
    CORNER          reduce using rule 53 (iteration_statement -> BOX compound_statement PUSH CORNER expression APEX STOP .)
    ID              reduce using rule 53 (iteration_statement -> BOX compound_statement PUSH CORNER expression APEX STOP .)
    SLIPSTREAM      reduce using rule 53 (iteration_statement -> BOX compound_statement PUSH CORNER expression APEX STOP .)
    POSITION        reduce using rule 53 (iteration_statement -> BOX compound_statement PUSH CORNER expression APEX STOP .)
    INT_LITERAL     reduce using rule 53 (iteration_statement -> BOX compound_statement PUSH CORNER expression APEX STOP .)
    FLOAT_LITERAL   reduce using rule 53 (iteration_statement -> BOX compound_statement PUSH CORNER expression APEX STOP .)
    STRING_LITERAL  reduce using rule 53 (iteration_statement -> BOX compound_statement PUSH CORNER expression APEX STOP .)
    CHAR_LITERAL    reduce using rule 53 (iteration_statement -> BOX compound_statement PUSH CORNER expression APEX STOP .)
    GREEN_LIGHT     reduce using rule 53 (iteration_statement -> BOX compound_statement PUSH CORNER expression APEX STOP .)
    RED_LIGHT       reduce using rule 53 (iteration_statement -> BOX compound_statement PUSH CORNER expression APEX STOP .)
    DNF             reduce using rule 53 (iteration_statement -> BOX compound_statement PUSH CORNER expression APEX STOP .)
    SECTOR          reduce using rule 53 (iteration_statement -> BOX compound_statement PUSH CORNER expression APEX STOP .)
    NO_DATA         reduce using rule 53 (iteration_statement -> BOX compound_statement PUSH CORNER expression APEX STOP .)


state 227

    (54) iteration_statement -> FORMATION_LAP CORNER for_init expression for_semi expression APEX . compound_statement
    (21) compound_statement -> . GARAGE block_item_list READY
    (22) compound_statement -> . GARAGE READY
    (40) compound_statement -> . GARAGE error READY

    GARAGE          shift and go to state 20

    compound_statement             shift and go to state 232

state 228

    (55) iteration_statement -> FORMATION_LAP CORNER for_init expression for_semi APEX compound_statement .

    READY           reduce using rule 55 (iteration_statement -> FORMATION_LAP CORNER for_init expression for_semi APEX compound_statement .)
    error           reduce using rule 55 (iteration_statement -> FORMATION_LAP CORNER for_init expression for_semi APEX compound_statement .)
    VSC             reduce using rule 55 (iteration_statement -> FORMATION_LAP CORNER for_init expression for_semi APEX compound_statement .)
    LAP             reduce using rule 55 (iteration_statement -> FORMATION_LAP CORNER for_init expression for_semi APEX compound_statement .)
    SPLIT           reduce using rule 55 (iteration_statement -> FORMATION_LAP CORNER for_init expression for_semi APEX compound_statement .)
    PITBOARD        reduce using rule 55 (iteration_statement -> FORMATION_LAP CORNER for_init expression for_semi APEX compound_statement .)
    YELLOW_FLAG     reduce using rule 55 (iteration_statement -> FORMATION_LAP CORNER for_init expression for_semi APEX compound_statement .)
    RADIO           reduce using rule 55 (iteration_statement -> FORMATION_LAP CORNER for_init expression for_semi APEX compound_statement .)
    STOP            reduce using rule 55 (iteration_statement -> FORMATION_LAP CORNER for_init expression for_semi APEX compound_statement .)
    GARAGE          reduce using rule 55 (iteration_statement -> FORMATION_LAP CORNER for_init expression for_semi APEX compound_statement .)
    STRATEGY_CHECK  reduce using rule 55 (iteration_statement -> FORMATION_LAP CORNER for_init expression for_semi APEX compound_statement .)
    GAP_CHECK       reduce using rule 55 (iteration_statement -> FORMATION_LAP CORNER for_init expression for_semi APEX compound_statement .)
    PITWALL         reduce using rule 55 (iteration_statement -> FORMATION_LAP CORNER for_init expression for_semi APEX compound_statement .)
    PUSH            reduce using rule 55 (iteration_statement -> FORMATION_LAP CORNER for_init expression for_semi APEX compound_statement .)
    BOX             reduce using rule 55 (iteration_statement -> FORMATION_LAP CORNER for_init expression for_semi APEX compound_statement .)
    FORMATION_LAP   reduce using rule 55 (iteration_statement -> FORMATION_LAP CORNER for_init expression for_semi APEX compound_statement .)
    PODIO           reduce using rule 55 (iteration_statement -> FORMATION_LAP CORNER for_init expression for_semi APEX compound_statement .)
    BOX_BOX         reduce using rule 55 (iteration_statement -> FORMATION_LAP CORNER for_init expression for_semi APEX compound_statement .)
    DRS             reduce using rule 55 (iteration_statement -> FORMATION_LAP CORNER for_init expression for_semi APEX compound_statement .)
    BROADCAST       reduce using rule 55 (iteration_statement -> FORMATION_LAP CORNER for_init expression for_semi APEX compound_statement .)
    TELEMETRY       reduce using rule 55 (iteration_statement -> FORMATION_LAP CORNER for_init expression for_semi APEX compound_statement .)
    CHECKERED_FLAG  reduce using rule 55 (iteration_statement -> FORMATION_LAP CORNER for_init expression for_semi APEX compound_statement .)
    GAP             reduce using rule 55 (iteration_statement -> FORMATION_LAP CORNER for_init expression for_semi APEX compound_statement .)
    REVERSE_GRID    reduce using rule 55 (iteration_statement -> FORMATION_LAP CORNER for_init expression for_semi APEX compound_statement .)
    REVERSE         reduce using rule 55 (iteration_statement -> FORMATION_LAP CORNER for_init expression for_semi APEX compound_statement .)
    CORNER          reduce using rule 55 (iteration_statement -> FORMATION_LAP CORNER for_init expression for_semi APEX compound_statement .)
    ID              reduce using rule 55 (iteration_statement -> FORMATION_LAP CORNER for_init expression for_semi APEX compound_statement .)
    SLIPSTREAM      reduce using rule 55 (iteration_statement -> FORMATION_LAP CORNER for_init expression for_semi APEX compound_statement .)
    POSITION        reduce using rule 55 (iteration_statement -> FORMATION_LAP CORNER for_init expression for_semi APEX compound_statement .)
    INT_LITERAL     reduce using rule 55 (iteration_statement -> FORMATION_LAP CORNER for_init expression for_semi APEX compound_statement .)
    FLOAT_LITERAL   reduce using rule 55 (iteration_statement -> FORMATION_LAP CORNER for_init expression for_semi APEX compound_statement .)
    STRING_LITERAL  reduce using rule 55 (iteration_statement -> FORMATION_LAP CORNER for_init expression for_semi APEX compound_statement .)
    CHAR_LITERAL    reduce using rule 55 (iteration_statement -> FORMATION_LAP CORNER for_init expression for_semi APEX compound_statement .)
    GREEN_LIGHT     reduce using rule 55 (iteration_statement -> FORMATION_LAP CORNER for_init expression for_semi APEX compound_statement .)
    RED_LIGHT       reduce using rule 55 (iteration_statement -> FORMATION_LAP CORNER for_init expression for_semi APEX compound_statement .)
    DNF             reduce using rule 55 (iteration_statement -> FORMATION_LAP CORNER for_init expression for_semi APEX compound_statement .)
    SECTOR          reduce using rule 55 (iteration_statement -> FORMATION_LAP CORNER for_init expression for_semi APEX compound_statement .)
    NO_DATA         reduce using rule 55 (iteration_statement -> FORMATION_LAP CORNER for_init expression for_semi APEX compound_statement .)


state 229

    (58) for_init -> type_specifier ID SETUP expression for_semi .

    GAP             reduce using rule 58 (for_init -> type_specifier ID SETUP expression for_semi .)
    REVERSE_GRID    reduce using rule 58 (for_init -> type_specifier ID SETUP expression for_semi .)
    REVERSE         reduce using rule 58 (for_init -> type_specifier ID SETUP expression for_semi .)
    CORNER          reduce using rule 58 (for_init -> type_specifier ID SETUP expression for_semi .)
    ID              reduce using rule 58 (for_init -> type_specifier ID SETUP expression for_semi .)
    SLIPSTREAM      reduce using rule 58 (for_init -> type_specifier ID SETUP expression for_semi .)
    POSITION        reduce using rule 58 (for_init -> type_specifier ID SETUP expression for_semi .)
    INT_LITERAL     reduce using rule 58 (for_init -> type_specifier ID SETUP expression for_semi .)
    FLOAT_LITERAL   reduce using rule 58 (for_init -> type_specifier ID SETUP expression for_semi .)
    STRING_LITERAL  reduce using rule 58 (for_init -> type_specifier ID SETUP expression for_semi .)
    CHAR_LITERAL    reduce using rule 58 (for_init -> type_specifier ID SETUP expression for_semi .)
    GREEN_LIGHT     reduce using rule 58 (for_init -> type_specifier ID SETUP expression for_semi .)
    RED_LIGHT       reduce using rule 58 (for_init -> type_specifier ID SETUP expression for_semi .)
    DNF             reduce using rule 58 (for_init -> type_specifier ID SETUP expression for_semi .)


state 230

    (50) case_item -> SECTOR expression MARSHALL . block_item_list
    (23) block_item_list -> . block_item
    (24) block_item_list -> . block_item_list block_item
    (25) block_item -> . declaration
    (26) block_item -> . statement
    (39) block_item -> . error STOP
    (27) declaration -> . type_specifier ID SETUP expression STOP
    (28) declaration -> . type_specifier ID STOP
    (29) declaration -> . VSC type_specifier ID SETUP expression STOP
    (30) statement -> . expression_statement
    (31) statement -> . compound_statement
    (32) statement -> . selection_statement
    (33) statement -> . iteration_statement
    (34) statement -> . jump_statement
    (35) statement -> . io_statement
    (36) statement -> . end_statement
    (16) type_specifier -> . LAP
    (17) type_specifier -> . SPLIT
    (18) type_specifier -> . PITBOARD
    (19) type_specifier -> . YELLOW_FLAG
    (20) type_specifier -> . RADIO
    (37) expression_statement -> . expression STOP
    (38) expression_statement -> . STOP
    (21) compound_statement -> . GARAGE block_item_list READY
    (22) compound_statement -> . GARAGE READY
    (40) compound_statement -> . GARAGE error READY
    (43) selection_statement -> . STRATEGY_CHECK CORNER expression APEX compound_statement
    (44) selection_statement -> . STRATEGY_CHECK CORNER expression APEX compound_statement STAY_OUT compound_statement
    (45) selection_statement -> . STRATEGY_CHECK CORNER expression APEX compound_statement STAY_OUT selection_statement
    (46) selection_statement -> . GAP_CHECK CORNER expression APEX GARAGE case_list READY
    (47) selection_statement -> . PITWALL CORNER expression APEX GARAGE case_list READY
    (52) iteration_statement -> . PUSH CORNER expression APEX compound_statement
    (53) iteration_statement -> . BOX compound_statement PUSH CORNER expression APEX STOP
    (54) iteration_statement -> . FORMATION_LAP CORNER for_init expression for_semi expression APEX compound_statement
    (55) iteration_statement -> . FORMATION_LAP CORNER for_init expression for_semi APEX compound_statement
    (56) iteration_statement -> . FORMATION_LAP CORNER for_semi for_semi APEX compound_statement
    (61) jump_statement -> . PODIO expression STOP
    (62) jump_statement -> . PODIO STOP
    (63) jump_statement -> . BOX_BOX STOP
    (64) jump_statement -> . DRS STOP
    (65) io_statement -> . BROADCAST CORNER expression APEX STOP
    (66) io_statement -> . TELEMETRY CORNER ID APEX STOP
    (67) end_statement -> . CHECKERED_FLAG STOP
    (68) expression -> . expression TOW expression
    (69) expression -> . expression GAP expression
    (70) expression -> . expression ERS expression
    (71) expression -> . expression STINT expression
    (72) expression -> . expression FUEL_DELTA expression
    (73) expression -> . expression DEAD_HEAT expression
    (74) expression -> . expression OUTLAP expression
    (75) expression -> . expression UNDERCUT expression
    (76) expression -> . expression OVERCUT expression
    (77) expression -> . expression UNDEREQ expression
    (78) expression -> . expression OVEREQ expression
    (79) expression -> . expression BOTH_TYRES expression
    (80) expression -> . expression EITHER_TYRE expression
    (81) expression -> . expression SAFETY expression
    (82) expression -> . expression OVERTAKE expression
    (83) expression -> . GAP expression
    (84) expression -> . REVERSE_GRID expression
    (85) expression -> . REVERSE expression
    (86) expression -> . CORNER expression APEX
    (87) expression -> . ID SETUP expression
    (88) expression -> . ID PITSTOW expression
    (89) expression -> . ID PITGAP expression
    (90) expression -> . ID PITERS expression
    (91) expression -> . ID PITSTINT expression
    (92) expression -> . ID FASTLAP
    (93) expression -> . ID DEGRADATION
    (94) expression -> . SLIPSTREAM expression
    (95) expression -> . POSITION expression
    (96) expression -> . ID CORNER argument_list APEX
    (97) expression -> . ID CORNER APEX
    (100) expression -> . ID
    (101) expression -> . INT_LITERAL
    (102) expression -> . FLOAT_LITERAL
    (103) expression -> . STRING_LITERAL
    (104) expression -> . CHAR_LITERAL
    (105) expression -> . GREEN_LIGHT
    (106) expression -> . RED_LIGHT
    (107) expression -> . DNF

    error           shift and go to state 72
    VSC             shift and go to state 31
    LAP             shift and go to state 14
    SPLIT           shift and go to state 15
    PITBOARD        shift and go to state 16
    YELLOW_FLAG     shift and go to state 17
    RADIO           shift and go to state 18
    STOP            shift and go to state 27
    GARAGE          shift and go to state 20
    STRATEGY_CHECK  shift and go to state 39
    GAP_CHECK       shift and go to state 41
    PITWALL         shift and go to state 42
    PUSH            shift and go to state 43
    BOX             shift and go to state 44
    FORMATION_LAP   shift and go to state 45
    PODIO           shift and go to state 46
    BOX_BOX         shift and go to state 47
    DRS             shift and go to state 48
    BROADCAST       shift and go to state 49
    TELEMETRY       shift and go to state 50
    CHECKERED_FLAG  shift and go to state 51
    GAP             shift and go to state 52
    REVERSE_GRID    shift and go to state 53
    REVERSE         shift and go to state 54
    CORNER          shift and go to state 40
    ID              shift and go to state 29
    SLIPSTREAM      shift and go to state 55
    POSITION        shift and go to state 56
    INT_LITERAL     shift and go to state 57
    FLOAT_LITERAL   shift and go to state 58
    STRING_LITERAL  shift and go to state 59
    CHAR_LITERAL    shift and go to state 60
    GREEN_LIGHT     shift and go to state 61
    RED_LIGHT       shift and go to state 62
    DNF             shift and go to state 63

    expression                     shift and go to state 30
    block_item_list                shift and go to state 233
    block_item                     shift and go to state 24
    declaration                    shift and go to state 25
    statement                      shift and go to state 26
    type_specifier                 shift and go to state 28
    expression_statement           shift and go to state 32
    compound_statement             shift and go to state 33
    selection_statement            shift and go to state 34
    iteration_statement            shift and go to state 35
    jump_statement                 shift and go to state 36
    io_statement                   shift and go to state 37
    end_statement                  shift and go to state 38

state 231

    (51) case_item -> NO_DATA MARSHALL block_item_list .
    (24) block_item_list -> block_item_list . block_item
    (25) block_item -> . declaration
    (26) block_item -> . statement
    (39) block_item -> . error STOP
    (27) declaration -> . type_specifier ID SETUP expression STOP
    (28) declaration -> . type_specifier ID STOP
    (29) declaration -> . VSC type_specifier ID SETUP expression STOP
    (30) statement -> . expression_statement
    (31) statement -> . compound_statement
    (32) statement -> . selection_statement
    (33) statement -> . iteration_statement
    (34) statement -> . jump_statement
    (35) statement -> . io_statement
    (36) statement -> . end_statement
    (16) type_specifier -> . LAP
    (17) type_specifier -> . SPLIT
    (18) type_specifier -> . PITBOARD
    (19) type_specifier -> . YELLOW_FLAG
    (20) type_specifier -> . RADIO
    (37) expression_statement -> . expression STOP
    (38) expression_statement -> . STOP
    (21) compound_statement -> . GARAGE block_item_list READY
    (22) compound_statement -> . GARAGE READY
    (40) compound_statement -> . GARAGE error READY
    (43) selection_statement -> . STRATEGY_CHECK CORNER expression APEX compound_statement
    (44) selection_statement -> . STRATEGY_CHECK CORNER expression APEX compound_statement STAY_OUT compound_statement
    (45) selection_statement -> . STRATEGY_CHECK CORNER expression APEX compound_statement STAY_OUT selection_statement
    (46) selection_statement -> . GAP_CHECK CORNER expression APEX GARAGE case_list READY
    (47) selection_statement -> . PITWALL CORNER expression APEX GARAGE case_list READY
    (52) iteration_statement -> . PUSH CORNER expression APEX compound_statement
    (53) iteration_statement -> . BOX compound_statement PUSH CORNER expression APEX STOP
    (54) iteration_statement -> . FORMATION_LAP CORNER for_init expression for_semi expression APEX compound_statement
    (55) iteration_statement -> . FORMATION_LAP CORNER for_init expression for_semi APEX compound_statement
    (56) iteration_statement -> . FORMATION_LAP CORNER for_semi for_semi APEX compound_statement
    (61) jump_statement -> . PODIO expression STOP
    (62) jump_statement -> . PODIO STOP
    (63) jump_statement -> . BOX_BOX STOP
    (64) jump_statement -> . DRS STOP
    (65) io_statement -> . BROADCAST CORNER expression APEX STOP
    (66) io_statement -> . TELEMETRY CORNER ID APEX STOP
    (67) end_statement -> . CHECKERED_FLAG STOP
    (68) expression -> . expression TOW expression
    (69) expression -> . expression GAP expression
    (70) expression -> . expression ERS expression
    (71) expression -> . expression STINT expression
    (72) expression -> . expression FUEL_DELTA expression
    (73) expression -> . expression DEAD_HEAT expression
    (74) expression -> . expression OUTLAP expression
    (75) expression -> . expression UNDERCUT expression
    (76) expression -> . expression OVERCUT expression
    (77) expression -> . expression UNDEREQ expression
    (78) expression -> . expression OVEREQ expression
    (79) expression -> . expression BOTH_TYRES expression
    (80) expression -> . expression EITHER_TYRE expression
    (81) expression -> . expression SAFETY expression
    (82) expression -> . expression OVERTAKE expression
    (83) expression -> . GAP expression
    (84) expression -> . REVERSE_GRID expression
    (85) expression -> . REVERSE expression
    (86) expression -> . CORNER expression APEX
    (87) expression -> . ID SETUP expression
    (88) expression -> . ID PITSTOW expression
    (89) expression -> . ID PITGAP expression
    (90) expression -> . ID PITERS expression
    (91) expression -> . ID PITSTINT expression
    (92) expression -> . ID FASTLAP
    (93) expression -> . ID DEGRADATION
    (94) expression -> . SLIPSTREAM expression
    (95) expression -> . POSITION expression
    (96) expression -> . ID CORNER argument_list APEX
    (97) expression -> . ID CORNER APEX
    (100) expression -> . ID
    (101) expression -> . INT_LITERAL
    (102) expression -> . FLOAT_LITERAL
    (103) expression -> . STRING_LITERAL
    (104) expression -> . CHAR_LITERAL
    (105) expression -> . GREEN_LIGHT
    (106) expression -> . RED_LIGHT
    (107) expression -> . DNF

    READY           reduce using rule 51 (case_item -> NO_DATA MARSHALL block_item_list .)
    SECTOR          reduce using rule 51 (case_item -> NO_DATA MARSHALL block_item_list .)
    NO_DATA         reduce using rule 51 (case_item -> NO_DATA MARSHALL block_item_list .)
    error           shift and go to state 72
    VSC             shift and go to state 31
    LAP             shift and go to state 14
    SPLIT           shift and go to state 15
    PITBOARD        shift and go to state 16
    YELLOW_FLAG     shift and go to state 17
    RADIO           shift and go to state 18
    STOP            shift and go to state 27
    GARAGE          shift and go to state 20
    STRATEGY_CHECK  shift and go to state 39
    GAP_CHECK       shift and go to state 41
    PITWALL         shift and go to state 42
    PUSH            shift and go to state 43
    BOX             shift and go to state 44
    FORMATION_LAP   shift and go to state 45
    PODIO           shift and go to state 46
    BOX_BOX         shift and go to state 47
    DRS             shift and go to state 48
    BROADCAST       shift and go to state 49
    TELEMETRY       shift and go to state 50
    CHECKERED_FLAG  shift and go to state 51
    GAP             shift and go to state 52
    REVERSE_GRID    shift and go to state 53
    REVERSE         shift and go to state 54
    CORNER          shift and go to state 40
    ID              shift and go to state 29
    SLIPSTREAM      shift and go to state 55
    POSITION        shift and go to state 56
    INT_LITERAL     shift and go to state 57
    FLOAT_LITERAL   shift and go to state 58
    STRING_LITERAL  shift and go to state 59
    CHAR_LITERAL    shift and go to state 60
    GREEN_LIGHT     shift and go to state 61
    RED_LIGHT       shift and go to state 62
    DNF             shift and go to state 63

    block_item                     shift and go to state 71
    declaration                    shift and go to state 25
    statement                      shift and go to state 26
    type_specifier                 shift and go to state 28
    expression                     shift and go to state 30
    expression_statement           shift and go to state 32
    compound_statement             shift and go to state 33
    selection_statement            shift and go to state 34
    iteration_statement            shift and go to state 35
    jump_statement                 shift and go to state 36
    io_statement                   shift and go to state 37
    end_statement                  shift and go to state 38

state 232

    (54) iteration_statement -> FORMATION_LAP CORNER for_init expression for_semi expression APEX compound_statement .

    READY           reduce using rule 54 (iteration_statement -> FORMATION_LAP CORNER for_init expression for_semi expression APEX compound_statement .)
    error           reduce using rule 54 (iteration_statement -> FORMATION_LAP CORNER for_init expression for_semi expression APEX compound_statement .)
    VSC             reduce using rule 54 (iteration_statement -> FORMATION_LAP CORNER for_init expression for_semi expression APEX compound_statement .)
    LAP             reduce using rule 54 (iteration_statement -> FORMATION_LAP CORNER for_init expression for_semi expression APEX compound_statement .)
    SPLIT           reduce using rule 54 (iteration_statement -> FORMATION_LAP CORNER for_init expression for_semi expression APEX compound_statement .)
    PITBOARD        reduce using rule 54 (iteration_statement -> FORMATION_LAP CORNER for_init expression for_semi expression APEX compound_statement .)
    YELLOW_FLAG     reduce using rule 54 (iteration_statement -> FORMATION_LAP CORNER for_init expression for_semi expression APEX compound_statement .)
    RADIO           reduce using rule 54 (iteration_statement -> FORMATION_LAP CORNER for_init expression for_semi expression APEX compound_statement .)
    STOP            reduce using rule 54 (iteration_statement -> FORMATION_LAP CORNER for_init expression for_semi expression APEX compound_statement .)
    GARAGE          reduce using rule 54 (iteration_statement -> FORMATION_LAP CORNER for_init expression for_semi expression APEX compound_statement .)
    STRATEGY_CHECK  reduce using rule 54 (iteration_statement -> FORMATION_LAP CORNER for_init expression for_semi expression APEX compound_statement .)
    GAP_CHECK       reduce using rule 54 (iteration_statement -> FORMATION_LAP CORNER for_init expression for_semi expression APEX compound_statement .)
    PITWALL         reduce using rule 54 (iteration_statement -> FORMATION_LAP CORNER for_init expression for_semi expression APEX compound_statement .)
    PUSH            reduce using rule 54 (iteration_statement -> FORMATION_LAP CORNER for_init expression for_semi expression APEX compound_statement .)
    BOX             reduce using rule 54 (iteration_statement -> FORMATION_LAP CORNER for_init expression for_semi expression APEX compound_statement .)
    FORMATION_LAP   reduce using rule 54 (iteration_statement -> FORMATION_LAP CORNER for_init expression for_semi expression APEX compound_statement .)
    PODIO           reduce using rule 54 (iteration_statement -> FORMATION_LAP CORNER for_init expression for_semi expression APEX compound_statement .)
    BOX_BOX         reduce using rule 54 (iteration_statement -> FORMATION_LAP CORNER for_init expression for_semi expression APEX compound_statement .)
    DRS             reduce using rule 54 (iteration_statement -> FORMATION_LAP CORNER for_init expression for_semi expression APEX compound_statement .)
    BROADCAST       reduce using rule 54 (iteration_statement -> FORMATION_LAP CORNER for_init expression for_semi expression APEX compound_statement .)
    TELEMETRY       reduce using rule 54 (iteration_statement -> FORMATION_LAP CORNER for_init expression for_semi expression APEX compound_statement .)
    CHECKERED_FLAG  reduce using rule 54 (iteration_statement -> FORMATION_LAP CORNER for_init expression for_semi expression APEX compound_statement .)
    GAP             reduce using rule 54 (iteration_statement -> FORMATION_LAP CORNER for_init expression for_semi expression APEX compound_statement .)
    REVERSE_GRID    reduce using rule 54 (iteration_statement -> FORMATION_LAP CORNER for_init expression for_semi expression APEX compound_statement .)
    REVERSE         reduce using rule 54 (iteration_statement -> FORMATION_LAP CORNER for_init expression for_semi expression APEX compound_statement .)
    CORNER          reduce using rule 54 (iteration_statement -> FORMATION_LAP CORNER for_init expression for_semi expression APEX compound_statement .)
    ID              reduce using rule 54 (iteration_statement -> FORMATION_LAP CORNER for_init expression for_semi expression APEX compound_statement .)
    SLIPSTREAM      reduce using rule 54 (iteration_statement -> FORMATION_LAP CORNER for_init expression for_semi expression APEX compound_statement .)
    POSITION        reduce using rule 54 (iteration_statement -> FORMATION_LAP CORNER for_init expression for_semi expression APEX compound_statement .)
    INT_LITERAL     reduce using rule 54 (iteration_statement -> FORMATION_LAP CORNER for_init expression for_semi expression APEX compound_statement .)
    FLOAT_LITERAL   reduce using rule 54 (iteration_statement -> FORMATION_LAP CORNER for_init expression for_semi expression APEX compound_statement .)
    STRING_LITERAL  reduce using rule 54 (iteration_statement -> FORMATION_LAP CORNER for_init expression for_semi expression APEX compound_statement .)
    CHAR_LITERAL    reduce using rule 54 (iteration_statement -> FORMATION_LAP CORNER for_init expression for_semi expression APEX compound_statement .)
    GREEN_LIGHT     reduce using rule 54 (iteration_statement -> FORMATION_LAP CORNER for_init expression for_semi expression APEX compound_statement .)
    RED_LIGHT       reduce using rule 54 (iteration_statement -> FORMATION_LAP CORNER for_init expression for_semi expression APEX compound_statement .)
    DNF             reduce using rule 54 (iteration_statement -> FORMATION_LAP CORNER for_init expression for_semi expression APEX compound_statement .)
    SECTOR          reduce using rule 54 (iteration_statement -> FORMATION_LAP CORNER for_init expression for_semi expression APEX compound_statement .)
    NO_DATA         reduce using rule 54 (iteration_statement -> FORMATION_LAP CORNER for_init expression for_semi expression APEX compound_statement .)


state 233

    (50) case_item -> SECTOR expression MARSHALL block_item_list .
    (24) block_item_list -> block_item_list . block_item
    (25) block_item -> . declaration
    (26) block_item -> . statement
    (39) block_item -> . error STOP
    (27) declaration -> . type_specifier ID SETUP expression STOP
    (28) declaration -> . type_specifier ID STOP
    (29) declaration -> . VSC type_specifier ID SETUP expression STOP
    (30) statement -> . expression_statement
    (31) statement -> . compound_statement
    (32) statement -> . selection_statement
    (33) statement -> . iteration_statement
    (34) statement -> . jump_statement
    (35) statement -> . io_statement
    (36) statement -> . end_statement
    (16) type_specifier -> . LAP
    (17) type_specifier -> . SPLIT
    (18) type_specifier -> . PITBOARD
    (19) type_specifier -> . YELLOW_FLAG
    (20) type_specifier -> . RADIO
    (37) expression_statement -> . expression STOP
    (38) expression_statement -> . STOP
    (21) compound_statement -> . GARAGE block_item_list READY
    (22) compound_statement -> . GARAGE READY
    (40) compound_statement -> . GARAGE error READY
    (43) selection_statement -> . STRATEGY_CHECK CORNER expression APEX compound_statement
    (44) selection_statement -> . STRATEGY_CHECK CORNER expression APEX compound_statement STAY_OUT compound_statement
    (45) selection_statement -> . STRATEGY_CHECK CORNER expression APEX compound_statement STAY_OUT selection_statement
    (46) selection_statement -> . GAP_CHECK CORNER expression APEX GARAGE case_list READY
    (47) selection_statement -> . PITWALL CORNER expression APEX GARAGE case_list READY
    (52) iteration_statement -> . PUSH CORNER expression APEX compound_statement
    (53) iteration_statement -> . BOX compound_statement PUSH CORNER expression APEX STOP
    (54) iteration_statement -> . FORMATION_LAP CORNER for_init expression for_semi expression APEX compound_statement
    (55) iteration_statement -> . FORMATION_LAP CORNER for_init expression for_semi APEX compound_statement
    (56) iteration_statement -> . FORMATION_LAP CORNER for_semi for_semi APEX compound_statement
    (61) jump_statement -> . PODIO expression STOP
    (62) jump_statement -> . PODIO STOP
    (63) jump_statement -> . BOX_BOX STOP
    (64) jump_statement -> . DRS STOP
    (65) io_statement -> . BROADCAST CORNER expression APEX STOP
    (66) io_statement -> . TELEMETRY CORNER ID APEX STOP
    (67) end_statement -> . CHECKERED_FLAG STOP
    (68) expression -> . expression TOW expression
    (69) expression -> . expression GAP expression
    (70) expression -> . expression ERS expression
    (71) expression -> . expression STINT expression
    (72) expression -> . expression FUEL_DELTA expression
    (73) expression -> . expression DEAD_HEAT expression
    (74) expression -> . expression OUTLAP expression
    (75) expression -> . expression UNDERCUT expression
    (76) expression -> . expression OVERCUT expression
    (77) expression -> . expression UNDEREQ expression
    (78) expression -> . expression OVEREQ expression
    (79) expression -> . expression BOTH_TYRES expression
    (80) expression -> . expression EITHER_TYRE expression
    (81) expression -> . expression SAFETY expression
    (82) expression -> . expression OVERTAKE expression
    (83) expression -> . GAP expression
    (84) expression -> . REVERSE_GRID expression
    (85) expression -> . REVERSE expression
    (86) expression -> . CORNER expression APEX
    (87) expression -> . ID SETUP expression
    (88) expression -> . ID PITSTOW expression
    (89) expression -> . ID PITGAP expression
    (90) expression -> . ID PITERS expression
    (91) expression -> . ID PITSTINT expression
    (92) expression -> . ID FASTLAP
    (93) expression -> . ID DEGRADATION
    (94) expression -> . SLIPSTREAM expression
    (95) expression -> . POSITION expression
    (96) expression -> . ID CORNER argument_list APEX
    (97) expression -> . ID CORNER APEX
    (100) expression -> . ID
    (101) expression -> . INT_LITERAL
    (102) expression -> . FLOAT_LITERAL
    (103) expression -> . STRING_LITERAL
    (104) expression -> . CHAR_LITERAL
    (105) expression -> . GREEN_LIGHT
    (106) expression -> . RED_LIGHT
    (107) expression -> . DNF

    READY           reduce using rule 50 (case_item -> SECTOR expression MARSHALL block_item_list .)
    SECTOR          reduce using rule 50 (case_item -> SECTOR expression MARSHALL block_item_list .)
    NO_DATA         reduce using rule 50 (case_item -> SECTOR expression MARSHALL block_item_list .)
    error           shift and go to state 72
    VSC             shift and go to state 31
    LAP             shift and go to state 14
    SPLIT           shift and go to state 15
    PITBOARD        shift and go to state 16
    YELLOW_FLAG     shift and go to state 17
    RADIO           shift and go to state 18
    STOP            shift and go to state 27
    GARAGE          shift and go to state 20
    STRATEGY_CHECK  shift and go to state 39
    GAP_CHECK       shift and go to state 41
    PITWALL         shift and go to state 42
    PUSH            shift and go to state 43
    BOX             shift and go to state 44
    FORMATION_LAP   shift and go to state 45
    PODIO           shift and go to state 46
    BOX_BOX         shift and go to state 47
    DRS             shift and go to state 48
    BROADCAST       shift and go to state 49
    TELEMETRY       shift and go to state 50
    CHECKERED_FLAG  shift and go to state 51
    GAP             shift and go to state 52
    REVERSE_GRID    shift and go to state 53
    REVERSE         shift and go to state 54
    CORNER          shift and go to state 40
    ID              shift and go to state 29
    SLIPSTREAM      shift and go to state 55
    POSITION        shift and go to state 56
    INT_LITERAL     shift and go to state 57
    FLOAT_LITERAL   shift and go to state 58
    STRING_LITERAL  shift and go to state 59
    CHAR_LITERAL    shift and go to state 60
    GREEN_LIGHT     shift and go to state 61
    RED_LIGHT       shift and go to state 62
    DNF             shift and go to state 63

    expression                     shift and go to state 30
    block_item                     shift and go to state 71
    declaration                    shift and go to state 25
    statement                      shift and go to state 26
    type_specifier                 shift and go to state 28
    expression_statement           shift and go to state 32
    compound_statement             shift and go to state 33
    selection_statement            shift and go to state 34
    iteration_statement            shift and go to state 35
    jump_statement                 shift and go to state 36
    io_statement                   shift and go to state 37
    end_statement                  shift and go to state 38
WARNING: 
WARNING: Conflicts:
WARNING: 
WARNING: shift/reduce conflict for TOW in state 126 resolved as shift
WARNING: shift/reduce conflict for GAP in state 126 resolved as shift
WARNING: shift/reduce conflict for ERS in state 126 resolved as shift
WARNING: shift/reduce conflict for STINT in state 126 resolved as shift
WARNING: shift/reduce conflict for FUEL_DELTA in state 126 resolved as shift
WARNING: shift/reduce conflict for DEAD_HEAT in state 126 resolved as shift
WARNING: shift/reduce conflict for OUTLAP in state 126 resolved as shift
WARNING: shift/reduce conflict for UNDERCUT in state 126 resolved as shift
WARNING: shift/reduce conflict for OVERCUT in state 126 resolved as shift
WARNING: shift/reduce conflict for UNDEREQ in state 126 resolved as shift
WARNING: shift/reduce conflict for OVEREQ in state 126 resolved as shift
WARNING: shift/reduce conflict for BOTH_TYRES in state 126 resolved as shift
WARNING: shift/reduce conflict for EITHER_TYRE in state 126 resolved as shift
WARNING: shift/reduce conflict for SAFETY in state 126 resolved as shift
WARNING: shift/reduce conflict for OVERTAKE in state 126 resolved as shift
WARNING: shift/reduce conflict for TOW in state 127 resolved as shift
WARNING: shift/reduce conflict for GAP in state 127 resolved as shift
WARNING: shift/reduce conflict for ERS in state 127 resolved as shift
WARNING: shift/reduce conflict for STINT in state 127 resolved as shift
WARNING: shift/reduce conflict for FUEL_DELTA in state 127 resolved as shift
WARNING: shift/reduce conflict for DEAD_HEAT in state 127 resolved as shift
WARNING: shift/reduce conflict for OUTLAP in state 127 resolved as shift
WARNING: shift/reduce conflict for UNDERCUT in state 127 resolved as shift
WARNING: shift/reduce conflict for OVERCUT in state 127 resolved as shift
WARNING: shift/reduce conflict for UNDEREQ in state 127 resolved as shift
WARNING: shift/reduce conflict for OVEREQ in state 127 resolved as shift
WARNING: shift/reduce conflict for BOTH_TYRES in state 127 resolved as shift
WARNING: shift/reduce conflict for EITHER_TYRE in state 127 resolved as shift
WARNING: shift/reduce conflict for SAFETY in state 127 resolved as shift
WARNING: shift/reduce conflict for OVERTAKE in state 127 resolved as shift
WARNING: shift/reduce conflict for TOW in state 128 resolved as shift
WARNING: shift/reduce conflict for GAP in state 128 resolved as shift
WARNING: shift/reduce conflict for ERS in state 128 resolved as shift
WARNING: shift/reduce conflict for STINT in state 128 resolved as shift
WARNING: shift/reduce conflict for FUEL_DELTA in state 128 resolved as shift
WARNING: shift/reduce conflict for DEAD_HEAT in state 128 resolved as shift
WARNING: shift/reduce conflict for OUTLAP in state 128 resolved as shift
WARNING: shift/reduce conflict for UNDERCUT in state 128 resolved as shift
WARNING: shift/reduce conflict for OVERCUT in state 128 resolved as shift
WARNING: shift/reduce conflict for UNDEREQ in state 128 resolved as shift
WARNING: shift/reduce conflict for OVEREQ in state 128 resolved as shift
WARNING: shift/reduce conflict for BOTH_TYRES in state 128 resolved as shift
WARNING: shift/reduce conflict for EITHER_TYRE in state 128 resolved as shift
WARNING: shift/reduce conflict for SAFETY in state 128 resolved as shift
WARNING: shift/reduce conflict for OVERTAKE in state 128 resolved as shift
WARNING: shift/reduce conflict for TOW in state 129 resolved as shift
WARNING: shift/reduce conflict for GAP in state 129 resolved as shift
WARNING: shift/reduce conflict for ERS in state 129 resolved as shift
WARNING: shift/reduce conflict for STINT in state 129 resolved as shift
WARNING: shift/reduce conflict for FUEL_DELTA in state 129 resolved as shift
WARNING: shift/reduce conflict for DEAD_HEAT in state 129 resolved as shift
WARNING: shift/reduce conflict for OUTLAP in state 129 resolved as shift
WARNING: shift/reduce conflict for UNDERCUT in state 129 resolved as shift
WARNING: shift/reduce conflict for OVERCUT in state 129 resolved as shift
WARNING: shift/reduce conflict for UNDEREQ in state 129 resolved as shift
WARNING: shift/reduce conflict for OVEREQ in state 129 resolved as shift
WARNING: shift/reduce conflict for BOTH_TYRES in state 129 resolved as shift
WARNING: shift/reduce conflict for EITHER_TYRE in state 129 resolved as shift
WARNING: shift/reduce conflict for SAFETY in state 129 resolved as shift
WARNING: shift/reduce conflict for OVERTAKE in state 129 resolved as shift
WARNING: shift/reduce conflict for TOW in state 130 resolved as shift
WARNING: shift/reduce conflict for GAP in state 130 resolved as shift
WARNING: shift/reduce conflict for ERS in state 130 resolved as shift
WARNING: shift/reduce conflict for STINT in state 130 resolved as shift
WARNING: shift/reduce conflict for FUEL_DELTA in state 130 resolved as shift
WARNING: shift/reduce conflict for DEAD_HEAT in state 130 resolved as shift
WARNING: shift/reduce conflict for OUTLAP in state 130 resolved as shift
WARNING: shift/reduce conflict for UNDERCUT in state 130 resolved as shift
WARNING: shift/reduce conflict for OVERCUT in state 130 resolved as shift
WARNING: shift/reduce conflict for UNDEREQ in state 130 resolved as shift
WARNING: shift/reduce conflict for OVEREQ in state 130 resolved as shift
WARNING: shift/reduce conflict for BOTH_TYRES in state 130 resolved as shift
WARNING: shift/reduce conflict for EITHER_TYRE in state 130 resolved as shift
WARNING: shift/reduce conflict for SAFETY in state 130 resolved as shift
WARNING: shift/reduce conflict for OVERTAKE in state 130 resolved as shift
